{"type":"FeatureCollection","features":[{"type":"Feature","id":"PH1303901001","properties":{"psgc":"PH1303901001","brgy":"Barangay 1","city":"City of Manila","cityPsgc":"PH1303901","cLng":120.96711,"cLat":14.60411},"geometry":{"type":"Polygon","coordinates":[[[120.9655,14.60621],[120.96838,14.60365],[120.96745,14.60248],[120.9655,14.60621]]]}},{"type":"Feature","id":"PH1303901002","properties":{"psgc":"PH1303901002","brgy":"Barangay 2","city":"City of Manila","cityPsgc":"PH1303901","cLng":120.96763,"cLat":14.6047},"geometry":{"type":"Polygon","coordinates":[[[120.96568,14.60632],[120.96882,14.60412],[120.96838,14.60365],[120.96568,14.60632]]]}},{"type":"Feature","id":"PH1303901003","properties":{"psgc":"PH1303901003","brgy":"Barangay 3","city":"City of Manila","cityPsgc":"PH1303901","cLng":120.96835,"cLat":14.60534},"geometry":{"type":"Polygon","coordinates":[[[120.96654,14.60685],[120.9697,14.60505],[120.96882,14.60412],[120.96654,14.60685]]]}},{"type":"Feature","id":"PH1303901004","properties":{"psgc":"PH1303901004","brgy":"Barangay 4","city":"City of Manila","cityPsgc":"PH1303901","cLng":120.96604,"cLat":14.60696},"geometry":{"type":"Polygon","coordinates":[[[120.96545,14.6074],[120.96717,14.60727],[120.9655,14.60621],[120.96545,14.6074]]]}},{"type":"Feature","id":"PH1303901005","properties":{"psgc":"PH1303901005","brgy":"Barangay 5","city":"City of Manila","cityPsgc":"PH1303901","cLng":120.96589,"cLat":14.60788},"geometry":{"type":"Polygon","coordinates":[[[120.96548,14.60853],[120.9667,14.60772],[120.96545,14.6074],[120.96548,14.60853]]]}},{"type":"Feature","id":"PH1303901006","properties":{"psgc":"PH1303901006","brgy":"Barangay 6","city":"City of Manila","cityPsgc":"PH1303901","cLng":120.96858,"cLat":14.60875},"geometry":{"type":"Polygon","coordinates":[[[120.96745,14.60824],[120.96912,14.60962],[120.96917,14.60838],[120.96745,14.60824]]]}},{"type":"Feature","id":"PH1303901007","properties":{"psgc":"PH1303901007","brgy":"Barangay 7","city":"City of Manila","cityPsgc":"PH1303901","cLng":120.96918,"cLat":14.60591},"geometry":{"type":"Polygon","coordinates":[[[120.96749,14.60698],[120.97034,14.60569],[120.9697,14.60505],[120.96749,14.60698]]]}},{"type":"Feature","id":"PH1303901008","properties":{"psgc":"PH1303901008","brgy":"Barangay 8","city":"City of Manila","cityPsgc":"PH1303901","cLng":120.97038,"cLat":14.60832},"geometry":{"type":"Polygon","coordinates":[[[120.96925,14.60782],[120.97149,14.60929],[120.97039,14.60784],[120.96925,14.60782]]]}},{"type":"Feature","id":"PH1303901009","properties":{"psgc":"PH1303901009","brgy":"Barangay 9","city":"City of Manila","cityPsgc":"PH1303901","cLng":120.96991,"cLat":14.607},"geometry":{"type":"Polygon","coordinates":[[[120.96925,14.60782],[120.97051,14.60673],[120.96993,14.60646],[120.96925,14.60782]]]}},{"type":"Feature","id":"PH1303901010","properties":{"psgc":"PH1303901010","brgy":"Barangay 10","city":"City of Manila","cityPsgc":"PH1303901","cLng":120.97039,"cLat":14.60601},"geometry":{"type":"Polygon","coordinates":[[[120.96993,14.60646],[120.97086,14.60589],[120.97034,14.60569],[120.96993,14.60646]]]}},{"type":"Feature","id":"PH1303901011","properties":{"psgc":"PH1303901011","brgy":"Barangay 11","city":"City of Manila","cityPsgc":"PH1303901","cLng":120.96514,"cLat":14.60152},"geometry":{"type":"Polygon","coordinates":[[[120.9645,14.60182],[120.96635,14.60135],[120.96454,14.60139],[120.9645,14.60182]]]}},{"type":"Feature","id":"PH1303901012","properties":{"psgc":"PH1303901012","brgy":"Barangay 12","city":"City of Manila","cityPsgc":"PH1303901","cLng":120.9652,"cLat":14.60083},"geometry":{"type":"Polygon","coordinates":[[[120.96454,14.60139],[120.96635,14.60135],[120.96471,14.59974],[120.96454,14.60139]]]}},{"type":"Feature","id":"PH1303901013","properties":{"psgc":"PH1303901013","brgy":"Barangay 13","city":"City of Manila","cityPsgc":"PH1303901","cLng":120.96561,"cLat":14.60286},"geometry":{"type":"Polygon","coordinates":[[[120.96517,14.60332],[120.96625,14.60253],[120.9654,14.60272],[120.96517,14.60332]]]}},{"type":"Feature","id":"PH1303901014","properties":{"psgc":"PH1303901014","brgy":"Barangay 14","city":"City of Manila","cityPsgc":"PH1303901","cLng":120.96614,"cLat":14.60253},"geometry":{"type":"Polygon","coordinates":[[[120.96681,14.60316],[120.96597,14.60186],[120.96564,14.60257],[120.96681,14.60316]]]}},{"type":"Feature","id":"PH1303901015","properties":{"psgc":"PH1303901015","brgy":"Barangay 15","city":"City of Manila","cityPsgc":"PH1303901","cLng":120.96476,"cLat":14.60276},"geometry":{"type":"Polygon","coordinates":[[[120.96444,14.60311],[120.96539,14.60265],[120.96442,14.60253],[120.96444,14.60311]]]}},{"type":"Feature","id":"PH1303901016","properties":{"psgc":"PH1303901016","brgy":"Barangay 16","city":"City of Manila","cityPsgc":"PH1303901","cLng":120.96494,"cLat":14.60215},"geometry":{"type":"Polygon","coordinates":[[[120.96442,14.60253],[120.96588,14.60211],[120.9645,14.60182],[120.96442,14.60253]]]}},{"type":"Feature","id":"PH1303901017","properties":{"psgc":"PH1303901017","brgy":"Barangay 17","city":"City of Manila","cityPsgc":"PH1303901","cLng":120.96345,"cLat":14.6015},"geometry":{"type":"Polygon","coordinates":[[[120.96288,14.60174],[120.96454,14.60139],[120.96292,14.60136],[120.96288,14.60174]]]}},{"type":"Feature","id":"PH1303901018","properties":{"psgc":"PH1303901018","brgy":"Barangay 18","city":"City of Manila","cityPsgc":"PH1303901","cLng":120.96406,"cLat":14.60056},"geometry":{"type":"Polygon","coordinates":[[[120.96293,14.60054],[120.96454,14.60139],[120.96471,14.59974],[120.96293,14.60054]]]}},{"type":"Feature","id":"PH1303901019","properties":{"psgc":"PH1303901019","brgy":"Barangay 19","city":"City of Manila","cityPsgc":"PH1303901","cLng":120.96339,"cLat":14.60211},"geometry":{"type":"Polygon","coordinates":[[[120.96279,14.60267],[120.96449,14.60193],[120.96288,14.60174],[120.96279,14.60267]]]}},{"type":"Feature","id":"PH1303901020","properties":{"psgc":"PH1303901020","brgy":"Barangay 20","city":"City of Manila","cityPsgc":"PH1303901","cLng":120.94754,"cLat":14.60011},"geometry":{"type":"Polygon","coordinates":[[[120.944,14.61786],[120.95655,14.6005],[120.96471,14.59974],[120.94337,14.59477],[120.9328,14.6029],[120.95421,14.60111],[120.944,14.61786]]]}},{"type":"Feature","id":"PH1303901025","properties":{"psgc":"PH1303901025","brgy":"Barangay 25","city":"City of Manila","cityPsgc":"PH1303901","cLng":120.96531,"cLat":14.60378},"geometry":{"type":"Polygon","coordinates":[[[120.96464,14.60451],[120.96635,14.60356],[120.96494,14.60327],[120.96464,14.60451]]]}},{"type":"Feature","id":"PH1303901026","properties":{"psgc":"PH1303901026","brgy":"Barangay 26","city":"City of Manila","cityPsgc":"PH1303901","cLng":120.96498,"cLat":14.60501},"geometry":{"type":"Polygon","coordinates":[[[120.96435,14.60562],[120.96593,14.6049],[120.96464,14.60451],[120.96435,14.60562]]]}},{"type":"Feature","id":"PH1303901028","properties":{"psgc":"PH1303901028","brgy":"Barangay 28","city":"City of Manila","cityPsgc":"PH1303901","cLng":120.96308,"cLat":14.60344},"geometry":{"type":"Polygon","coordinates":[[[120.96265,14.60479],[120.96383,14.60285],[120.96279,14.60267],[120.96265,14.60479]]]}},{"type":"Feature","id":"PH1303901029","properties":{"psgc":"PH1303901029","brgy":"Barangay 29","city":"City of Manila","cityPsgc":"PH1303901","cLng":120.95958,"cLat":14.6029},"geometry":{"type":"Polygon","coordinates":[[[120.95813,14.60421],[120.96279,14.60267],[120.95781,14.60181],[120.95813,14.60421]]]}},{"type":"Feature","id":"PH1303901030","properties":{"psgc":"PH1303901030","brgy":"Barangay 30","city":"City of Manila","cityPsgc":"PH1303901","cLng":120.9608,"cLat":14.6037},"geometry":{"type":"Polygon","coordinates":[[[120.96015,14.60401],[120.96203,14.60362],[120.96019,14.60346],[120.96015,14.60401]]]}},{"type":"Feature","id":"PH1303901031","properties":{"psgc":"PH1303901031","brgy":"Barangay 31","city":"City of Manila","cityPsgc":"PH1303901","cLng":120.96382,"cLat":14.60447},"geometry":{"type":"Polygon","coordinates":[[[120.96325,14.60508],[120.96468,14.60431],[120.96355,14.60401],[120.96325,14.60508]]]}},{"type":"Feature","id":"PH1303901032","properties":{"psgc":"PH1303901032","brgy":"Barangay 32","city":"City of Manila","cityPsgc":"PH1303901","cLng":120.9641,"cLat":14.60338},"geometry":{"type":"Polygon","coordinates":[[[120.96355,14.60401],[120.96494,14.60327],[120.96383,14.60285],[120.96355,14.60401]]]}},{"type":"Feature","id":"PH1303901033","properties":{"psgc":"PH1303901033","brgy":"Barangay 33","city":"City of Manila","cityPsgc":"PH1303901","cLng":120.96346,"cLat":14.60589},"geometry":{"type":"Polygon","coordinates":[[[120.96279,14.60698],[120.96435,14.60562],[120.96325,14.60508],[120.96279,14.60698]]]}},{"type":"Feature","id":"PH1303901034","properties":{"psgc":"PH1303901034","brgy":"Barangay 34","city":"City of Manila","cityPsgc":"PH1303901","cLng":120.9628,"cLat":14.60562},"geometry":{"type":"Polygon","coordinates":[[[120.96246,14.60698],[120.96325,14.60508],[120.96265,14.60479],[120.96246,14.60698]]]}},{"type":"Feature","id":"PH1303901035","properties":{"psgc":"PH1303901035","brgy":"Barangay 35","city":"City of Manila","cityPsgc":"PH1303901","cLng":120.96461,"cLat":14.60619},"geometry":{"type":"Polygon","coordinates":[[[120.96398,14.60674],[120.9655,14.60621],[120.96435,14.60562],[120.96398,14.60674]]]}},{"type":"Feature","id":"PH1303901036","properties":{"psgc":"PH1303901036","brgy":"Barangay 36","city":"City of Manila","cityPsgc":"PH1303901","cLng":120.96453,"cLat":14.60719},"geometry":{"type":"Polygon","coordinates":[[[120.96372,14.60784],[120.96544,14.60724],[120.96545,14.60684],[120.96398,14.60674],[120.96372,14.60784]]]}},{"type":"Feature","id":"PH1303901037","properties":{"psgc":"PH1303901037","brgy":"Barangay 37","city":"City of Manila","cityPsgc":"PH1303901","cLng":120.96205,"cLat":14.60705},"geometry":{"type":"Polygon","coordinates":[[[120.96169,14.60794],[120.96249,14.60663],[120.96201,14.6066],[120.96169,14.60794]]]}},{"type":"Feature","id":"PH1303901038","properties":{"psgc":"PH1303901038","brgy":"Barangay 38","city":"City of Manila","cityPsgc":"PH1303901","cLng":120.96219,"cLat":14.60531},"geometry":{"type":"Polygon","coordinates":[[[120.96186,14.60646],[120.96265,14.60479],[120.96205,14.60469],[120.96186,14.60646]]]}},{"type":"Feature","id":"PH1303901039","properties":{"psgc":"PH1303901039","brgy":"Barangay 39","city":"City of Manila","cityPsgc":"PH1303901","cLng":120.95937,"cLat":14.60517},"geometry":{"type":"Polygon","coordinates":[[[120.95792,14.60662],[120.96205,14.60469],[120.95813,14.60421],[120.95792,14.60662]]]}},{"type":"Feature","id":"PH1303901041","properties":{"psgc":"PH1303901041","brgy":"Barangay 41","city":"City of Manila","cityPsgc":"PH1303901","cLng":120.96292,"cLat":14.60751},"geometry":{"type":"Polygon","coordinates":[[[120.96246,14.60698],[120.96298,14.60854],[120.9633,14.607],[120.96246,14.60698]]]}},{"type":"Feature","id":"PH1303901042","properties":{"psgc":"PH1303901042","brgy":"Barangay 42","city":"City of Manila","cityPsgc":"PH1303901","cLng":120.96332,"cLat":14.6079},"geometry":{"type":"Polygon","coordinates":[[[120.96278,14.60959],[120.96389,14.60712],[120.9633,14.607],[120.96278,14.60959]]]}},{"type":"Feature","id":"PH1303901043","properties":{"psgc":"PH1303901043","brgy":"Barangay 43","city":"City of Manila","cityPsgc":"PH1303901","cLng":120.96185,"cLat":14.60847},"geometry":{"type":"Polygon","coordinates":[[[120.9616,14.60949],[120.96237,14.608],[120.96159,14.60793],[120.9616,14.60949]]]}},{"type":"Feature","id":"PH1303901044","properties":{"psgc":"PH1303901044","brgy":"Barangay 44","city":"City of Manila","cityPsgc":"PH1303901","cLng":120.95906,"cLat":14.60813},"geometry":{"type":"Polygon","coordinates":[[[120.95776,14.60859],[120.96159,14.60793],[120.95782,14.60786],[120.95776,14.60859]]]}},{"type":"Feature","id":"PH1303901045","properties":{"psgc":"PH1303901045","brgy":"Barangay 45","city":"City of Manila","cityPsgc":"PH1303901","cLng":120.96509,"cLat":14.60766},"geometry":{"type":"Polygon","coordinates":[[[120.96439,14.6072],[120.96548,14.60853],[120.96544,14.60724],[120.96439,14.6072]]]}},{"type":"Feature","id":"PH1303901046","properties":{"psgc":"PH1303901046","brgy":"Barangay 46","city":"City of Manila","cityPsgc":"PH1303901","cLng":120.96378,"cLat":14.60846},"geometry":{"type":"Polygon","coordinates":[[[120.9633,14.60964],[120.96433,14.6079],[120.96372,14.60784],[120.9633,14.60964]]]}},{"type":"Feature","id":"PH1303901047","properties":{"psgc":"PH1303901047","brgy":"Barangay 47","city":"City of Manila","cityPsgc":"PH1303901","cLng":120.96504,"cLat":14.60905},"geometry":{"type":"Polygon","coordinates":[[[120.96416,14.60972],[120.96668,14.60877],[120.96427,14.60866],[120.96416,14.60972]]]}},{"type":"Feature","id":"PH1303901048","properties":{"psgc":"PH1303901048","brgy":"Barangay 48","city":"City of Manila","cityPsgc":"PH1303901","cLng":120.97112,"cLat":14.60815},"geometry":{"type":"Polygon","coordinates":[[[120.97131,14.60892],[120.97164,14.6076],[120.97043,14.60792],[120.97131,14.60892]]]}},{"type":"Feature","id":"PH1303901049","properties":{"psgc":"PH1303901049","brgy":"Barangay 49","city":"City of Manila","cityPsgc":"PH1303901","cLng":120.97097,"cLat":14.60687},"geometry":{"type":"Polygon","coordinates":[[[120.9704,14.60711],[120.97164,14.6076],[120.97086,14.60589],[120.9704,14.60711]]]}},{"type":"Feature","id":"PH1303901050","properties":{"psgc":"PH1303901050","brgy":"Barangay 50","city":"City of Manila","cityPsgc":"PH1303901","cLng":120.97204,"cLat":14.61316},"geometry":{"type":"Polygon","coordinates":[[[120.97189,14.61463],[120.97281,14.61228],[120.97143,14.61257],[120.97189,14.61463]]]}},{"type":"Feature","id":"PH1303901051","properties":{"psgc":"PH1303901051","brgy":"Barangay 51","city":"City of Manila","cityPsgc":"PH1303901","cLng":120.9716,"cLat":14.61019},"geometry":{"type":"Polygon","coordinates":[[[120.97123,14.61211],[120.97208,14.60918],[120.97149,14.60929],[120.97123,14.61211]]]}},{"type":"Feature","id":"PH1303901052","properties":{"psgc":"PH1303901052","brgy":"Barangay 52","city":"City of Manila","cityPsgc":"PH1303901","cLng":120.97146,"cLat":14.61444},"geometry":{"type":"Polygon","coordinates":[[[120.97094,14.61571],[120.97207,14.61552],[120.97138,14.6121],[120.97094,14.61571]]]}},{"type":"Feature","id":"PH1303901053","properties":{"psgc":"PH1303901053","brgy":"Barangay 53","city":"City of Manila","cityPsgc":"PH1303901","cLng":120.97246,"cLat":14.61499},"geometry":{"type":"Polygon","coordinates":[[[120.97219,14.61603],[120.97327,14.61431],[120.97189,14.61463],[120.97219,14.61603]]]}},{"type":"Feature","id":"PH1303901054","properties":{"psgc":"PH1303901054","brgy":"Barangay 54","city":"City of Manila","cityPsgc":"PH1303901","cLng":120.97277,"cLat":14.61644},"geometry":{"type":"Polygon","coordinates":[[[120.97254,14.61756],[120.97359,14.61572],[120.97219,14.61603],[120.97254,14.61756]]]}},{"type":"Feature","id":"PH1303901055","properties":{"psgc":"PH1303901055","brgy":"Barangay 55","city":"City of Manila","cityPsgc":"PH1303901","cLng":120.97185,"cLat":14.61626},"geometry":{"type":"Polygon","coordinates":[[[120.97094,14.61571],[120.97254,14.61756],[120.97207,14.61552],[120.97094,14.61571]]]}},{"type":"Feature","id":"PH1303901056","properties":{"psgc":"PH1303901056","brgy":"Barangay 56","city":"City of Manila","cityPsgc":"PH1303901","cLng":120.97065,"cLat":14.61011},"geometry":{"type":"Polygon","coordinates":[[[120.96912,14.60962],[120.97134,14.61143],[120.97149,14.60929],[120.96912,14.60962]]]}},{"type":"Feature","id":"PH1303901057","properties":{"psgc":"PH1303901057","brgy":"Barangay 57","city":"City of Manila","cityPsgc":"PH1303901","cLng":120.96852,"cLat":14.6104},"geometry":{"type":"Polygon","coordinates":[[[120.96858,14.61183],[120.96912,14.60962],[120.96786,14.60976],[120.96858,14.61183]]]}},{"type":"Feature","id":"PH1303901058","properties":{"psgc":"PH1303901058","brgy":"Barangay 58","city":"City of Manila","cityPsgc":"PH1303901","cLng":120.97066,"cLat":14.61201},"geometry":{"type":"Polygon","coordinates":[[[120.9695,14.6116],[120.97114,14.613],[120.97134,14.61143],[120.9695,14.6116]]]}},{"type":"Feature","id":"PH1303901059","properties":{"psgc":"PH1303901059","brgy":"Barangay 59","city":"City of Manila","cityPsgc":"PH1303901","cLng":120.96915,"cLat":14.61251},"geometry":{"type":"Polygon","coordinates":[[[120.96936,14.61411],[120.9695,14.6116],[120.96858,14.61183],[120.96936,14.61411]]]}},{"type":"Feature","id":"PH1303901060","properties":{"psgc":"PH1303901060","brgy":"Barangay 60","city":"City of Manila","cityPsgc":"PH1303901","cLng":120.97067,"cLat":14.6134},"geometry":{"type":"Polygon","coordinates":[[[120.96981,14.61318],[120.97106,14.61403],[120.97114,14.613],[120.96981,14.61318]]]}},{"type":"Feature","id":"PH1303901061","properties":{"psgc":"PH1303901061","brgy":"Barangay 61","city":"City of Manila","cityPsgc":"PH1303901","cLng":120.97037,"cLat":14.61529},"geometry":{"type":"Polygon","coordinates":[[[120.97069,14.61773],[120.97106,14.61403],[120.96936,14.61411],[120.97069,14.61773]]]}},{"type":"Feature","id":"PH1303901062","properties":{"psgc":"PH1303901062","brgy":"Barangay 62","city":"City of Manila","cityPsgc":"PH1303901","cLng":120.9677,"cLat":14.6109},"geometry":{"type":"Polygon","coordinates":[[[120.9666,14.61087],[120.96838,14.61125],[120.96814,14.61057],[120.9666,14.61087]]]}},{"type":"Feature","id":"PH1303901063","properties":{"psgc":"PH1303901063","brgy":"Barangay 63","city":"City of Manila","cityPsgc":"PH1303901","cLng":120.96778,"cLat":14.61187},"geometry":{"type":"Polygon","coordinates":[[[120.96768,14.61284],[120.96838,14.61125],[120.96725,14.61153],[120.96768,14.61284]]]}},{"type":"Feature","id":"PH1303901064","properties":{"psgc":"PH1303901064","brgy":"Barangay 64","city":"City of Manila","cityPsgc":"PH1303901","cLng":120.96751,"cLat":14.61009},"geometry":{"type":"Polygon","coordinates":[[[120.96652,14.60994],[120.96814,14.61057],[120.96786,14.60976],[120.96652,14.60994]]]}},{"type":"Feature","id":"PH1303901065","properties":{"psgc":"PH1303901065","brgy":"Barangay 65","city":"City of Manila","cityPsgc":"PH1303901","cLng":120.9682,"cLat":14.61316},"geometry":{"type":"Polygon","coordinates":[[[120.96812,14.61417],[120.96879,14.61248],[120.96768,14.61284],[120.96812,14.61417]]]}},{"type":"Feature","id":"PH1303901066","properties":{"psgc":"PH1303901066","brgy":"Barangay 66","city":"City of Manila","cityPsgc":"PH1303901","cLng":120.96514,"cLat":14.61326},"geometry":{"type":"Polygon","coordinates":[[[120.96343,14.61313],[120.966,14.61376],[120.966,14.6129],[120.96343,14.61313]]]}},{"type":"Feature","id":"PH1303901067","properties":{"psgc":"PH1303901067","brgy":"Barangay 67","city":"City of Manila","cityPsgc":"PH1303901","cLng":120.96455,"cLat":14.61404},"geometry":{"type":"Polygon","coordinates":[[[120.96442,14.61426],[120.966,14.61376],[120.96322,14.61411],[120.96442,14.61426]]]}},{"type":"Feature","id":"PH1303901068","properties":{"psgc":"PH1303901068","brgy":"Barangay 68","city":"City of Manila","cityPsgc":"PH1303901","cLng":120.96545,"cLat":14.61282},"geometry":{"type":"Polygon","coordinates":[[[120.96431,14.613],[120.966,14.6129],[120.96601,14.61257],[120.96431,14.613]]]}},{"type":"Feature","id":"PH1303901069","properties":{"psgc":"PH1303901069","brgy":"Barangay 69","city":"City of Manila","cityPsgc":"PH1303901","cLng":120.96511,"cLat":14.61021},"geometry":{"type":"Polygon","coordinates":[[[120.96419,14.60972],[120.9655,14.61106],[120.96562,14.60985],[120.96419,14.60972]]]}},{"type":"Feature","id":"PH1303901070","properties":{"psgc":"PH1303901070","brgy":"Barangay 70","city":"City of Manila","cityPsgc":"PH1303901","cLng":120.96518,"cLat":14.61141},"geometry":{"type":"Polygon","coordinates":[[[120.96445,14.61126],[120.96564,14.61191],[120.9655,14.61106],[120.96445,14.61126]]]}},{"type":"Feature","id":"PH1303901071","properties":{"psgc":"PH1303901071","brgy":"Barangay 71","city":"City of Manila","cityPsgc":"PH1303901","cLng":120.9656,"cLat":14.61075},"geometry":{"type":"Polygon","coordinates":[[[120.96467,14.61245],[120.96652,14.60994],[120.96562,14.60985],[120.96467,14.61245]]]}},{"type":"Feature","id":"PH1303901072","properties":{"psgc":"PH1303901072","brgy":"Barangay 72","city":"City of Manila","cityPsgc":"PH1303901","cLng":120.96315,"cLat":14.61054},"geometry":{"type":"Polygon","coordinates":[[[120.9628,14.61234],[120.9637,14.60967],[120.96296,14.60961],[120.9628,14.61234]]]}},{"type":"Feature","id":"PH1303901073","properties":{"psgc":"PH1303901073","brgy":"Barangay 73","city":"City of Manila","cityPsgc":"PH1303901","cLng":120.96383,"cLat":14.61004},"geometry":{"type":"Polygon","coordinates":[[[120.96355,14.61073],[120.96419,14.60972],[120.9637,14.60967],[120.96355,14.61073]]]}},{"type":"Feature","id":"PH1303901074","properties":{"psgc":"PH1303901074","brgy":"Barangay 74","city":"City of Manila","cityPsgc":"PH1303901","cLng":120.96653,"cLat":14.61314},"geometry":{"type":"Polygon","coordinates":[[[120.96601,14.61257],[120.96685,14.61446],[120.96673,14.61239],[120.96601,14.61257]]]}},{"type":"Feature","id":"PH1303901075","properties":{"psgc":"PH1303901075","brgy":"Barangay 75","city":"City of Manila","cityPsgc":"PH1303901","cLng":120.96744,"cLat":14.61291},"geometry":{"type":"Polygon","coordinates":[[[120.96673,14.61239],[120.96812,14.61417],[120.96746,14.61218],[120.96673,14.61239]]]}},{"type":"Feature","id":"PH1303901076","properties":{"psgc":"PH1303901076","brgy":"Barangay 76","city":"City of Manila","cityPsgc":"PH1303901","cLng":120.96733,"cLat":14.61474},"geometry":{"type":"Polygon","coordinates":[[[120.96698,14.61558],[120.96812,14.61417],[120.96685,14.61446],[120.96698,14.61558]]]}},{"type":"Feature","id":"PH1303901077","properties":{"psgc":"PH1303901077","brgy":"Barangay 77","city":"City of Manila","cityPsgc":"PH1303901","cLng":120.96754,"cLat":14.61566},"geometry":{"type":"Polygon","coordinates":[[[120.9672,14.61626],[120.96844,14.61514],[120.96698,14.61558],[120.9672,14.61626]]]}},{"type":"Feature","id":"PH1303901078","properties":{"psgc":"PH1303901078","brgy":"Barangay 78","city":"City of Manila","cityPsgc":"PH1303901","cLng":120.9686,"cLat":14.61435},"geometry":{"type":"Polygon","coordinates":[[[120.96844,14.61514],[120.96923,14.61374],[120.96812,14.61417],[120.96844,14.61514]]]}},{"type":"Feature","id":"PH1303901079","properties":{"psgc":"PH1303901079","brgy":"Barangay 79","city":"City of Manila","cityPsgc":"PH1303901","cLng":120.96549,"cLat":14.61587},"geometry":{"type":"Polygon","coordinates":[[[120.96469,14.61568],[120.96583,14.61623],[120.96594,14.61569],[120.96469,14.61568]]]}},{"type":"Feature","id":"PH1303901080","properties":{"psgc":"PH1303901080","brgy":"Barangay 80","city":"City of Manila","cityPsgc":"PH1303901","cLng":120.96511,"cLat":14.61516},"geometry":{"type":"Polygon","coordinates":[[[120.96469,14.61568],[120.96597,14.61484],[120.96466,14.61495],[120.96469,14.61568]]]}},{"type":"Feature","id":"PH1303901081","properties":{"psgc":"PH1303901081","brgy":"Barangay 81","city":"City of Manila","cityPsgc":"PH1303901","cLng":120.96624,"cLat":14.61505},"geometry":{"type":"Polygon","coordinates":[[[120.96586,14.61608],[120.96685,14.61446],[120.96598,14.61461],[120.96586,14.61608]]]}},{"type":"Feature","id":"PH1303901082","properties":{"psgc":"PH1303901082","brgy":"Barangay 82","city":"City of Manila","cityPsgc":"PH1303901","cLng":120.96678,"cLat":14.6163},"geometry":{"type":"Polygon","coordinates":[[[120.96586,14.61608],[120.96742,14.61692],[120.96709,14.6159],[120.96586,14.61608]]]}},{"type":"Feature","id":"PH1303901083","properties":{"psgc":"PH1303901083","brgy":"Barangay 83","city":"City of Manila","cityPsgc":"PH1303901","cLng":120.96627,"cLat":14.61826},"geometry":{"type":"Polygon","coordinates":[[[120.96576,14.61862],[120.96764,14.61762],[120.96541,14.61855],[120.96576,14.61862]]]}},{"type":"Feature","id":"PH1303901084","properties":{"psgc":"PH1303901084","brgy":"Barangay 84","city":"City of Manila","cityPsgc":"PH1303901","cLng":120.96697,"cLat":14.61756},"geometry":{"type":"Polygon","coordinates":[[[120.96764,14.61762],[120.96742,14.61692],[120.96585,14.61814],[120.96764,14.61762]]]}},{"type":"Feature","id":"PH1303901085","properties":{"psgc":"PH1303901085","brgy":"Barangay 85","city":"City of Manila","cityPsgc":"PH1303901","cLng":120.9651,"cLat":14.61693},"geometry":{"type":"Polygon","coordinates":[[[120.96449,14.61838],[120.96583,14.61623],[120.96496,14.61617],[120.96449,14.61838]]]}},{"type":"Feature","id":"PH1303901086","properties":{"psgc":"PH1303901086","brgy":"Barangay 86","city":"City of Manila","cityPsgc":"PH1303901","cLng":120.96932,"cLat":14.61675},"geometry":{"type":"Polygon","coordinates":[[[120.96911,14.6177],[120.97003,14.61609],[120.96882,14.61647],[120.96911,14.6177]]]}},{"type":"Feature","id":"PH1303901087","properties":{"psgc":"PH1303901087","brgy":"Barangay 87","city":"City of Manila","cityPsgc":"PH1303901","cLng":120.96846,"cLat":14.61703},"geometry":{"type":"Polygon","coordinates":[[[120.96742,14.61692],[120.96911,14.6177],[120.96882,14.61647],[120.96742,14.61692]]]}},{"type":"Feature","id":"PH1303901088","properties":{"psgc":"PH1303901088","brgy":"Barangay 88","city":"City of Manila","cityPsgc":"PH1303901","cLng":120.96926,"cLat":14.61512},"geometry":{"type":"Polygon","coordinates":[[[120.96844,14.61514],[120.96978,14.61545],[120.96956,14.61478],[120.96844,14.61514]]]}},{"type":"Feature","id":"PH1303901089","properties":{"psgc":"PH1303901089","brgy":"Barangay 89","city":"City of Manila","cityPsgc":"PH1303901","cLng":120.96776,"cLat":14.61633},"geometry":{"type":"Polygon","coordinates":[[[120.96742,14.61692],[120.96866,14.6158],[120.9672,14.61626],[120.96742,14.61692]]]}},{"type":"Feature","id":"PH1303901090","properties":{"psgc":"PH1303901090","brgy":"Barangay 90","city":"City of Manila","cityPsgc":"PH1303901","cLng":120.96908,"cLat":14.61591},"geometry":{"type":"Polygon","coordinates":[[[120.96882,14.61647],[120.96978,14.61545],[120.96866,14.6158],[120.96882,14.61647]]]}},{"type":"Feature","id":"PH1303901091","properties":{"psgc":"PH1303901091","brgy":"Barangay 91","city":"City of Manila","cityPsgc":"PH1303901","cLng":120.96895,"cLat":14.61841},"geometry":{"type":"Polygon","coordinates":[[[120.96732,14.61819],[120.96902,14.61977],[120.97052,14.61727],[120.96732,14.61819]]]}},{"type":"Feature","id":"PH1303901092","properties":{"psgc":"PH1303901092","brgy":"Barangay 92","city":"City of Manila","cityPsgc":"PH1303901","cLng":120.96623,"cLat":14.61875},"geometry":{"type":"Polygon","coordinates":[[[120.9656,14.61944],[120.96732,14.61819],[120.96576,14.61862],[120.9656,14.61944]]]}},{"type":"Feature","id":"PH1303901093","properties":{"psgc":"PH1303901093","brgy":"Barangay 93","city":"City of Manila","cityPsgc":"PH1303901","cLng":120.96615,"cLat":14.62004},"geometry":{"type":"Polygon","coordinates":[[[120.96531,14.62095],[120.96754,14.61974],[120.9656,14.61944],[120.96531,14.62095]]]}},{"type":"Feature","id":"PH1303901094","properties":{"psgc":"PH1303901094","brgy":"Barangay 94","city":"City of Manila","cityPsgc":"PH1303901","cLng":120.96662,"cLat":14.6219},"geometry":{"type":"Polygon","coordinates":[[[120.96531,14.62095],[120.9671,14.62336],[120.96744,14.62138],[120.96531,14.62095]]]}},{"type":"Feature","id":"PH1303901095","properties":{"psgc":"PH1303901095","brgy":"Barangay 95","city":"City of Manila","cityPsgc":"PH1303901","cLng":120.96477,"cLat":14.61917},"geometry":{"type":"Polygon","coordinates":[[[120.96394,14.62049],[120.96576,14.61862],[120.96461,14.6184],[120.96394,14.62049]]]}},{"type":"Feature","id":"PH1303901096","properties":{"psgc":"PH1303901096","brgy":"Barangay 96","city":"City of Manila","cityPsgc":"PH1303901","cLng":120.9636,"cLat":14.62364},"geometry":{"type":"Polygon","coordinates":[[[120.96245,14.62638],[120.96492,14.62247],[120.96344,14.62208],[120.96245,14.62638]]]}},{"type":"Feature","id":"PH1303901097","properties":{"psgc":"PH1303901097","brgy":"Barangay 97","city":"City of Manila","cityPsgc":"PH1303901","cLng":120.96424,"cLat":14.62112},"geometry":{"type":"Polygon","coordinates":[[[120.96344,14.62208],[120.96534,14.62079],[120.96394,14.62049],[120.96344,14.62208]]]}},{"type":"Feature","id":"PH1303901098","properties":{"psgc":"PH1303901098","brgy":"Barangay 98","city":"City of Manila","cityPsgc":"PH1303901","cLng":120.96215,"cLat":14.62748},"geometry":{"type":"Polygon","coordinates":[[[120.96169,14.62842],[120.96225,14.62762],[120.96245,14.62638],[120.96169,14.62842]]]}},{"type":"Feature","id":"PH1303901099","properties":{"psgc":"PH1303901099","brgy":"Barangay 99","city":"City of Manila","cityPsgc":"PH1303901","cLng":120.96261,"cLat":14.62736},"geometry":{"type":"Polygon","coordinates":[[[120.9628,14.62791],[120.96277,14.62654],[120.96225,14.62762],[120.9628,14.62791]]]}},{"type":"Feature","id":"PH1303901100","properties":{"psgc":"PH1303901100","brgy":"Barangay 100","city":"City of Manila","cityPsgc":"PH1303901","cLng":120.96041,"cLat":14.62255},"geometry":{"type":"Polygon","coordinates":[[[120.96004,14.62367],[120.96129,14.62187],[120.9599,14.6221],[120.96004,14.62367]]]}},{"type":"Feature","id":"PH1303901101","properties":{"psgc":"PH1303901101","brgy":"Barangay 101","city":"City of Manila","cityPsgc":"PH1303901","cLng":120.96062,"cLat":14.627},"geometry":{"type":"Polygon","coordinates":[[[120.95933,14.62926],[120.96245,14.62638],[120.96008,14.62536],[120.95933,14.62926]]]}},{"type":"Feature","id":"PH1303901102","properties":{"psgc":"PH1303901102","brgy":"Barangay 102","city":"City of Manila","cityPsgc":"PH1303901","cLng":120.96204,"cLat":14.6227},"geometry":{"type":"Polygon","coordinates":[[[120.96137,14.62322],[120.96322,14.62274],[120.96154,14.62213],[120.96137,14.62322]]]}},{"type":"Feature","id":"PH1303901103","properties":{"psgc":"PH1303901103","brgy":"Barangay 103","city":"City of Manila","cityPsgc":"PH1303901","cLng":120.96212,"cLat":14.62149},"geometry":{"type":"Polygon","coordinates":[[[120.96125,14.6221],[120.96367,14.62138],[120.96144,14.62098],[120.96125,14.6221]]]}},{"type":"Feature","id":"PH1303901104","properties":{"psgc":"PH1303901104","brgy":"Barangay 104","city":"City of Manila","cityPsgc":"PH1303901","cLng":120.96239,"cLat":14.62029},"geometry":{"type":"Polygon","coordinates":[[[120.96144,14.62098],[120.96414,14.6199],[120.96158,14.61999],[120.96144,14.62098]]]}},{"type":"Feature","id":"PH1303901105","properties":{"psgc":"PH1303901105","brgy":"Barangay 105","city":"City of Manila","cityPsgc":"PH1303901","cLng":120.95903,"cLat":14.62171},"geometry":{"type":"Polygon","coordinates":[[[120.95545,14.61921],[120.96005,14.62592],[120.96158,14.61999],[120.95545,14.61921]]]}},{"type":"Feature","id":"PH1303901106","properties":{"psgc":"PH1303901106","brgy":"Barangay 106","city":"City of Manila","cityPsgc":"PH1303901","cLng":120.96109,"cLat":14.62438},"geometry":{"type":"Polygon","coordinates":[[[120.96008,14.62536],[120.96316,14.62412],[120.96004,14.62367],[120.96008,14.62536]]]}},{"type":"Feature","id":"PH1303901107","properties":{"psgc":"PH1303901107","brgy":"Barangay 107","city":"City of Manila","cityPsgc":"PH1303901","cLng":120.9585,"cLat":14.61831},"geometry":{"type":"Polygon","coordinates":[[[120.95646,14.61954],[120.96247,14.618],[120.95656,14.61739],[120.95646,14.61954]]]}},{"type":"Feature","id":"PH1303901108","properties":{"psgc":"PH1303901108","brgy":"Barangay 108","city":"City of Manila","cityPsgc":"PH1303901","cLng":120.96316,"cLat":14.61864},"geometry":{"type":"Polygon","coordinates":[[[120.96247,14.618],[120.96332,14.61969],[120.96369,14.61822],[120.96247,14.618]]]}},{"type":"Feature","id":"PH1303901109","properties":{"psgc":"PH1303901109","brgy":"Barangay 109","city":"City of Manila","cityPsgc":"PH1303901","cLng":120.96418,"cLat":14.61838},"geometry":{"type":"Polygon","coordinates":[[[120.9633,14.61911],[120.96448,14.61912],[120.96477,14.61691],[120.9633,14.61911]]]}},{"type":"Feature","id":"PH1303901110","properties":{"psgc":"PH1303901110","brgy":"Barangay 110","city":"City of Manila","cityPsgc":"PH1303901","cLng":120.95833,"cLat":14.61544},"geometry":{"type":"Polygon","coordinates":[[[120.95656,14.61739],[120.96164,14.61457],[120.95679,14.61437],[120.95656,14.61739]]]}},{"type":"Feature","id":"PH1303901111","properties":{"psgc":"PH1303901111","brgy":"Barangay 111","city":"City of Manila","cityPsgc":"PH1303901","cLng":120.96359,"cLat":14.61737},"geometry":{"type":"Polygon","coordinates":[[[120.96323,14.61814],[120.96429,14.61709],[120.96327,14.61689],[120.96323,14.61814]]]}},{"type":"Feature","id":"PH1303901112","properties":{"psgc":"PH1303901112","brgy":"Barangay 112","city":"City of Manila","cityPsgc":"PH1303901","cLng":120.96208,"cLat":14.61706},"geometry":{"type":"Polygon","coordinates":[[[120.96143,14.6178],[120.96328,14.61679],[120.96152,14.6166],[120.96143,14.6178]]]}},{"type":"Feature","id":"PH1303901116","properties":{"psgc":"PH1303901116","brgy":"Barangay 116","city":"City of Manila","cityPsgc":"PH1303901","cLng":120.96214,"cLat":14.61528},"geometry":{"type":"Polygon","coordinates":[[[120.96152,14.6166],[120.96327,14.61466],[120.96164,14.61457],[120.96152,14.6166]]]}},{"type":"Feature","id":"PH1303901117","properties":{"psgc":"PH1303901117","brgy":"Barangay 117","city":"City of Manila","cityPsgc":"PH1303901","cLng":120.96375,"cLat":14.61609},"geometry":{"type":"Polygon","coordinates":[[[120.96327,14.61689],[120.96469,14.61558],[120.96328,14.6158],[120.96327,14.61689]]]}},{"type":"Feature","id":"PH1303901118","properties":{"psgc":"PH1303901118","brgy":"Barangay 118","city":"City of Manila","cityPsgc":"PH1303901","cLng":120.96063,"cLat":14.6126},"geometry":{"type":"Polygon","coordinates":[[[120.95745,14.61179],[120.96164,14.61457],[120.96281,14.61143],[120.95745,14.61179]]]}},{"type":"Feature","id":"PH1303901119","properties":{"psgc":"PH1303901119","brgy":"Barangay 119","city":"City of Manila","cityPsgc":"PH1303901","cLng":120.96225,"cLat":14.61391},"geometry":{"type":"Polygon","coordinates":[[[120.96164,14.61457],[120.96339,14.61338],[120.96171,14.61378],[120.96164,14.61457]]]}},{"type":"Feature","id":"PH1303901120","properties":{"psgc":"PH1303901120","brgy":"Barangay 120","city":"City of Manila","cityPsgc":"PH1303901","cLng":120.96214,"cLat":14.6128},"geometry":{"type":"Polygon","coordinates":[[[120.96171,14.61378],[120.9628,14.61234],[120.96189,14.61228],[120.96171,14.61378]]]}},{"type":"Feature","id":"PH1303901121","properties":{"psgc":"PH1303901121","brgy":"Barangay 121","city":"City of Manila","cityPsgc":"PH1303901","cLng":120.9641,"cLat":14.61214},"geometry":{"type":"Polygon","coordinates":[[[120.9628,14.61234],[120.96506,14.61281],[120.96445,14.61126],[120.9628,14.61234]]]}},{"type":"Feature","id":"PH1303901122","properties":{"psgc":"PH1303901122","brgy":"Barangay 122","city":"City of Manila","cityPsgc":"PH1303901","cLng":120.96367,"cLat":14.61477},"geometry":{"type":"Polygon","coordinates":[[[120.96328,14.6158],[120.96442,14.61426],[120.9633,14.61425],[120.96328,14.6158]]]}},{"type":"Feature","id":"PH1303901123","properties":{"psgc":"PH1303901123","brgy":"Barangay 123","city":"City of Manila","cityPsgc":"PH1303901","cLng":120.96003,"cLat":14.61032},"geometry":{"type":"Polygon","coordinates":[[[120.95952,14.61151],[120.96296,14.60961],[120.95761,14.60984],[120.95952,14.61151]]]}},{"type":"Feature","id":"PH1303901124","properties":{"psgc":"PH1303901124","brgy":"Barangay 124","city":"City of Manila","cityPsgc":"PH1303901","cLng":120.96417,"cLat":14.63138},"geometry":{"type":"Polygon","coordinates":[[[120.96368,14.63193],[120.96477,14.63127],[120.9641,14.63095],[120.96368,14.63193]]]}},{"type":"Feature","id":"PH1303901125","properties":{"psgc":"PH1303901125","brgy":"Barangay 125","city":"City of Manila","cityPsgc":"PH1303901","cLng":120.9661,"cLat":14.63412},"geometry":{"type":"Polygon","coordinates":[[[120.96672,14.63512],[120.96605,14.63347],[120.96554,14.63377],[120.96672,14.63512]]]}},{"type":"Feature","id":"PH1303901126","properties":{"psgc":"PH1303901126","brgy":"Barangay 126","city":"City of Manila","cityPsgc":"PH1303901","cLng":120.96292,"cLat":14.63316},"geometry":{"type":"Polygon","coordinates":[[[120.96097,14.63599],[120.96506,14.63314],[120.96273,14.63035],[120.96097,14.63599]]]}},{"type":"Feature","id":"PH1303901127","properties":{"psgc":"PH1303901127","brgy":"Barangay 127","city":"City of Manila","cityPsgc":"PH1303901","cLng":120.96504,"cLat":14.63473},"geometry":{"type":"Polygon","coordinates":[[[120.96333,14.63592],[120.96672,14.63512],[120.96506,14.63314],[120.96333,14.63592]]]}},{"type":"Feature","id":"PH1303901128","properties":{"psgc":"PH1303901128","brgy":"Barangay 128","city":"City of Manila","cityPsgc":"PH1303901","cLng":120.95328,"cLat":14.63223},"geometry":{"type":"Polygon","coordinates":[[[120.95705,14.63333],[120.9614,14.62914],[120.94139,14.63423],[120.95705,14.63333]]]}},{"type":"Feature","id":"PH1303901129","properties":{"psgc":"PH1303901129","brgy":"Barangay 129","city":"City of Manila","cityPsgc":"PH1303901","cLng":120.96268,"cLat":14.62966},"geometry":{"type":"Polygon","coordinates":[[[120.96136,14.62969],[120.96528,14.63014],[120.9614,14.62914],[120.96136,14.62969]]]}},{"type":"Feature","id":"PH1303901130","properties":{"psgc":"PH1303901130","brgy":"Barangay 130","city":"City of Manila","cityPsgc":"PH1303901","cLng":120.96315,"cLat":14.62881},"geometry":{"type":"Polygon","coordinates":[[[120.96462,14.62986],[120.9628,14.62791],[120.96201,14.62866],[120.96462,14.62986]]]}},{"type":"Feature","id":"PH1303901131","properties":{"psgc":"PH1303901131","brgy":"Barangay 131","city":"City of Manila","cityPsgc":"PH1303901","cLng":120.96551,"cLat":14.6307},"geometry":{"type":"Polygon","coordinates":[[[120.96477,14.63127],[120.9665,14.6307],[120.96528,14.63014],[120.96477,14.63127]]]}},{"type":"Feature","id":"PH1303901132","properties":{"psgc":"PH1303901132","brgy":"Barangay 132","city":"City of Manila","cityPsgc":"PH1303901","cLng":120.96657,"cLat":14.62837},"geometry":{"type":"Polygon","coordinates":[[[120.96589,14.63041],[120.96755,14.62834],[120.96627,14.62637],[120.96589,14.63041]]]}},{"type":"Feature","id":"PH1303901133","properties":{"psgc":"PH1303901133","brgy":"Barangay 133","city":"City of Manila","cityPsgc":"PH1303901","cLng":120.96477,"cLat":14.62651},"geometry":{"type":"Polygon","coordinates":[[[120.9628,14.62791],[120.96627,14.62637],[120.96525,14.62524],[120.9628,14.62791]]]}},{"type":"Feature","id":"PH1303901134","properties":{"psgc":"PH1303901134","brgy":"Barangay 134","city":"City of Manila","cityPsgc":"PH1303901","cLng":120.96532,"cLat":14.62942},"geometry":{"type":"Polygon","coordinates":[[[120.96589,14.63041],[120.96546,14.62799],[120.96462,14.62986],[120.96589,14.63041]]]}},{"type":"Feature","id":"PH1303901135","properties":{"psgc":"PH1303901135","brgy":"Barangay 135","city":"City of Manila","cityPsgc":"PH1303901","cLng":120.9701,"cLat":14.63371},"geometry":{"type":"Polygon","coordinates":[[[120.96905,14.63289],[120.9706,14.63436],[120.97065,14.63388],[120.96905,14.63289]]]}},{"type":"Feature","id":"PH1303901136","properties":{"psgc":"PH1303901136","brgy":"Barangay 136","city":"City of Manila","cityPsgc":"PH1303901","cLng":120.96888,"cLat":14.6305},"geometry":{"type":"Polygon","coordinates":[[[120.96782,14.63236],[120.96963,14.62969],[120.9692,14.62945],[120.96782,14.63236]]]}},{"type":"Feature","id":"PH1303901137","properties":{"psgc":"PH1303901137","brgy":"Barangay 137","city":"City of Manila","cityPsgc":"PH1303901","cLng":120.96772,"cLat":14.62952},"geometry":{"type":"Polygon","coordinates":[[[120.96868,14.63048],[120.96755,14.62834],[120.96693,14.62974],[120.96868,14.63048]]]}},{"type":"Feature","id":"PH1303901138","properties":{"psgc":"PH1303901138","brgy":"Barangay 138","city":"City of Manila","cityPsgc":"PH1303901","cLng":120.96634,"cLat":14.63209},"geometry":{"type":"Polygon","coordinates":[[[120.96566,14.63252],[120.96729,14.63213],[120.96608,14.63161],[120.96566,14.63252]]]}},{"type":"Feature","id":"PH1303901139","properties":{"psgc":"PH1303901139","brgy":"Barangay 139","city":"City of Manila","cityPsgc":"PH1303901","cLng":120.96802,"cLat":14.63096},"geometry":{"type":"Polygon","coordinates":[[[120.96825,14.63143],[120.96814,14.63026],[120.96773,14.63121],[120.96825,14.63143]]]}},{"type":"Feature","id":"PH1303901140","properties":{"psgc":"PH1303901140","brgy":"Barangay 140","city":"City of Manila","cityPsgc":"PH1303901","cLng":120.96677,"cLat":14.63116},"geometry":{"type":"Polygon","coordinates":[[[120.96729,14.63213],[120.96693,14.62974],[120.96608,14.63161],[120.96729,14.63213]]]}},{"type":"Feature","id":"PH1303901141","properties":{"psgc":"PH1303901141","brgy":"Barangay 141","city":"City of Manila","cityPsgc":"PH1303901","cLng":120.96761,"cLat":14.6319},"geometry":{"type":"Polygon","coordinates":[[[120.96782,14.63236],[120.96773,14.63121],[120.96729,14.63213],[120.96782,14.63236]]]}},{"type":"Feature","id":"PH1303901142","properties":{"psgc":"PH1303901142","brgy":"Barangay 142","city":"City of Manila","cityPsgc":"PH1303901","cLng":120.96712,"cLat":14.63289},"geometry":{"type":"Polygon","coordinates":[[[120.96625,14.63419],[120.96782,14.63236],[120.96729,14.63213],[120.96625,14.63419]]]}},{"type":"Feature","id":"PH1303901143","properties":{"psgc":"PH1303901143","brgy":"Barangay 143","city":"City of Manila","cityPsgc":"PH1303901","cLng":120.97054,"cLat":14.63148},"geometry":{"type":"Polygon","coordinates":[[[120.97,14.63218],[120.97089,14.63159],[120.9707,14.63068],[120.97,14.63218]]]}},{"type":"Feature","id":"PH1303901144","properties":{"psgc":"PH1303901144","brgy":"Barangay 144","city":"City of Manila","cityPsgc":"PH1303901","cLng":120.96947,"cLat":14.63118},"geometry":{"type":"Polygon","coordinates":[[[120.97,14.63218],[120.96963,14.62969],[120.96879,14.63166],[120.97,14.63218]]]}},{"type":"Feature","id":"PH1303901145","properties":{"psgc":"PH1303901145","brgy":"Barangay 145","city":"City of Manila","cityPsgc":"PH1303901","cLng":120.96963,"cLat":14.6324},"geometry":{"type":"Polygon","coordinates":[[[120.96889,14.63283],[120.97063,14.63246],[120.96933,14.6319],[120.96889,14.63283]]]}},{"type":"Feature","id":"PH1303901146","properties":{"psgc":"PH1303901146","brgy":"Barangay 146","city":"City of Manila","cityPsgc":"PH1303901","cLng":120.96788,"cLat":14.63328},"geometry":{"type":"Polygon","coordinates":[[[120.96678,14.63459],[120.96905,14.63289],[120.96782,14.63236],[120.96678,14.63459]]]}},{"type":"Feature","id":"PH1303901147","properties":{"psgc":"PH1303901147","brgy":"Barangay 147","city":"City of Manila","cityPsgc":"PH1303901","cLng":120.97058,"cLat":14.6217},"geometry":{"type":"Polygon","coordinates":[[[120.9675,14.62191],[120.97226,14.62201],[120.97197,14.62118],[120.9675,14.62191]]]}},{"type":"Feature","id":"PH1303901148","properties":{"psgc":"PH1303901148","brgy":"Barangay 148","city":"City of Manila","cityPsgc":"PH1303901","cLng":120.97091,"cLat":14.6234},"geometry":{"type":"Polygon","coordinates":[[[120.96773,14.62428],[120.97275,14.6239],[120.97226,14.62201],[120.96773,14.62428]]]}},{"type":"Feature","id":"PH1303901149","properties":{"psgc":"PH1303901149","brgy":"Barangay 149","city":"City of Manila","cityPsgc":"PH1303901","cLng":120.97076,"cLat":14.62072},"geometry":{"type":"Polygon","coordinates":[[[120.97071,14.62158],[120.9716,14.62022],[120.96995,14.62035],[120.97071,14.62158]]]}},{"type":"Feature","id":"PH1303901150","properties":{"psgc":"PH1303901150","brgy":"Barangay 150","city":"City of Manila","cityPsgc":"PH1303901","cLng":120.96843,"cLat":14.62081},"geometry":{"type":"Polygon","coordinates":[[[120.9675,14.62191],[120.96995,14.62035],[120.96785,14.62017],[120.9675,14.62191]]]}},{"type":"Feature","id":"PH1303901151","properties":{"psgc":"PH1303901151","brgy":"Barangay 151","city":"City of Manila","cityPsgc":"PH1303901","cLng":120.97045,"cLat":14.61927},"geometry":{"type":"Polygon","coordinates":[[[120.96902,14.61977],[120.9716,14.62022],[120.97073,14.61782],[120.96902,14.61977]]]}},{"type":"Feature","id":"PH1303901152","properties":{"psgc":"PH1303901152","brgy":"Barangay 152","city":"City of Manila","cityPsgc":"PH1303901","cLng":120.9744,"cLat":14.62203},"geometry":{"type":"Polygon","coordinates":[[[120.9733,14.62155],[120.97504,14.62288],[120.97487,14.62167],[120.9733,14.62155]]]}},{"type":"Feature","id":"PH1303901153","properties":{"psgc":"PH1303901153","brgy":"Barangay 153","city":"City of Manila","cityPsgc":"PH1303901","cLng":120.97269,"cLat":14.6222},"geometry":{"type":"Polygon","coordinates":[[[120.97261,14.62326],[120.97329,14.62159],[120.97216,14.62174],[120.97261,14.62326]]]}},{"type":"Feature","id":"PH1303901154","properties":{"psgc":"PH1303901154","brgy":"Barangay 154","city":"City of Manila","cityPsgc":"PH1303901","cLng":120.97225,"cLat":14.61919},"geometry":{"type":"Polygon","coordinates":[[[120.97116,14.61898],[120.97294,14.62002],[120.97263,14.61858],[120.97116,14.61898]]]}},{"type":"Feature","id":"PH1303901155","properties":{"psgc":"PH1303901155","brgy":"Barangay 155","city":"City of Manila","cityPsgc":"PH1303901","cLng":120.97374,"cLat":14.62097},"geometry":{"type":"Polygon","coordinates":[[[120.97334,14.62155],[120.97474,14.62045],[120.97316,14.62092],[120.97334,14.62155]]]}},{"type":"Feature","id":"PH1303901156","properties":{"psgc":"PH1303901156","brgy":"Barangay 156","city":"City of Manila","cityPsgc":"PH1303901","cLng":120.97316,"cLat":14.61782},"geometry":{"type":"Polygon","coordinates":[[[120.97079,14.61799],[120.97442,14.61827],[120.97427,14.61721],[120.97079,14.61799]]]}},{"type":"Feature","id":"PH1303901157","properties":{"psgc":"PH1303901157","brgy":"Barangay 157","city":"City of Manila","cityPsgc":"PH1303901","cLng":120.97342,"cLat":14.61908},"geometry":{"type":"Polygon","coordinates":[[[120.97272,14.61873],[120.97426,14.61996],[120.97329,14.61854],[120.97272,14.61873]]]}},{"type":"Feature","id":"PH1303901158","properties":{"psgc":"PH1303901158","brgy":"Barangay 158","city":"City of Manila","cityPsgc":"PH1303901","cLng":120.97262,"cLat":14.62059},"geometry":{"type":"Polygon","coordinates":[[[120.9716,14.62022],[120.97331,14.62153],[120.97294,14.62002],[120.9716,14.62022]]]}},{"type":"Feature","id":"PH1303901159","properties":{"psgc":"PH1303901159","brgy":"Barangay 159","city":"City of Manila","cityPsgc":"PH1303901","cLng":120.97391,"cLat":14.61858},"geometry":{"type":"Polygon","coordinates":[[[120.97405,14.61901],[120.97442,14.61827],[120.97328,14.61845],[120.97405,14.61901]]]}},{"type":"Feature","id":"PH1303901160","properties":{"psgc":"PH1303901160","brgy":"Barangay 160","city":"City of Manila","cityPsgc":"PH1303901","cLng":120.9741,"cLat":14.62013},"geometry":{"type":"Polygon","coordinates":[[[120.97294,14.62002],[120.97474,14.62045],[120.97464,14.61993],[120.97294,14.62002]]]}},{"type":"Feature","id":"PH1303901161","properties":{"psgc":"PH1303901161","brgy":"Barangay 161","city":"City of Manila","cityPsgc":"PH1303901","cLng":120.97502,"cLat":14.62782},"geometry":{"type":"Polygon","coordinates":[[[120.97363,14.6276],[120.9758,14.62852],[120.97565,14.62733],[120.97363,14.6276]]]}},{"type":"Feature","id":"PH1303901162","properties":{"psgc":"PH1303901162","brgy":"Barangay 162","city":"City of Manila","cityPsgc":"PH1303901","cLng":120.97488,"cLat":14.62688},"geometry":{"type":"Polygon","coordinates":[[[120.97341,14.62665],[120.97565,14.62733],[120.97557,14.62666],[120.97341,14.62665]]]}},{"type":"Feature","id":"PH1303901163","properties":{"psgc":"PH1303901163","brgy":"Barangay 163","city":"City of Manila","cityPsgc":"PH1303901","cLng":120.9743,"cLat":14.62352},"geometry":{"type":"Polygon","coordinates":[[[120.97261,14.62326],[120.97525,14.62442],[120.97504,14.62288],[120.97261,14.62326]]]}},{"type":"Feature","id":"PH1303901164","properties":{"psgc":"PH1303901164","brgy":"Barangay 164","city":"City of Manila","cityPsgc":"PH1303901","cLng":120.97456,"cLat":14.62497},"geometry":{"type":"Polygon","coordinates":[[[120.97305,14.62517],[120.97538,14.62533],[120.97525,14.62442],[120.97305,14.62517]]]}},{"type":"Feature","id":"PH1303901165","properties":{"psgc":"PH1303901165","brgy":"Barangay 165","city":"City of Manila","cityPsgc":"PH1303901","cLng":120.97401,"cLat":14.62599},"geometry":{"type":"Polygon","coordinates":[[[120.97341,14.62665],[120.97538,14.62533],[120.97324,14.626],[120.97341,14.62665]]]}},{"type":"Feature","id":"PH1303901166","properties":{"psgc":"PH1303901166","brgy":"Barangay 166","city":"City of Manila","cityPsgc":"PH1303901","cLng":120.97251,"cLat":14.62571},"geometry":{"type":"Polygon","coordinates":[[[120.97109,14.62542],[120.97337,14.62653],[120.97305,14.62517],[120.97109,14.62542]]]}},{"type":"Feature","id":"PH1303901167","properties":{"psgc":"PH1303901167","brgy":"Barangay 167","city":"City of Manila","cityPsgc":"PH1303901","cLng":120.97221,"cLat":14.62443},"geometry":{"type":"Polygon","coordinates":[[[120.97083,14.62421],[120.97305,14.62517],[120.97275,14.6239],[120.97083,14.62421]]]}},{"type":"Feature","id":"PH1303901168","properties":{"psgc":"PH1303901168","brgy":"Barangay 168","city":"City of Manila","cityPsgc":"PH1303901","cLng":120.97049,"cLat":14.62612},"geometry":{"type":"Polygon","coordinates":[[[120.96899,14.62615],[120.97139,14.62679],[120.97109,14.62542],[120.96899,14.62615]]]}},{"type":"Feature","id":"PH1303901169","properties":{"psgc":"PH1303901169","brgy":"Barangay 169","city":"City of Manila","cityPsgc":"PH1303901","cLng":120.97025,"cLat":14.62484},"geometry":{"type":"Polygon","coordinates":[[[120.96885,14.62489],[120.97109,14.62542],[120.97083,14.62421],[120.96885,14.62489]]]}},{"type":"Feature","id":"PH1303901170","properties":{"psgc":"PH1303901170","brgy":"Barangay 170","city":"City of Manila","cityPsgc":"PH1303901","cLng":120.96919,"cLat":14.62677},"geometry":{"type":"Polygon","coordinates":[[[120.96829,14.62703],[120.97029,14.62713],[120.96899,14.62615],[120.96829,14.62703]]]}},{"type":"Feature","id":"PH1303901171","properties":{"psgc":"PH1303901171","brgy":"Barangay 171","city":"City of Manila","cityPsgc":"PH1303901","cLng":120.96853,"cLat":14.62568},"geometry":{"type":"Polygon","coordinates":[[[120.9673,14.62629],[120.96945,14.62585],[120.96885,14.62489],[120.9673,14.62629]]]}},{"type":"Feature","id":"PH1303901172","properties":{"psgc":"PH1303901172","brgy":"Barangay 172","city":"City of Manila","cityPsgc":"PH1303901","cLng":120.96779,"cLat":14.62712},"geometry":{"type":"Polygon","coordinates":[[[120.96665,14.62718],[120.96941,14.62788],[120.9673,14.62629],[120.96665,14.62718]]]}},{"type":"Feature","id":"PH1303901173","properties":{"psgc":"PH1303901173","brgy":"Barangay 173","city":"City of Manila","cityPsgc":"PH1303901","cLng":120.97305,"cLat":14.62807},"geometry":{"type":"Polygon","coordinates":[[[120.97163,14.62787],[120.97393,14.62882],[120.97361,14.62752],[120.97163,14.62787]]]}},{"type":"Feature","id":"PH1303901174","properties":{"psgc":"PH1303901174","brgy":"Barangay 174","city":"City of Manila","cityPsgc":"PH1303901","cLng":120.97279,"cLat":14.62695},"geometry":{"type":"Polygon","coordinates":[[[120.97139,14.62679],[120.97361,14.62752],[120.97337,14.62653],[120.97139,14.62679]]]}},{"type":"Feature","id":"PH1303901175","properties":{"psgc":"PH1303901175","brgy":"Barangay 175","city":"City of Manila","cityPsgc":"PH1303901","cLng":120.97106,"cLat":14.62888},"geometry":{"type":"Polygon","coordinates":[[[120.96963,14.62969],[120.9719,14.62909],[120.97163,14.62787],[120.96963,14.62969]]]}},{"type":"Feature","id":"PH1303901176","properties":{"psgc":"PH1303901176","brgy":"Barangay 176","city":"City of Manila","cityPsgc":"PH1303901","cLng":120.97071,"cLat":14.62764},"geometry":{"type":"Polygon","coordinates":[[[120.9691,14.62827],[120.97163,14.62787],[120.97139,14.62679],[120.9691,14.62827]]]}},{"type":"Feature","id":"PH1303901177","properties":{"psgc":"PH1303901177","brgy":"Barangay 177","city":"City of Manila","cityPsgc":"PH1303901","cLng":120.97001,"cLat":14.63452},"geometry":{"type":"Polygon","coordinates":[[[120.96862,14.63559],[120.97275,14.63303],[120.96864,14.63495],[120.96862,14.63559]]]}},{"type":"Feature","id":"PH1303901178","properties":{"psgc":"PH1303901178","brgy":"Barangay 178","city":"City of Manila","cityPsgc":"PH1303901","cLng":120.97439,"cLat":14.63312},"geometry":{"type":"Polygon","coordinates":[[[120.97346,14.63289],[120.97496,14.6338],[120.97473,14.63266],[120.97346,14.63289]]]}},{"type":"Feature","id":"PH1303901179","properties":{"psgc":"PH1303901179","brgy":"Barangay 179","city":"City of Manila","cityPsgc":"PH1303901","cLng":120.97358,"cLat":14.62943},"geometry":{"type":"Polygon","coordinates":[[[120.9725,14.62901],[120.97431,14.63047],[120.97393,14.62882],[120.9725,14.62901]]]}},{"type":"Feature","id":"PH1303901180","properties":{"psgc":"PH1303901180","brgy":"Barangay 180","city":"City of Manila","cityPsgc":"PH1303901","cLng":120.97218,"cLat":14.62964},"geometry":{"type":"Polygon","coordinates":[[[120.97141,14.62915],[120.97263,14.63076],[120.9725,14.62901],[120.97141,14.62915]]]}},{"type":"Feature","id":"PH1303901181","properties":{"psgc":"PH1303901181","brgy":"Barangay 181","city":"City of Manila","cityPsgc":"PH1303901","cLng":120.97368,"cLat":14.63084},"geometry":{"type":"Polygon","coordinates":[[[120.97228,14.63081],[120.97446,14.63125],[120.97431,14.63047],[120.97228,14.63081]]]}},{"type":"Feature","id":"PH1303901182","properties":{"psgc":"PH1303901182","brgy":"Barangay 182","city":"City of Manila","cityPsgc":"PH1303901","cLng":120.97197,"cLat":14.63164},"geometry":{"type":"Polygon","coordinates":[[[120.97086,14.63107],[120.97275,14.63303],[120.97228,14.63081],[120.97086,14.63107]]]}},{"type":"Feature","id":"PH1303901183","properties":{"psgc":"PH1303901183","brgy":"Barangay 183","city":"City of Manila","cityPsgc":"PH1303901","cLng":120.9738,"cLat":14.63177},"geometry":{"type":"Polygon","coordinates":[[[120.9722,14.63141],[120.97473,14.63266],[120.97446,14.63125],[120.9722,14.63141]]]}},{"type":"Feature","id":"PH1303901184","properties":{"psgc":"PH1303901184","brgy":"Barangay 184","city":"City of Manila","cityPsgc":"PH1303901","cLng":120.97585,"cLat":14.63346},"geometry":{"type":"Polygon","coordinates":[[[120.97473,14.63266],[120.97657,14.63518],[120.97624,14.63253],[120.97473,14.63266]]]}},{"type":"Feature","id":"PH1303901185","properties":{"psgc":"PH1303901185","brgy":"Barangay 185","city":"City of Manila","cityPsgc":"PH1303901","cLng":120.97526,"cLat":14.62921},"geometry":{"type":"Polygon","coordinates":[[[120.97395,14.62889],[120.97604,14.63023],[120.9758,14.62852],[120.97395,14.62889]]]}},{"type":"Feature","id":"PH1303901186","properties":{"psgc":"PH1303901186","brgy":"Barangay 186","city":"City of Manila","cityPsgc":"PH1303901","cLng":120.97557,"cLat":14.63108},"geometry":{"type":"Polygon","coordinates":[[[120.97431,14.63047],[120.97636,14.63255],[120.97604,14.63023],[120.97431,14.63047]]]}},{"type":"Feature","id":"PH1303901187","properties":{"psgc":"PH1303901187","brgy":"Barangay 187","city":"City of Manila","cityPsgc":"PH1303901","cLng":120.98179,"cLat":14.63601},"geometry":{"type":"Polygon","coordinates":[[[120.98097,14.63553],[120.98202,14.63626],[120.98245,14.63625],[120.98097,14.63553]]]}},{"type":"Feature","id":"PH1303901188","properties":{"psgc":"PH1303901188","brgy":"Barangay 188","city":"City of Manila","cityPsgc":"PH1303901","cLng":120.98051,"cLat":14.63562},"geometry":{"type":"Polygon","coordinates":[[[120.97991,14.63553],[120.981,14.6363],[120.98059,14.63504],[120.97991,14.63553]]]}},{"type":"Feature","id":"PH1303901189","properties":{"psgc":"PH1303901189","brgy":"Barangay 189","city":"City of Manila","cityPsgc":"PH1303901","cLng":120.9814,"cLat":14.63653},"geometry":{"type":"Polygon","coordinates":[[[120.97971,14.63631],[120.98214,14.63704],[120.98233,14.63625],[120.97971,14.63631]]]}},{"type":"Feature","id":"PH1303901190","properties":{"psgc":"PH1303901190","brgy":"Barangay 190","city":"City of Manila","cityPsgc":"PH1303901","cLng":120.98038,"cLat":14.63732},"geometry":{"type":"Polygon","coordinates":[[[120.97938,14.63709],[120.9809,14.63782],[120.98088,14.63706],[120.97938,14.63709]]]}},{"type":"Feature","id":"PH1303901191","properties":{"psgc":"PH1303901191","brgy":"Barangay 191","city":"City of Manila","cityPsgc":"PH1303901","cLng":120.98166,"cLat":14.6373},"geometry":{"type":"Polygon","coordinates":[[[120.98088,14.63706],[120.98196,14.63781],[120.98214,14.63704],[120.98088,14.63706]]]}},{"type":"Feature","id":"PH1303901192","properties":{"psgc":"PH1303901192","brgy":"Barangay 192","city":"City of Manila","cityPsgc":"PH1303901","cLng":120.98084,"cLat":14.63809},"geometry":{"type":"Polygon","coordinates":[[[120.97904,14.63789],[120.9815,14.63858],[120.98196,14.63781],[120.97904,14.63789]]]}},{"type":"Feature","id":"PH1303901193","properties":{"psgc":"PH1303901193","brgy":"Barangay 193","city":"City of Manila","cityPsgc":"PH1303901","cLng":120.9798,"cLat":14.63453},"geometry":{"type":"Polygon","coordinates":[[[120.97971,14.63552],[120.98028,14.63436],[120.9794,14.63372],[120.97971,14.63552]]]}},{"type":"Feature","id":"PH1303901194","properties":{"psgc":"PH1303901194","brgy":"Barangay 194","city":"City of Manila","cityPsgc":"PH1303901","cLng":120.97843,"cLat":14.6351},"geometry":{"type":"Polygon","coordinates":[[[120.97796,14.63553],[120.97956,14.63462],[120.97777,14.63516],[120.97796,14.63553]]]}},{"type":"Feature","id":"PH1303901195","properties":{"psgc":"PH1303901195","brgy":"Barangay 195","city":"City of Manila","cityPsgc":"PH1303901","cLng":120.97903,"cLat":14.63435},"geometry":{"type":"Polygon","coordinates":[[[120.97814,14.63472],[120.97956,14.63462],[120.9794,14.63372],[120.97814,14.63472]]]}},{"type":"Feature","id":"PH1303901196","properties":{"psgc":"PH1303901196","brgy":"Barangay 196","city":"City of Manila","cityPsgc":"PH1303901","cLng":120.98064,"cLat":14.6346},"geometry":{"type":"Polygon","coordinates":[[[120.98018,14.63515],[120.98146,14.63418],[120.98028,14.63448],[120.98018,14.63515]]]}},{"type":"Feature","id":"PH1303901197","properties":{"psgc":"PH1303901197","brgy":"Barangay 197","city":"City of Manila","cityPsgc":"PH1303901","cLng":120.9808,"cLat":14.63378},"geometry":{"type":"Polygon","coordinates":[[[120.97987,14.6338],[120.98146,14.63418],[120.98108,14.63337],[120.97987,14.6338]]]}},{"type":"Feature","id":"PH1303901198","properties":{"psgc":"PH1303901198","brgy":"Barangay 198","city":"City of Manila","cityPsgc":"PH1303901","cLng":120.9767,"cLat":14.63061},"geometry":{"type":"Polygon","coordinates":[[[120.97636,14.63255],[120.97719,14.62952],[120.97654,14.62976],[120.97636,14.63255]]]}},{"type":"Feature","id":"PH1303901199","properties":{"psgc":"PH1303901199","brgy":"Barangay 199","city":"City of Manila","cityPsgc":"PH1303901","cLng":120.97754,"cLat":14.63374},"geometry":{"type":"Polygon","coordinates":[[[120.97641,14.63384],[120.97818,14.63465],[120.97801,14.63273],[120.97641,14.63384]]]}},{"type":"Feature","id":"PH1303901200","properties":{"psgc":"PH1303901200","brgy":"Barangay 200","city":"City of Manila","cityPsgc":"PH1303901","cLng":120.97667,"cLat":14.63304},"geometry":{"type":"Polygon","coordinates":[[[120.97641,14.63384],[120.97736,14.63275],[120.97624,14.63253],[120.97641,14.63384]]]}},{"type":"Feature","id":"PH1303901201","properties":{"psgc":"PH1303901201","brgy":"Barangay 201","city":"City of Manila","cityPsgc":"PH1303901","cLng":120.97932,"cLat":14.63118},"geometry":{"type":"Polygon","coordinates":[[[120.97751,14.63124],[120.9805,14.6319],[120.97996,14.63041],[120.97751,14.63124]]]}},{"type":"Feature","id":"PH1303901202","properties":{"psgc":"PH1303901202","brgy":"Barangay 202","city":"City of Manila","cityPsgc":"PH1303901","cLng":120.97916,"cLat":14.63291},"geometry":{"type":"Polygon","coordinates":[[[120.97801,14.63273],[120.9798,14.63382],[120.97968,14.63217],[120.97801,14.63273]]]}},{"type":"Feature","id":"PH1303901922","properties":{"psgc":"PH1303901922","brgy":"Barangay 202-A","city":"City of Manila","cityPsgc":"PH1303901","cLng":120.98049,"cLat":14.63247},"geometry":{"type":"Polygon","coordinates":[[[120.97968,14.63217],[120.98108,14.63337],[120.9807,14.63187],[120.97968,14.63217]]]}},{"type":"Feature","id":"PH1303901203","properties":{"psgc":"PH1303901203","brgy":"Barangay 203","city":"City of Manila","cityPsgc":"PH1303901","cLng":120.97804,"cLat":14.62839},"geometry":{"type":"Polygon","coordinates":[[[120.97589,14.62926],[120.97945,14.62892],[120.97878,14.627],[120.97589,14.62926]]]}},{"type":"Feature","id":"PH1303901204","properties":{"psgc":"PH1303901204","brgy":"Barangay 204","city":"City of Manila","cityPsgc":"PH1303901","cLng":120.97687,"cLat":14.62757},"geometry":{"type":"Polygon","coordinates":[[[120.97557,14.62666],[120.97659,14.6291],[120.97845,14.62694],[120.97557,14.62666]]]}},{"type":"Feature","id":"PH1303901205","properties":{"psgc":"PH1303901205","brgy":"Barangay 205","city":"City of Manila","cityPsgc":"PH1303901","cLng":120.97888,"cLat":14.62966},"geometry":{"type":"Polygon","coordinates":[[[120.97723,14.62966],[120.97996,14.63041],[120.97945,14.62892],[120.97723,14.62966]]]}},{"type":"Feature","id":"PH1303901206","properties":{"psgc":"PH1303901206","brgy":"Barangay 206","city":"City of Manila","cityPsgc":"PH1303901","cLng":120.98062,"cLat":14.62895},"geometry":{"type":"Polygon","coordinates":[[[120.97959,14.62932],[120.98182,14.62938],[120.98045,14.62816],[120.97959,14.62932]]]}},{"type":"Feature","id":"PH1303901207","properties":{"psgc":"PH1303901207","brgy":"Barangay 207","city":"City of Manila","cityPsgc":"PH1303901","cLng":120.98138,"cLat":14.62798},"geometry":{"type":"Polygon","coordinates":[[[120.97878,14.627],[120.98257,14.62897],[120.98279,14.62796],[120.97878,14.627]]]}},{"type":"Feature","id":"PH1303901208","properties":{"psgc":"PH1303901208","brgy":"Barangay 208","city":"City of Manila","cityPsgc":"PH1303901","cLng":120.98235,"cLat":14.62844},"geometry":{"type":"Polygon","coordinates":[[[120.98112,14.62839],[120.98287,14.62898],[120.98306,14.62796],[120.98112,14.62839]]]}},{"type":"Feature","id":"PH1303901209","properties":{"psgc":"PH1303901209","brgy":"Barangay 209","city":"City of Manila","cityPsgc":"PH1303901","cLng":120.98167,"cLat":14.6247},"geometry":{"type":"Polygon","coordinates":[[[120.97981,14.62555],[120.98226,14.62588],[120.98293,14.62268],[120.97981,14.62555]]]}},{"type":"Feature","id":"PH1303901210","properties":{"psgc":"PH1303901210","brgy":"Barangay 210","city":"City of Manila","cityPsgc":"PH1303901","cLng":120.9825,"cLat":14.62665},"geometry":{"type":"Polygon","coordinates":[[[120.98149,14.62776],[120.98306,14.62796],[120.98295,14.62422],[120.98149,14.62776]]]}},{"type":"Feature","id":"PH1303901211","properties":{"psgc":"PH1303901211","brgy":"Barangay 211","city":"City of Manila","cityPsgc":"PH1303901","cLng":120.98123,"cLat":14.62624},"geometry":{"type":"Polygon","coordinates":[[[120.98027,14.62739],[120.98226,14.62588],[120.98116,14.62544],[120.98027,14.62739]]]}},{"type":"Feature","id":"PH1303901212","properties":{"psgc":"PH1303901212","brgy":"Barangay 212","city":"City of Manila","cityPsgc":"PH1303901","cLng":120.97915,"cLat":14.62609},"geometry":{"type":"Polygon","coordinates":[[[120.97878,14.627],[120.98016,14.62554],[120.97853,14.62573],[120.97878,14.627]]]}},{"type":"Feature","id":"PH1303901213","properties":{"psgc":"PH1303901213","brgy":"Barangay 213","city":"City of Manila","cityPsgc":"PH1303901","cLng":120.97687,"cLat":14.62466},"geometry":{"type":"Polygon","coordinates":[[[120.97583,14.62489],[120.97751,14.62564],[120.97726,14.62346],[120.97583,14.62489]]]}},{"type":"Feature","id":"PH1303901214","properties":{"psgc":"PH1303901214","brgy":"Barangay 214","city":"City of Manila","cityPsgc":"PH1303901","cLng":120.97622,"cLat":14.62565},"geometry":{"type":"Polygon","coordinates":[[[120.97581,14.626],[120.97702,14.62607],[120.97583,14.62489],[120.97581,14.626]]]}},{"type":"Feature","id":"PH1303901215","properties":{"psgc":"PH1303901215","brgy":"Barangay 215","city":"City of Manila","cityPsgc":"PH1303901","cLng":120.97753,"cLat":14.62615},"geometry":{"type":"Polygon","coordinates":[[[120.97702,14.62664],[120.97853,14.62573],[120.97702,14.62607],[120.97702,14.62664]]]}},{"type":"Feature","id":"PH1303901216","properties":{"psgc":"PH1303901216","brgy":"Barangay 216","city":"City of Manila","cityPsgc":"PH1303901","cLng":120.97799,"cLat":14.62405},"geometry":{"type":"Polygon","coordinates":[[[120.97724,14.62328],[120.97853,14.62573],[120.9782,14.62314],[120.97724,14.62328]]]}},{"type":"Feature","id":"PH1303901217","properties":{"psgc":"PH1303901217","brgy":"Barangay 217","city":"City of Manila","cityPsgc":"PH1303901","cLng":120.97606,"cLat":14.62396},"geometry":{"type":"Polygon","coordinates":[[[120.97514,14.6236],[120.97578,14.62499],[120.97724,14.62328],[120.97514,14.6236]]]}},{"type":"Feature","id":"PH1303901218","properties":{"psgc":"PH1303901218","brgy":"Barangay 218","city":"City of Manila","cityPsgc":"PH1303901","cLng":120.97594,"cLat":14.6227},"geometry":{"type":"Polygon","coordinates":[[[120.97514,14.6236],[120.9778,14.62319],[120.97489,14.62131],[120.97514,14.6236]]]}},{"type":"Feature","id":"PH1303901219","properties":{"psgc":"PH1303901219","brgy":"Barangay 219","city":"City of Manila","cityPsgc":"PH1303901","cLng":120.9792,"cLat":14.62348},"geometry":{"type":"Polygon","coordinates":[[[120.9782,14.62314],[120.9798,14.6243],[120.97961,14.623],[120.9782,14.62314]]]}},{"type":"Feature","id":"PH1303901220","properties":{"psgc":"PH1303901220","brgy":"Barangay 220","city":"City of Manila","cityPsgc":"PH1303901","cLng":120.9812,"cLat":14.62334},"geometry":{"type":"Polygon","coordinates":[[[120.97961,14.623],[120.98203,14.62423],[120.98197,14.62278],[120.97961,14.623]]]}},{"type":"Feature","id":"PH1303901221","properties":{"psgc":"PH1303901221","brgy":"Barangay 221","city":"City of Manila","cityPsgc":"PH1303901","cLng":120.97652,"cLat":14.62062},"geometry":{"type":"Polygon","coordinates":[[[120.97472,14.62028],[120.97742,14.62096],[120.97738,14.62061],[120.97472,14.62028]]]}},{"type":"Feature","id":"PH1303901222","properties":{"psgc":"PH1303901222","brgy":"Barangay 222","city":"City of Manila","cityPsgc":"PH1303901","cLng":120.97638,"cLat":14.61883},"geometry":{"type":"Polygon","coordinates":[[[120.97558,14.61849],[120.97686,14.61967],[120.97669,14.61832],[120.97558,14.61849]]]}},{"type":"Feature","id":"PH1303901223","properties":{"psgc":"PH1303901223","brgy":"Barangay 223","city":"City of Manila","cityPsgc":"PH1303901","cLng":120.97855,"cLat":14.61992},"geometry":{"type":"Polygon","coordinates":[[[120.97771,14.61957],[120.97913,14.62076],[120.97881,14.61944],[120.97771,14.61957]]]}},{"type":"Feature","id":"PH1303901224","properties":{"psgc":"PH1303901224","brgy":"Barangay 224","city":"City of Manila","cityPsgc":"PH1303901","cLng":120.97843,"cLat":14.62162},"geometry":{"type":"Polygon","coordinates":[[[120.9782,14.62314],[120.97921,14.62083],[120.97788,14.6209],[120.9782,14.62314]]]}},{"type":"Feature","id":"PH1303901225","properties":{"psgc":"PH1303901225","brgy":"Barangay 225","city":"City of Manila","cityPsgc":"PH1303901","cLng":120.9785,"cLat":14.61688},"geometry":{"type":"Polygon","coordinates":[[[120.97816,14.61663],[120.97859,14.61744],[120.97877,14.61657],[120.97816,14.61663]]]}},{"type":"Feature","id":"PH1303901226","properties":{"psgc":"PH1303901226","brgy":"Barangay 226","city":"City of Manila","cityPsgc":"PH1303901","cLng":120.97773,"cLat":14.61763},"geometry":{"type":"Polygon","coordinates":[[[120.97771,14.61957],[120.97816,14.61663],[120.97732,14.61669],[120.97771,14.61957]]]}},{"type":"Feature","id":"PH1303901227","properties":{"psgc":"PH1303901227","brgy":"Barangay 227","city":"City of Manila","cityPsgc":"PH1303901","cLng":120.97675,"cLat":14.62164},"geometry":{"type":"Polygon","coordinates":[[[120.9763,14.62287],[120.97788,14.6209],[120.97606,14.62115],[120.9763,14.62287]]]}},{"type":"Feature","id":"PH1303901228","properties":{"psgc":"PH1303901228","brgy":"Barangay 228","city":"City of Manila","cityPsgc":"PH1303901","cLng":120.97554,"cLat":14.62163},"geometry":{"type":"Polygon","coordinates":[[[120.97566,14.62243],[120.97606,14.62115],[120.97491,14.6213],[120.97566,14.62243]]]}},{"type":"Feature","id":"PH1303901229","properties":{"psgc":"PH1303901229","brgy":"Barangay 229","city":"City of Manila","cityPsgc":"PH1303901","cLng":120.9771,"cLat":14.61769},"geometry":{"type":"Polygon","coordinates":[[[120.97716,14.61964],[120.97732,14.61669],[120.97681,14.61675],[120.97716,14.61964]]]}},{"type":"Feature","id":"PH1303901230","properties":{"psgc":"PH1303901230","brgy":"Barangay 230","city":"City of Manila","cityPsgc":"PH1303901","cLng":120.97671,"cLat":14.61774},"geometry":{"type":"Polygon","coordinates":[[[120.97686,14.61967],[120.97681,14.61675],[120.97647,14.61679],[120.97686,14.61967]]]}},{"type":"Feature","id":"PH1303901231","properties":{"psgc":"PH1303901231","brgy":"Barangay 231","city":"City of Manila","cityPsgc":"PH1303901","cLng":120.97637,"cLat":14.6199},"geometry":{"type":"Polygon","coordinates":[[[120.97678,14.6202],[120.97771,14.61957],[120.97464,14.61993],[120.97678,14.6202]]]}},{"type":"Feature","id":"PH1303901232","properties":{"psgc":"PH1303901232","brgy":"Barangay 232","city":"City of Manila","cityPsgc":"PH1303901","cLng":120.97514,"cLat":14.61801},"geometry":{"type":"Polygon","coordinates":[[[120.97427,14.61721],[120.97584,14.61981],[120.97528,14.61701],[120.97427,14.61721]]]}},{"type":"Feature","id":"PH1303901233","properties":{"psgc":"PH1303901233","brgy":"Barangay 233","city":"City of Manila","cityPsgc":"PH1303901","cLng":120.97577,"cLat":14.61743},"geometry":{"type":"Polygon","coordinates":[[[120.97558,14.61849],[120.97647,14.61679],[120.97528,14.61701],[120.97558,14.61849]]]}},{"type":"Feature","id":"PH1303901234","properties":{"psgc":"PH1303901234","brgy":"Barangay 234","city":"City of Manila","cityPsgc":"PH1303901","cLng":120.97559,"cLat":14.61612},"geometry":{"type":"Polygon","coordinates":[[[120.97367,14.61607],[120.97681,14.61675],[120.97629,14.61554],[120.97367,14.61607]]]}},{"type":"Feature","id":"PH1303901235","properties":{"psgc":"PH1303901235","brgy":"Barangay 235","city":"City of Manila","cityPsgc":"PH1303901","cLng":120.97664,"cLat":14.61488},"geometry":{"type":"Polygon","coordinates":[[[120.97597,14.61414],[120.97732,14.61669],[120.97663,14.6138],[120.97597,14.61414]]]}},{"type":"Feature","id":"PH1303901236","properties":{"psgc":"PH1303901236","brgy":"Barangay 236","city":"City of Manila","cityPsgc":"PH1303901","cLng":120.9744,"cLat":14.61531},"geometry":{"type":"Polygon","coordinates":[[[120.97367,14.61607],[120.97605,14.61463],[120.97348,14.61522],[120.97367,14.61607]]]}},{"type":"Feature","id":"PH1303901237","properties":{"psgc":"PH1303901237","brgy":"Barangay 237","city":"City of Manila","cityPsgc":"PH1303901","cLng":120.97425,"cLat":14.61456},"geometry":{"type":"Polygon","coordinates":[[[120.97348,14.61522],[120.97597,14.61397],[120.97331,14.61449],[120.97348,14.61522]]]}},{"type":"Feature","id":"PH1303901238","properties":{"psgc":"PH1303901238","brgy":"Barangay 238","city":"City of Manila","cityPsgc":"PH1303901","cLng":120.97524,"cLat":14.60888},"geometry":{"type":"Polygon","coordinates":[[[120.97526,14.61027],[120.97558,14.60817],[120.97489,14.6082],[120.97526,14.61027]]]}},{"type":"Feature","id":"PH1303901239","properties":{"psgc":"PH1303901239","brgy":"Barangay 239","city":"City of Manila","cityPsgc":"PH1303901","cLng":120.97549,"cLat":14.61318},"geometry":{"type":"Polygon","coordinates":[[[120.97521,14.61413],[120.97635,14.61256],[120.97493,14.61285],[120.97521,14.61413]]]}},{"type":"Feature","id":"PH1303901240","properties":{"psgc":"PH1303901240","brgy":"Barangay 240","city":"City of Manila","cityPsgc":"PH1303901","cLng":120.97496,"cLat":14.6068},"geometry":{"type":"Polygon","coordinates":[[[120.97448,14.60619],[120.97558,14.60817],[120.97485,14.60605],[120.97448,14.60619]]]}},{"type":"Feature","id":"PH1303901241","properties":{"psgc":"PH1303901241","brgy":"Barangay 241","city":"City of Manila","cityPsgc":"PH1303901","cLng":120.97332,"cLat":14.61189},"geometry":{"type":"Polygon","coordinates":[[[120.97331,14.61449],[120.97417,14.61043],[120.97247,14.61074],[120.97331,14.61449]]]}},{"type":"Feature","id":"PH1303901242","properties":{"psgc":"PH1303901242","brgy":"Barangay 242","city":"City of Manila","cityPsgc":"PH1303901","cLng":120.97462,"cLat":14.60776},"geometry":{"type":"Polygon","coordinates":[[[120.97412,14.60681],[120.97526,14.61027],[120.97448,14.60619],[120.97412,14.60681]]]}},{"type":"Feature","id":"PH1303901243","properties":{"psgc":"PH1303901243","brgy":"Barangay 243","city":"City of Manila","cityPsgc":"PH1303901","cLng":120.97463,"cLat":14.61121},"geometry":{"type":"Polygon","coordinates":[[[120.97493,14.61285],[120.97479,14.61034],[120.97417,14.61043],[120.97493,14.61285]]]}},{"type":"Feature","id":"PH1303901244","properties":{"psgc":"PH1303901244","brgy":"Barangay 244","city":"City of Manila","cityPsgc":"PH1303901","cLng":120.97511,"cLat":14.61112},"geometry":{"type":"Polygon","coordinates":[[[120.97529,14.61276],[120.97526,14.61027],[120.97479,14.61034],[120.97529,14.61276]]]}},{"type":"Feature","id":"PH1303901245","properties":{"psgc":"PH1303901245","brgy":"Barangay 245","city":"City of Manila","cityPsgc":"PH1303901","cLng":120.97396,"cLat":14.60861},"geometry":{"type":"Polygon","coordinates":[[[120.97388,14.60937],[120.97439,14.60821],[120.9736,14.60824],[120.97388,14.60937]]]}},{"type":"Feature","id":"PH1303901246","properties":{"psgc":"PH1303901246","brgy":"Barangay 246","city":"City of Manila","cityPsgc":"PH1303901","cLng":120.97584,"cLat":14.611},"geometry":{"type":"Polygon","coordinates":[[[120.97526,14.61027],[120.97635,14.61256],[120.97591,14.61018],[120.97526,14.61027]]]}},{"type":"Feature","id":"PH1303901247","properties":{"psgc":"PH1303901247","brgy":"Barangay 247","city":"City of Manila","cityPsgc":"PH1303901","cLng":120.97399,"cLat":14.60702},"geometry":{"type":"Polygon","coordinates":[[[120.97352,14.60651],[120.97439,14.60821],[120.97405,14.60634],[120.97352,14.60651]]]}},{"type":"Feature","id":"PH1303901248","properties":{"psgc":"PH1303901248","brgy":"Barangay 248","city":"City of Manila","cityPsgc":"PH1303901","cLng":120.97422,"cLat":14.6097},"geometry":{"type":"Polygon","coordinates":[[[120.97417,14.61043],[120.97459,14.6093],[120.97388,14.60937],[120.97417,14.61043]]]}},{"type":"Feature","id":"PH1303901249","properties":{"psgc":"PH1303901249","brgy":"Barangay 249","city":"City of Manila","cityPsgc":"PH1303901","cLng":120.9774,"cLat":14.61574},"geometry":{"type":"Polygon","coordinates":[[[120.97732,14.61669],[120.97787,14.61516],[120.97702,14.61538],[120.97732,14.61669]]]}},{"type":"Feature","id":"PH1303901250","properties":{"psgc":"PH1303901250","brgy":"Barangay 250","city":"City of Manila","cityPsgc":"PH1303901","cLng":120.9764,"cLat":14.60967},"geometry":{"type":"Polygon","coordinates":[[[120.97601,14.61075],[120.97745,14.60907],[120.97575,14.60919],[120.97601,14.61075]]]}},{"type":"Feature","id":"PH1303901251","properties":{"psgc":"PH1303901251","brgy":"Barangay 251","city":"City of Manila","cityPsgc":"PH1303901","cLng":120.97745,"cLat":14.61437},"geometry":{"type":"Polygon","coordinates":[[[120.97746,14.61527],[120.97774,14.61386],[120.97715,14.61397],[120.97746,14.61527]]]}},{"type":"Feature","id":"PH1303901252","properties":{"psgc":"PH1303901252","brgy":"Barangay 252","city":"City of Manila","cityPsgc":"PH1303901","cLng":120.97693,"cLat":14.61435},"geometry":{"type":"Polygon","coordinates":[[[120.97702,14.61538],[120.97712,14.61387],[120.97663,14.6138],[120.97702,14.61538]]]}},{"type":"Feature","id":"PH1303901253","properties":{"psgc":"PH1303901253","brgy":"Barangay 253","city":"City of Manila","cityPsgc":"PH1303901","cLng":120.97791,"cLat":14.61343},"geometry":{"type":"Polygon","coordinates":[[[120.97774,14.61386],[120.9795,14.6131],[120.97651,14.61332],[120.97774,14.61386]]]}},{"type":"Feature","id":"PH1303901254","properties":{"psgc":"PH1303901254","brgy":"Barangay 254","city":"City of Manila","cityPsgc":"PH1303901","cLng":120.97719,"cLat":14.61143},"geometry":{"type":"Polygon","coordinates":[[[120.97601,14.61075],[120.97785,14.61313],[120.97771,14.61042],[120.97601,14.61075]]]}},{"type":"Feature","id":"PH1303901255","properties":{"psgc":"PH1303901255","brgy":"Barangay 255","city":"City of Manila","cityPsgc":"PH1303901","cLng":120.97904,"cLat":14.61395},"geometry":{"type":"Polygon","coordinates":[[[120.97803,14.61364],[120.97942,14.61482],[120.97965,14.6134],[120.97803,14.61364]]]}},{"type":"Feature","id":"PH1303901256","properties":{"psgc":"PH1303901256","brgy":"Barangay 256","city":"City of Manila","cityPsgc":"PH1303901","cLng":120.97869,"cLat":14.61552},"geometry":{"type":"Polygon","coordinates":[[[120.97787,14.61516],[120.97877,14.61657],[120.97942,14.61482],[120.97787,14.61516]]]}},{"type":"Feature","id":"PH1303901257","properties":{"psgc":"PH1303901257","brgy":"Barangay 257","city":"City of Manila","cityPsgc":"PH1303901","cLng":120.97834,"cLat":14.6112},"geometry":{"type":"Polygon","coordinates":[[[120.97807,14.61201],[120.97905,14.6111],[120.97788,14.61049],[120.97807,14.61201]]]}},{"type":"Feature","id":"PH1303901258","properties":{"psgc":"PH1303901258","brgy":"Barangay 258","city":"City of Manila","cityPsgc":"PH1303901","cLng":120.97823,"cLat":14.61226},"geometry":{"type":"Polygon","coordinates":[[[120.97785,14.61313],[120.9792,14.61145],[120.97765,14.6122],[120.97785,14.61313]]]}},{"type":"Feature","id":"PH1303901259","properties":{"psgc":"PH1303901259","brgy":"Barangay 259","city":"City of Manila","cityPsgc":"PH1303901","cLng":120.97588,"cLat":14.60732},"geometry":{"type":"Polygon","coordinates":[[[120.97575,14.60919],[120.97703,14.60671],[120.97485,14.60605],[120.97575,14.60919]]]}},{"type":"Feature","id":"PH1303901260","properties":{"psgc":"PH1303901260","brgy":"Barangay 260","city":"City of Manila","cityPsgc":"PH1303901","cLng":120.97776,"cLat":14.60589},"geometry":{"type":"Polygon","coordinates":[[[120.97819,14.60767],[120.97821,14.60475],[120.97689,14.60524],[120.97819,14.60767]]]}},{"type":"Feature","id":"PH1303901261","properties":{"psgc":"PH1303901261","brgy":"Barangay 261","city":"City of Manila","cityPsgc":"PH1303901","cLng":120.97997,"cLat":14.60933},"geometry":{"type":"Polygon","coordinates":[[[120.97933,14.60933],[120.98046,14.60981],[120.9801,14.60885],[120.97933,14.60933]]]}},{"type":"Feature","id":"PH1303901262","properties":{"psgc":"PH1303901262","brgy":"Barangay 262","city":"City of Manila","cityPsgc":"PH1303901","cLng":120.97903,"cLat":14.60843},"geometry":{"type":"Polygon","coordinates":[[[120.97727,14.60812],[120.9801,14.60885],[120.97973,14.60831],[120.97727,14.60812]]]}},{"type":"Feature","id":"PH1303901263","properties":{"psgc":"PH1303901263","brgy":"Barangay 263","city":"City of Manila","cityPsgc":"PH1303901","cLng":120.97879,"cLat":14.60789},"geometry":{"type":"Polygon","coordinates":[[[120.979,14.60878],[120.97917,14.60723],[120.97819,14.60767],[120.979,14.60878]]]}},{"type":"Feature","id":"PH1303901264","properties":{"psgc":"PH1303901264","brgy":"Barangay 264","city":"City of Manila","cityPsgc":"PH1303901","cLng":120.97864,"cLat":14.61029},"geometry":{"type":"Polygon","coordinates":[[[120.9787,14.61106],[120.97933,14.60933],[120.97788,14.61049],[120.9787,14.61106]]]}},{"type":"Feature","id":"PH1303901265","properties":{"psgc":"PH1303901265","brgy":"Barangay 265","city":"City of Manila","cityPsgc":"PH1303901","cLng":120.97994,"cLat":14.61132},"geometry":{"type":"Polygon","coordinates":[[[120.97899,14.61108],[120.9803,14.61192],[120.98052,14.61095],[120.97899,14.61108]]]}},{"type":"Feature","id":"PH1303901266","properties":{"psgc":"PH1303901266","brgy":"Barangay 266","city":"City of Manila","cityPsgc":"PH1303901","cLng":120.97699,"cLat":14.60618},"geometry":{"type":"Polygon","coordinates":[[[120.97587,14.60564],[120.97819,14.60767],[120.97689,14.60524],[120.97587,14.60564]]]}},{"type":"Feature","id":"PH1303901267","properties":{"psgc":"PH1303901267","brgy":"Barangay 267","city":"City of Manila","cityPsgc":"PH1303901","cLng":120.97971,"cLat":14.61215},"geometry":{"type":"Polygon","coordinates":[[[120.97903,14.61286],[120.9803,14.61192],[120.97986,14.61169],[120.97903,14.61286]]]}},{"type":"Feature","id":"PH1303901287","properties":{"psgc":"PH1303901287","brgy":"Barangay 287","city":"City of Manila","cityPsgc":"PH1303901","cLng":120.97523,"cLat":14.59754},"geometry":{"type":"Polygon","coordinates":[[[120.9749,14.59525],[120.97391,14.60175],[120.97687,14.59562],[120.9749,14.59525]]]}},{"type":"Feature","id":"PH1303901288","properties":{"psgc":"PH1303901288","brgy":"Barangay 288","city":"City of Manila","cityPsgc":"PH1303901","cLng":120.97523,"cLat":14.60066},"geometry":{"type":"Polygon","coordinates":[[[120.97421,14.59962],[120.97546,14.60147],[120.97605,14.6009],[120.97421,14.59962]]]}},{"type":"Feature","id":"PH1303901289","properties":{"psgc":"PH1303901289","brgy":"Barangay 289","city":"City of Manila","cityPsgc":"PH1303901","cLng":120.97565,"cLat":14.59831},"geometry":{"type":"Polygon","coordinates":[[[120.97432,14.59967],[120.97678,14.5979],[120.97585,14.59736],[120.97432,14.59967]]]}},{"type":"Feature","id":"PH1303901290","properties":{"psgc":"PH1303901290","brgy":"Barangay 290","city":"City of Manila","cityPsgc":"PH1303901","cLng":120.97761,"cLat":14.59921},"geometry":{"type":"Polygon","coordinates":[[[120.97678,14.5979],[120.97681,14.60025],[120.97925,14.59948],[120.97678,14.5979]]]}},{"type":"Feature","id":"PH1303901291","properties":{"psgc":"PH1303901291","brgy":"Barangay 291","city":"City of Manila","cityPsgc":"PH1303901","cLng":120.97756,"cLat":14.59659},"geometry":{"type":"Polygon","coordinates":[[[120.97585,14.59736],[120.97996,14.59678],[120.97686,14.59562],[120.97585,14.59736]]]}},{"type":"Feature","id":"PH1303901292","properties":{"psgc":"PH1303901292","brgy":"Barangay 292","city":"City of Manila","cityPsgc":"PH1303901","cLng":120.97483,"cLat":14.60358},"geometry":{"type":"Polygon","coordinates":[[[120.97485,14.60605],[120.97572,14.60295],[120.97391,14.60175],[120.97485,14.60605]]]}},{"type":"Feature","id":"PH1303901293","properties":{"psgc":"PH1303901293","brgy":"Barangay 293","city":"City of Manila","cityPsgc":"PH1303901","cLng":120.97322,"cLat":14.60457},"geometry":{"type":"Polygon","coordinates":[[[120.9709,14.60591],[120.97485,14.60605],[120.97391,14.60175],[120.9709,14.60591]]]}},{"type":"Feature","id":"PH1303901294","properties":{"psgc":"PH1303901294","brgy":"Barangay 294","city":"City of Manila","cityPsgc":"PH1303901","cLng":120.97692,"cLat":14.60426},"geometry":{"type":"Polygon","coordinates":[[[120.97479,14.60452],[120.97821,14.60475],[120.97774,14.60351],[120.97479,14.60452]]]}},{"type":"Feature","id":"PH1303901295","properties":{"psgc":"PH1303901295","brgy":"Barangay 295","city":"City of Manila","cityPsgc":"PH1303901","cLng":120.97655,"cLat":14.60202},"geometry":{"type":"Polygon","coordinates":[[[120.97578,14.60199],[120.97771,14.60239],[120.97616,14.60168],[120.97578,14.60199]]]}},{"type":"Feature","id":"PH1303901296","properties":{"psgc":"PH1303901296","brgy":"Barangay 296","city":"City of Manila","cityPsgc":"PH1303901","cLng":120.9759,"cLat":14.60205},"geometry":{"type":"Polygon","coordinates":[[[120.97458,14.6017],[120.97673,14.60385],[120.9764,14.60059],[120.97458,14.6017]]]}},{"type":"Feature","id":"PH1303901383","properties":{"psgc":"PH1303901383","brgy":"Barangay 383","city":"City of Manila","cityPsgc":"PH1303901","cLng":120.9848,"cLat":14.59678},"geometry":{"type":"Polygon","coordinates":[[[120.98376,14.59677],[120.98559,14.59706],[120.98508,14.59652],[120.98376,14.59677]]]}},{"type":"Feature","id":"PH1303901384","properties":{"psgc":"PH1303901384","brgy":"Barangay 384","city":"City of Manila","cityPsgc":"PH1303901","cLng":120.98387,"cLat":14.59585},"geometry":{"type":"Polygon","coordinates":[[[120.98376,14.59677],[120.98578,14.59527],[120.98208,14.59552],[120.98376,14.59677]]]}},{"type":"Feature","id":"PH1303901385","properties":{"psgc":"PH1303901385","brgy":"Barangay 385","city":"City of Manila","cityPsgc":"PH1303901","cLng":120.98865,"cLat":14.5958},"geometry":{"type":"Polygon","coordinates":[[[120.98822,14.59426],[120.98817,14.59666],[120.98955,14.59648],[120.98822,14.59426]]]}},{"type":"Feature","id":"PH1303901386","properties":{"psgc":"PH1303901386","brgy":"Barangay 386","city":"City of Manila","cityPsgc":"PH1303901","cLng":120.9893,"cLat":14.59375},"geometry":{"type":"Polygon","coordinates":[[[120.98822,14.59426],[120.99048,14.59361],[120.9892,14.59339],[120.98822,14.59426]]]}},{"type":"Feature","id":"PH1303901387","properties":{"psgc":"PH1303901387","brgy":"Barangay 387","city":"City of Manila","cityPsgc":"PH1303901","cLng":120.9882,"cLat":14.59701},"geometry":{"type":"Polygon","coordinates":[[[120.98547,14.59728],[120.98956,14.59726],[120.98955,14.59648],[120.98547,14.59728]]]}},{"type":"Feature","id":"PH1303901388","properties":{"psgc":"PH1303901388","brgy":"Barangay 388","city":"City of Manila","cityPsgc":"PH1303901","cLng":120.98817,"cLat":14.59784},"geometry":{"type":"Polygon","coordinates":[[[120.98824,14.5984],[120.98956,14.59726],[120.9867,14.59787],[120.98824,14.5984]]]}},{"type":"Feature","id":"PH1303901389","properties":{"psgc":"PH1303901389","brgy":"Barangay 389","city":"City of Manila","cityPsgc":"PH1303901","cLng":120.99,"cLat":14.59692},"geometry":{"type":"Polygon","coordinates":[[[120.98963,14.59778],[120.99081,14.59649],[120.98955,14.59648],[120.98963,14.59778]]]}},{"type":"Feature","id":"PH1303901390","properties":{"psgc":"PH1303901390","brgy":"Barangay 390","city":"City of Manila","cityPsgc":"PH1303901","cLng":120.98936,"cLat":14.59939},"geometry":{"type":"Polygon","coordinates":[[[120.98757,14.60059],[120.99095,14.60033],[120.98956,14.59726],[120.98757,14.60059]]]}},{"type":"Feature","id":"PH1303901391","properties":{"psgc":"PH1303901391","brgy":"Barangay 391","city":"City of Manila","cityPsgc":"PH1303901","cLng":120.98658,"cLat":14.60032},"geometry":{"type":"Polygon","coordinates":[[[120.98453,14.60058],[120.98634,14.60101],[120.98887,14.59937],[120.98453,14.60058]]]}},{"type":"Feature","id":"PH1303901392","properties":{"psgc":"PH1303901392","brgy":"Barangay 392","city":"City of Manila","cityPsgc":"PH1303901","cLng":120.98715,"cLat":14.60137},"geometry":{"type":"Polygon","coordinates":[[[120.98582,14.60201],[120.98812,14.60166],[120.9875,14.60045],[120.98582,14.60201]]]}},{"type":"Feature","id":"PH1303901393","properties":{"psgc":"PH1303901393","brgy":"Barangay 393","city":"City of Manila","cityPsgc":"PH1303901","cLng":120.98611,"cLat":14.59861},"geometry":{"type":"Polygon","coordinates":[[[120.98493,14.59948],[120.98943,14.5984],[120.98397,14.59795],[120.98493,14.59948]]]}},{"type":"Feature","id":"PH1303901394","properties":{"psgc":"PH1303901394","brgy":"Barangay 394","city":"City of Manila","cityPsgc":"PH1303901","cLng":120.98501,"cLat":14.59971},"geometry":{"type":"Polygon","coordinates":[[[120.98453,14.60058],[120.98634,14.59975],[120.98418,14.59881],[120.98453,14.60058]]]}},{"type":"Feature","id":"PH1303901306","properties":{"psgc":"PH1303901306","brgy":"Barangay 306","city":"City of Manila","cityPsgc":"PH1303901","cLng":120.98215,"cLat":14.59673},"geometry":{"type":"Polygon","coordinates":[[[120.98041,14.59672],[120.98397,14.59795],[120.98208,14.59552],[120.98041,14.59672]]]}},{"type":"Feature","id":"PH1303901307","properties":{"psgc":"PH1303901307","brgy":"Barangay 307","city":"City of Manila","cityPsgc":"PH1303901","cLng":120.98327,"cLat":14.59917},"geometry":{"type":"Polygon","coordinates":[[[120.98131,14.59897],[120.98453,14.60058],[120.98397,14.59795],[120.98131,14.59897]]]}},{"type":"Feature","id":"PH1303901308","properties":{"psgc":"PH1303901308","brgy":"Barangay 308","city":"City of Manila","cityPsgc":"PH1303901","cLng":120.98435,"cLat":14.60144},"geometry":{"type":"Polygon","coordinates":[[[120.98348,14.60059],[120.98504,14.60314],[120.98453,14.60058],[120.98348,14.60059]]]}},{"type":"Feature","id":"PH1303901309","properties":{"psgc":"PH1303901309","brgy":"Barangay 309","city":"City of Manila","cityPsgc":"PH1303901","cLng":120.98294,"cLat":14.60165},"geometry":{"type":"Polygon","coordinates":[[[120.98163,14.60089],[120.9837,14.60347],[120.98348,14.60059],[120.98163,14.60089]]]}},{"type":"Feature","id":"PH1303901268","properties":{"psgc":"PH1303901268","brgy":"Barangay 268","city":"City of Manila","cityPsgc":"PH1303901","cLng":120.97101,"cLat":14.60363},"geometry":{"type":"Polygon","coordinates":[[[120.9697,14.60505],[120.9721,14.60336],[120.97122,14.60249],[120.9697,14.60505]]]}},{"type":"Feature","id":"PH1303901269","properties":{"psgc":"PH1303901269","brgy":"Barangay 269","city":"City of Manila","cityPsgc":"PH1303901","cLng":120.9692,"cLat":14.60375},"geometry":{"type":"Polygon","coordinates":[[[120.9697,14.60505],[120.96953,14.60254],[120.96838,14.60365],[120.9697,14.60505]]]}},{"type":"Feature","id":"PH1303901270","properties":{"psgc":"PH1303901270","brgy":"Barangay 270","city":"City of Manila","cityPsgc":"PH1303901","cLng":120.96854,"cLat":14.6013},"geometry":{"type":"Polygon","coordinates":[[[120.96717,14.60215],[120.96931,14.60184],[120.96913,14.5999],[120.96717,14.60215]]]}},{"type":"Feature","id":"PH1303901271","properties":{"psgc":"PH1303901271","brgy":"Barangay 271","city":"City of Manila","cityPsgc":"PH1303901","cLng":120.96967,"cLat":14.60179},"geometry":{"type":"Polygon","coordinates":[[[120.96797,14.60316],[120.9715,14.60197],[120.96955,14.60023],[120.96797,14.60316]]]}},{"type":"Feature","id":"PH1303901272","properties":{"psgc":"PH1303901272","brgy":"Barangay 272","city":"City of Manila","cityPsgc":"PH1303901","cLng":120.96707,"cLat":14.59956},"geometry":{"type":"Polygon","coordinates":[[[120.9683,14.60084],[120.96673,14.59879],[120.96621,14.59905],[120.9683,14.60084]]]}},{"type":"Feature","id":"PH1303901273","properties":{"psgc":"PH1303901273","brgy":"Barangay 273","city":"City of Manila","cityPsgc":"PH1303901","cLng":120.96741,"cLat":14.59906},"geometry":{"type":"Polygon","coordinates":[[[120.96875,14.60032],[120.96708,14.59826],[120.96641,14.59861],[120.96875,14.60032]]]}},{"type":"Feature","id":"PH1303901274","properties":{"psgc":"PH1303901274","brgy":"Barangay 274","city":"City of Manila","cityPsgc":"PH1303901","cLng":120.96687,"cLat":14.60026},"geometry":{"type":"Polygon","coordinates":[[[120.96609,14.60108],[120.96744,14.60001],[120.96706,14.59969],[120.96609,14.60108]]]}},{"type":"Feature","id":"PH1303901275","properties":{"psgc":"PH1303901275","brgy":"Barangay 275","city":"City of Manila","cityPsgc":"PH1303901","cLng":120.96217,"cLat":14.59692},"geometry":{"type":"Polygon","coordinates":[[[120.96335,14.59849],[120.96731,14.59592],[120.95584,14.59636],[120.96335,14.59849]]]}},{"type":"Feature","id":"PH1303901276","properties":{"psgc":"PH1303901276","brgy":"Barangay 276","city":"City of Manila","cityPsgc":"PH1303901","cLng":120.96749,"cLat":14.60085},"geometry":{"type":"Polygon","coordinates":[[[120.96671,14.6017],[120.9683,14.60084],[120.96744,14.60001],[120.96671,14.6017]]]}},{"type":"Feature","id":"PH1303901281","properties":{"psgc":"PH1303901281","brgy":"Barangay 281","city":"City of Manila","cityPsgc":"PH1303901","cLng":120.97143,"cLat":14.59931},"geometry":{"type":"Polygon","coordinates":[[[120.96955,14.60023],[120.97343,14.59951],[120.97132,14.5982],[120.96955,14.60023]]]}},{"type":"Feature","id":"PH1303901282","properties":{"psgc":"PH1303901282","brgy":"Barangay 282","city":"City of Manila","cityPsgc":"PH1303901","cLng":120.9738,"cLat":14.59596},"geometry":{"type":"Polygon","coordinates":[[[120.97193,14.59561],[120.97456,14.59703],[120.9749,14.59525],[120.97193,14.59561]]]}},{"type":"Feature","id":"PH1303901283","properties":{"psgc":"PH1303901283","brgy":"Barangay 283","city":"City of Manila","cityPsgc":"PH1303901","cLng":120.96912,"cLat":14.59691},"geometry":{"type":"Polygon","coordinates":[[[120.96715,14.59832],[120.97,14.5966],[120.97021,14.5958],[120.96715,14.59832]]]}},{"type":"Feature","id":"PH1303901284","properties":{"psgc":"PH1303901284","brgy":"Barangay 284","city":"City of Manila","cityPsgc":"PH1303901","cLng":120.96991,"cLat":14.59756},"geometry":{"type":"Polygon","coordinates":[[[120.96812,14.59908],[120.97083,14.59784],[120.97078,14.59575],[120.96812,14.59908]]]}},{"type":"Feature","id":"PH1303901285","properties":{"psgc":"PH1303901285","brgy":"Barangay 285","city":"City of Manila","cityPsgc":"PH1303901","cLng":120.97107,"cLat":14.59747},"geometry":{"type":"Polygon","coordinates":[[[120.96913,14.5999],[120.97216,14.59691],[120.97193,14.59561],[120.96913,14.5999]]]}},{"type":"Feature","id":"PH1303901286","properties":{"psgc":"PH1303901286","brgy":"Barangay 286","city":"City of Manila","cityPsgc":"PH1303901","cLng":120.9683,"cLat":14.59611},"geometry":{"type":"Polygon","coordinates":[[[120.96731,14.59592],[120.96862,14.59651],[120.96894,14.59591],[120.96731,14.59592]]]}},{"type":"Feature","id":"PH1303901297","properties":{"psgc":"PH1303901297","brgy":"Barangay 297","city":"City of Manila","cityPsgc":"PH1303901","cLng":120.97755,"cLat":14.60069},"geometry":{"type":"Polygon","coordinates":[[[120.9764,14.60059],[120.97834,14.60145],[120.97789,14.60003],[120.9764,14.60059]]]}},{"type":"Feature","id":"PH1303901298","properties":{"psgc":"PH1303901298","brgy":"Barangay 298","city":"City of Manila","cityPsgc":"PH1303901","cLng":120.9793,"cLat":14.60033},"geometry":{"type":"Polygon","coordinates":[[[120.97789,14.60003],[120.97975,14.60099],[120.98025,14.59996],[120.97789,14.60003]]]}},{"type":"Feature","id":"PH1303901299","properties":{"psgc":"PH1303901299","brgy":"Barangay 299","city":"City of Manila","cityPsgc":"PH1303901","cLng":120.97866,"cLat":14.60311},"geometry":{"type":"Polygon","coordinates":[[[120.97776,14.60268],[120.97951,14.60425],[120.97871,14.60239],[120.97776,14.60268]]]}},{"type":"Feature","id":"PH1303901300","properties":{"psgc":"PH1303901300","brgy":"Barangay 300","city":"City of Manila","cityPsgc":"PH1303901","cLng":120.97812,"cLat":14.60185},"geometry":{"type":"Polygon","coordinates":[[[120.97732,14.60171],[120.97871,14.60239],[120.97834,14.60145],[120.97732,14.60171]]]}},{"type":"Feature","id":"PH1303901301","properties":{"psgc":"PH1303901301","brgy":"Barangay 301","city":"City of Manila","cityPsgc":"PH1303901","cLng":120.97951,"cLat":14.60209},"geometry":{"type":"Polygon","coordinates":[[[120.97871,14.60239],[120.98028,14.60272],[120.97952,14.60115],[120.97871,14.60239]]]}},{"type":"Feature","id":"PH1303901302","properties":{"psgc":"PH1303901302","brgy":"Barangay 302","city":"City of Manila","cityPsgc":"PH1303901","cLng":120.97872,"cLat":14.6017},"geometry":{"type":"Polygon","coordinates":[[[120.97871,14.60239],[120.97915,14.60125],[120.97834,14.60145],[120.97871,14.60239]]]}},{"type":"Feature","id":"PH1303901303","properties":{"psgc":"PH1303901303","brgy":"Barangay 303","city":"City of Manila","cityPsgc":"PH1303901","cLng":120.98047,"cLat":14.59926},"geometry":{"type":"Polygon","coordinates":[[[120.97925,14.59948],[120.98176,14.60159],[120.98041,14.59672],[120.97925,14.59948]]]}},{"type":"Feature","id":"PH1303901304","properties":{"psgc":"PH1303901304","brgy":"Barangay 304","city":"City of Manila","cityPsgc":"PH1303901","cLng":120.98112,"cLat":14.60242},"geometry":{"type":"Polygon","coordinates":[[[120.98106,14.60384],[120.98176,14.60159],[120.98052,14.60184],[120.98106,14.60384]]]}},{"type":"Feature","id":"PH1303901305","properties":{"psgc":"PH1303901305","brgy":"Barangay 305","city":"City of Manila","cityPsgc":"PH1303901","cLng":120.98002,"cLat":14.60254},"geometry":{"type":"Polygon","coordinates":[[[120.97902,14.60313],[120.98106,14.60384],[120.97997,14.60066],[120.97902,14.60313]]]}},{"type":"Feature","id":"PH1303901310","properties":{"psgc":"PH1303901310","brgy":"Barangay 310","city":"City of Manila","cityPsgc":"PH1303901","cLng":120.98418,"cLat":14.60416},"geometry":{"type":"Polygon","coordinates":[[[120.98195,14.60373],[120.98554,14.60562],[120.98504,14.60314],[120.98195,14.60373]]]}},{"type":"Feature","id":"PH1303901311","properties":{"psgc":"PH1303901311","brgy":"Barangay 311","city":"City of Manila","cityPsgc":"PH1303901","cLng":120.98494,"cLat":14.60637},"geometry":{"type":"Polygon","coordinates":[[[120.98337,14.60607],[120.98591,14.60742],[120.98554,14.60562],[120.98337,14.60607]]]}},{"type":"Feature","id":"PH1303901312","properties":{"psgc":"PH1303901312","brgy":"Barangay 312","city":"City of Manila","cityPsgc":"PH1303901","cLng":120.98259,"cLat":14.60647},"geometry":{"type":"Polygon","coordinates":[[[120.98223,14.60771],[120.9835,14.60656],[120.98204,14.60515],[120.98223,14.60771]]]}},{"type":"Feature","id":"PH1303901313","properties":{"psgc":"PH1303901313","brgy":"Barangay 313","city":"City of Manila","cityPsgc":"PH1303901","cLng":120.98073,"cLat":14.60454},"geometry":{"type":"Polygon","coordinates":[[[120.97821,14.60475],[120.98204,14.60515],[120.98195,14.60373],[120.97821,14.60475]]]}},{"type":"Feature","id":"PH1303901314","properties":{"psgc":"PH1303901314","brgy":"Barangay 314","city":"City of Manila","cityPsgc":"PH1303901","cLng":120.9809,"cLat":14.60574},"geometry":{"type":"Polygon","coordinates":[[[120.97851,14.60557],[120.98214,14.6065],[120.98204,14.60515],[120.97851,14.60557]]]}},{"type":"Feature","id":"PH1303901315","properties":{"psgc":"PH1303901315","brgy":"Barangay 315","city":"City of Manila","cityPsgc":"PH1303901","cLng":120.98503,"cLat":14.60817},"geometry":{"type":"Polygon","coordinates":[[[120.98306,14.60766],[120.98612,14.60942],[120.98591,14.60742],[120.98306,14.60766]]]}},{"type":"Feature","id":"PH1303901316","properties":{"psgc":"PH1303901316","brgy":"Barangay 316","city":"City of Manila","cityPsgc":"PH1303901","cLng":120.98256,"cLat":14.60834},"geometry":{"type":"Polygon","coordinates":[[[120.98238,14.60966],[120.98306,14.60766],[120.98223,14.60771],[120.98238,14.60966]]]}},{"type":"Feature","id":"PH1303901317","properties":{"psgc":"PH1303901317","brgy":"Barangay 317","city":"City of Manila","cityPsgc":"PH1303901","cLng":120.9856,"cLat":14.6111},"geometry":{"type":"Polygon","coordinates":[[[120.98429,14.61083],[120.98628,14.61178],[120.98622,14.61069],[120.98429,14.61083]]]}},{"type":"Feature","id":"PH1303901318","properties":{"psgc":"PH1303901318","brgy":"Barangay 318","city":"City of Manila","cityPsgc":"PH1303901","cLng":120.9845,"cLat":14.60995},"geometry":{"type":"Polygon","coordinates":[[[120.98429,14.61083],[120.98501,14.60949],[120.98419,14.60954],[120.98429,14.61083]]]}},{"type":"Feature","id":"PH1303901319","properties":{"psgc":"PH1303901319","brgy":"Barangay 319","city":"City of Manila","cityPsgc":"PH1303901","cLng":120.98578,"cLat":14.60987},"geometry":{"type":"Polygon","coordinates":[[[120.98501,14.60949],[120.98622,14.61069],[120.98612,14.60942],[120.98501,14.60949]]]}},{"type":"Feature","id":"PH1303901320","properties":{"psgc":"PH1303901320","brgy":"Barangay 320","city":"City of Manila","cityPsgc":"PH1303901","cLng":120.98371,"cLat":14.61124},"geometry":{"type":"Polygon","coordinates":[[[120.98247,14.61096],[120.98438,14.61192],[120.98429,14.61083],[120.98247,14.61096]]]}},{"type":"Feature","id":"PH1303901321","properties":{"psgc":"PH1303901321","brgy":"Barangay 321","city":"City of Manila","cityPsgc":"PH1303901","cLng":120.98269,"cLat":14.61007},"geometry":{"type":"Polygon","coordinates":[[[120.98247,14.61096],[120.98321,14.6096],[120.98238,14.60966],[120.98247,14.61096]]]}},{"type":"Feature","id":"PH1303901322","properties":{"psgc":"PH1303901322","brgy":"Barangay 322","city":"City of Manila","cityPsgc":"PH1303901","cLng":120.98358,"cLat":14.61001},"geometry":{"type":"Polygon","coordinates":[[[120.98331,14.61089],[120.98419,14.60954],[120.98321,14.6096],[120.98331,14.61089]]]}},{"type":"Feature","id":"PH1303901323","properties":{"psgc":"PH1303901323","brgy":"Barangay 323","city":"City of Manila","cityPsgc":"PH1303901","cLng":120.98568,"cLat":14.61217},"geometry":{"type":"Polygon","coordinates":[[[120.98438,14.61192],[120.98638,14.61281],[120.98628,14.61178],[120.98438,14.61192]]]}},{"type":"Feature","id":"PH1303901324","properties":{"psgc":"PH1303901324","brgy":"Barangay 324","city":"City of Manila","cityPsgc":"PH1303901","cLng":120.98406,"cLat":14.6123},"geometry":{"type":"Polygon","coordinates":[[[120.98336,14.61202],[120.98447,14.61297],[120.98438,14.61192],[120.98336,14.61202]]]}},{"type":"Feature","id":"PH1303901325","properties":{"psgc":"PH1303901325","brgy":"Barangay 325","city":"City of Manila","cityPsgc":"PH1303901","cLng":120.98285,"cLat":14.61239},"geometry":{"type":"Polygon","coordinates":[[[120.98263,14.61308],[120.98336,14.61202],[120.98256,14.61208],[120.98263,14.61308]]]}},{"type":"Feature","id":"PH1303901326","properties":{"psgc":"PH1303901326","brgy":"Barangay 326","city":"City of Manila","cityPsgc":"PH1303901","cLng":120.98075,"cLat":14.61017},"geometry":{"type":"Polygon","coordinates":[[[120.98052,14.61095],[120.9813,14.60975],[120.98046,14.60981],[120.98052,14.61095]]]}},{"type":"Feature","id":"PH1303901327","properties":{"psgc":"PH1303901327","brgy":"Barangay 327","city":"City of Manila","cityPsgc":"PH1303901","cLng":120.98106,"cLat":14.61171},"geometry":{"type":"Polygon","coordinates":[[[120.98052,14.61095],[120.98124,14.61315],[120.98141,14.61103],[120.98052,14.61095]]]}},{"type":"Feature","id":"PH1303901328","properties":{"psgc":"PH1303901328","brgy":"Barangay 328","city":"City of Manila","cityPsgc":"PH1303901","cLng":120.98086,"cLat":14.60912},"geometry":{"type":"Polygon","coordinates":[[[120.9801,14.60885],[120.9813,14.60975],[120.98122,14.60877],[120.9801,14.60885]]]}},{"type":"Feature","id":"PH1303901329","properties":{"psgc":"PH1303901329","brgy":"Barangay 329","city":"City of Manila","cityPsgc":"PH1303901","cLng":120.98068,"cLat":14.60734},"geometry":{"type":"Polygon","coordinates":[[[120.98057,14.60881],[120.98105,14.60658],[120.98043,14.60663],[120.98057,14.60881]]]}},{"type":"Feature","id":"PH1303901330","properties":{"psgc":"PH1303901330","brgy":"Barangay 330","city":"City of Manila","cityPsgc":"PH1303901","cLng":120.97964,"cLat":14.60711},"geometry":{"type":"Polygon","coordinates":[[[120.97952,14.60796],[120.98043,14.60663],[120.97896,14.60674],[120.97952,14.60796]]]}},{"type":"Feature","id":"PH1303901331","properties":{"psgc":"PH1303901331","brgy":"Barangay 331","city":"City of Manila","cityPsgc":"PH1303901","cLng":120.98032,"cLat":14.6143},"geometry":{"type":"Polygon","coordinates":[[[120.97877,14.61657],[120.98263,14.61308],[120.97956,14.61324],[120.97877,14.61657]]]}},{"type":"Feature","id":"PH1303901332","properties":{"psgc":"PH1303901332","brgy":"Barangay 332","city":"City of Manila","cityPsgc":"PH1303901","cLng":120.98161,"cLat":14.60908},"geometry":{"type":"Polygon","coordinates":[[[120.9813,14.60975],[120.9823,14.60871],[120.98122,14.60877],[120.9813,14.60975]]]}},{"type":"Feature","id":"PH1303901333","properties":{"psgc":"PH1303901333","brgy":"Barangay 333","city":"City of Manila","cityPsgc":"PH1303901","cLng":120.9817,"cLat":14.61015},"geometry":{"type":"Polygon","coordinates":[[[120.98141,14.61103],[120.98238,14.60966],[120.9813,14.60975],[120.98141,14.61103]]]}},{"type":"Feature","id":"PH1303901334","properties":{"psgc":"PH1303901334","brgy":"Barangay 334","city":"City of Manila","cityPsgc":"PH1303901","cLng":120.98217,"cLat":14.61169},"geometry":{"type":"Polygon","coordinates":[[[120.98141,14.61103],[120.98263,14.61308],[120.98247,14.61096],[120.98141,14.61103]]]}},{"type":"Feature","id":"PH1303901335","properties":{"psgc":"PH1303901335","brgy":"Barangay 335","city":"City of Manila","cityPsgc":"PH1303901","cLng":120.98147,"cLat":14.60728},"geometry":{"type":"Polygon","coordinates":[[[120.98122,14.60877],[120.98214,14.6065],[120.98105,14.60658],[120.98122,14.60877]]]}},{"type":"Feature","id":"PH1303901336","properties":{"psgc":"PH1303901336","brgy":"Barangay 336","city":"City of Manila","cityPsgc":"PH1303901","cLng":120.98341,"cLat":14.61646},"geometry":{"type":"Polygon","coordinates":[[[120.98474,14.617],[120.98272,14.61558],[120.98275,14.61679],[120.98474,14.617]]]}},{"type":"Feature","id":"PH1303901337","properties":{"psgc":"PH1303901337","brgy":"Barangay 337","city":"City of Manila","cityPsgc":"PH1303901","cLng":120.98397,"cLat":14.61465},"geometry":{"type":"Polygon","coordinates":[[[120.98268,14.61432],[120.98467,14.61544],[120.98457,14.61419],[120.98268,14.61432]]]}},{"type":"Feature","id":"PH1303901338","properties":{"psgc":"PH1303901338","brgy":"Barangay 338","city":"City of Manila","cityPsgc":"PH1303901","cLng":120.98589,"cLat":14.61452},"geometry":{"type":"Polygon","coordinates":[[[120.98457,14.61419],[120.9866,14.61531],[120.98649,14.61407],[120.98457,14.61419]]]}},{"type":"Feature","id":"PH1303901339","properties":{"psgc":"PH1303901339","brgy":"Barangay 339","city":"City of Manila","cityPsgc":"PH1303901","cLng":120.9839,"cLat":14.61341},"geometry":{"type":"Polygon","coordinates":[[[120.98263,14.61308],[120.98457,14.61419],[120.98447,14.61297],[120.98263,14.61308]]]}},{"type":"Feature","id":"PH1303901340","properties":{"psgc":"PH1303901340","brgy":"Barangay 340","city":"City of Manila","cityPsgc":"PH1303901","cLng":120.98577,"cLat":14.61328},"geometry":{"type":"Polygon","coordinates":[[[120.98447,14.61297],[120.98649,14.61407],[120.98638,14.61281],[120.98447,14.61297]]]}},{"type":"Feature","id":"PH1303901341","properties":{"psgc":"PH1303901341","brgy":"Barangay 341","city":"City of Manila","cityPsgc":"PH1303901","cLng":120.98534,"cLat":14.61592},"geometry":{"type":"Polygon","coordinates":[[[120.98474,14.617],[120.9866,14.61531],[120.98467,14.61544],[120.98474,14.617]]]}},{"type":"Feature","id":"PH1303901342","properties":{"psgc":"PH1303901342","brgy":"Barangay 342","city":"City of Manila","cityPsgc":"PH1303901","cLng":120.98721,"cLat":14.61389},"geometry":{"type":"Polygon","coordinates":[[[120.98667,14.61602],[120.9887,14.61394],[120.98627,14.61172],[120.98667,14.61602]]]}},{"type":"Feature","id":"PH1303901343","properties":{"psgc":"PH1303901343","brgy":"Barangay 343","city":"City of Manila","cityPsgc":"PH1303901","cLng":120.98808,"cLat":14.61551},"geometry":{"type":"Polygon","coordinates":[[[120.98667,14.61602],[120.98886,14.61658],[120.9887,14.61394],[120.98667,14.61602]]]}},{"type":"Feature","id":"PH1303901344","properties":{"psgc":"PH1303901344","brgy":"Barangay 344","city":"City of Manila","cityPsgc":"PH1303901","cLng":120.98449,"cLat":14.6173},"geometry":{"type":"Polygon","coordinates":[[[120.98275,14.61679],[120.98495,14.61806],[120.98576,14.61706],[120.98275,14.61679]]]}},{"type":"Feature","id":"PH1303901345","properties":{"psgc":"PH1303901345","brgy":"Barangay 345","city":"City of Manila","cityPsgc":"PH1303901","cLng":120.98416,"cLat":14.6197},"geometry":{"type":"Polygon","coordinates":[[[120.98282,14.61934],[120.98484,14.6205],[120.98482,14.61927],[120.98282,14.61934]]]}},{"type":"Feature","id":"PH1303901346","properties":{"psgc":"PH1303901346","brgy":"Barangay 346","city":"City of Manila","cityPsgc":"PH1303901","cLng":120.98419,"cLat":14.61847},"geometry":{"type":"Polygon","coordinates":[[[120.98279,14.61809],[120.98482,14.61927],[120.98495,14.61806],[120.98279,14.61809]]]}},{"type":"Feature","id":"PH1303901347","properties":{"psgc":"PH1303901347","brgy":"Barangay 347","city":"City of Manila","cityPsgc":"PH1303901","cLng":120.9842,"cLat":14.62095},"geometry":{"type":"Polygon","coordinates":[[[120.98285,14.62056],[120.98489,14.62178],[120.98484,14.6205],[120.98285,14.62056]]]}},{"type":"Feature","id":"PH1303901348","properties":{"psgc":"PH1303901348","brgy":"Barangay 348","city":"City of Manila","cityPsgc":"PH1303901","cLng":120.98356,"cLat":14.62214},"geometry":{"type":"Polygon","coordinates":[[[120.98292,14.62283],[120.98489,14.62178],[120.98288,14.6218],[120.98292,14.62283]]]}},{"type":"Feature","id":"PH1303901349","properties":{"psgc":"PH1303901349","brgy":"Barangay 349","city":"City of Manila","cityPsgc":"PH1303901","cLng":120.98627,"cLat":14.62206},"geometry":{"type":"Polygon","coordinates":[[[120.98489,14.62178],[120.98655,14.6225],[120.98735,14.62191],[120.98489,14.62178]]]}},{"type":"Feature","id":"PH1303901350","properties":{"psgc":"PH1303901350","brgy":"Barangay 350","city":"City of Manila","cityPsgc":"PH1303901","cLng":120.98619,"cLat":14.61864},"geometry":{"type":"Polygon","coordinates":[[[120.98489,14.62178],[120.98788,14.61716],[120.98581,14.61699],[120.98489,14.62178]]]}},{"type":"Feature","id":"PH1303901351","properties":{"psgc":"PH1303901351","brgy":"Barangay 351","city":"City of Manila","cityPsgc":"PH1303901","cLng":120.98856,"cLat":14.61899},"geometry":{"type":"Polygon","coordinates":[[[120.98775,14.61826],[120.98901,14.6205],[120.98893,14.61822],[120.98775,14.61826]]]}},{"type":"Feature","id":"PH1303901352","properties":{"psgc":"PH1303901352","brgy":"Barangay 352","city":"City of Manila","cityPsgc":"PH1303901","cLng":120.98752,"cLat":14.61691},"geometry":{"type":"Polygon","coordinates":[[[120.98788,14.61716],[120.98886,14.61658],[120.98581,14.61699],[120.98788,14.61716]]]}},{"type":"Feature","id":"PH1303901353","properties":{"psgc":"PH1303901353","brgy":"Barangay 353","city":"City of Manila","cityPsgc":"PH1303901","cLng":120.98184,"cLat":14.61714},"geometry":{"type":"Polygon","coordinates":[[[120.97999,14.61655],[120.98279,14.61809],[120.98275,14.61679],[120.97999,14.61655]]]}},{"type":"Feature","id":"PH1303901354","properties":{"psgc":"PH1303901354","brgy":"Barangay 354","city":"City of Manila","cityPsgc":"PH1303901","cLng":120.98187,"cLat":14.61852},"geometry":{"type":"Polygon","coordinates":[[[120.98002,14.61814],[120.98282,14.61934],[120.98279,14.61809],[120.98002,14.61814]]]}},{"type":"Feature","id":"PH1303901355","properties":{"psgc":"PH1303901355","brgy":"Barangay 355","city":"City of Manila","cityPsgc":"PH1303901","cLng":120.9796,"cLat":14.61751},"geometry":{"type":"Polygon","coordinates":[[[120.97877,14.61657],[120.98004,14.6194],[120.97999,14.61655],[120.97877,14.61657]]]}},{"type":"Feature","id":"PH1303901356","properties":{"psgc":"PH1303901356","brgy":"Barangay 356","city":"City of Manila","cityPsgc":"PH1303901","cLng":120.98229,"cLat":14.62211},"geometry":{"type":"Polygon","coordinates":[[[120.98105,14.62186],[120.98293,14.62268],[120.98288,14.6218],[120.98105,14.62186]]]}},{"type":"Feature","id":"PH1303901357","properties":{"psgc":"PH1303901357","brgy":"Barangay 357","city":"City of Manila","cityPsgc":"PH1303901","cLng":120.9824,"cLat":14.62098},"geometry":{"type":"Polygon","coordinates":[[[120.98148,14.62059],[120.98288,14.6218],[120.98285,14.62056],[120.98148,14.62059]]]}},{"type":"Feature","id":"PH1303901358","properties":{"psgc":"PH1303901358","brgy":"Barangay 358","city":"City of Manila","cityPsgc":"PH1303901","cLng":120.98191,"cLat":14.61976},"geometry":{"type":"Polygon","coordinates":[[[120.98148,14.62059],[120.98282,14.61934],[120.98144,14.61936],[120.98148,14.62059]]]}},{"type":"Feature","id":"PH1303901359","properties":{"psgc":"PH1303901359","brgy":"Barangay 359","city":"City of Manila","cityPsgc":"PH1303901","cLng":120.98053,"cLat":14.62223},"geometry":{"type":"Polygon","coordinates":[[[120.97947,14.62195],[120.98106,14.62287],[120.98105,14.62186],[120.97947,14.62195]]]}},{"type":"Feature","id":"PH1303901360","properties":{"psgc":"PH1303901360","brgy":"Barangay 360","city":"City of Manila","cityPsgc":"PH1303901","cLng":120.9807,"cLat":14.62107},"geometry":{"type":"Polygon","coordinates":[[[120.97913,14.62076],[120.98149,14.62185],[120.98148,14.62059],[120.97913,14.62076]]]}},{"type":"Feature","id":"PH1303901361","properties":{"psgc":"PH1303901361","brgy":"Barangay 361","city":"City of Manila","cityPsgc":"PH1303901","cLng":120.98099,"cLat":14.61978},"geometry":{"type":"Polygon","coordinates":[[[120.98004,14.6194],[120.98148,14.62059],[120.98144,14.61936],[120.98004,14.6194]]]}},{"type":"Feature","id":"PH1303901362","properties":{"psgc":"PH1303901362","brgy":"Barangay 362","city":"City of Manila","cityPsgc":"PH1303901","cLng":120.97965,"cLat":14.61983},"geometry":{"type":"Polygon","coordinates":[[[120.97881,14.61944],[120.9801,14.62065],[120.98004,14.6194],[120.97881,14.61944]]]}},{"type":"Feature","id":"PH1303901363","properties":{"psgc":"PH1303901363","brgy":"Barangay 363","city":"City of Manila","cityPsgc":"PH1303901","cLng":120.98455,"cLat":14.62371},"geometry":{"type":"Polygon","coordinates":[[[120.98292,14.62283],[120.98496,14.62418],[120.98577,14.62413],[120.98292,14.62283]]]}},{"type":"Feature","id":"PH1303901364","properties":{"psgc":"PH1303901364","brgy":"Barangay 364","city":"City of Manila","cityPsgc":"PH1303901","cLng":120.98575,"cLat":14.62301},"geometry":{"type":"Polygon","coordinates":[[[120.98536,14.62393],[120.98655,14.6225],[120.98532,14.6226],[120.98536,14.62393]]]}},{"type":"Feature","id":"PH1303901365","properties":{"psgc":"PH1303901365","brgy":"Barangay 365","city":"City of Manila","cityPsgc":"PH1303901","cLng":120.98453,"cLat":14.62312},"geometry":{"type":"Polygon","coordinates":[[[120.98536,14.62393],[120.98532,14.6226],[120.98292,14.62283],[120.98536,14.62393]]]}},{"type":"Feature","id":"PH1303901366","properties":{"psgc":"PH1303901366","brgy":"Barangay 366","city":"City of Manila","cityPsgc":"PH1303901","cLng":120.98398,"cLat":14.62461},"geometry":{"type":"Polygon","coordinates":[[[120.98295,14.62422],[120.98451,14.62542],[120.98449,14.62419],[120.98295,14.62422]]]}},{"type":"Feature","id":"PH1303901367","properties":{"psgc":"PH1303901367","brgy":"Barangay 367","city":"City of Manila","cityPsgc":"PH1303901","cLng":120.9859,"cLat":14.62455},"geometry":{"type":"Polygon","coordinates":[[[120.98449,14.62419],[120.98662,14.62536],[120.98657,14.62411],[120.98449,14.62419]]]}},{"type":"Feature","id":"PH1303901368","properties":{"psgc":"PH1303901368","brgy":"Barangay 368","city":"City of Manila","cityPsgc":"PH1303901","cLng":120.98848,"cLat":14.62171},"geometry":{"type":"Polygon","coordinates":[[[120.98734,14.62203],[120.98908,14.62259],[120.98901,14.6205],[120.98734,14.62203]]]}},{"type":"Feature","id":"PH1303901369","properties":{"psgc":"PH1303901369","brgy":"Barangay 369","city":"City of Manila","cityPsgc":"PH1303901","cLng":120.98716,"cLat":14.62282},"geometry":{"type":"Polygon","coordinates":[[[120.98654,14.62235],[120.98762,14.62408],[120.98734,14.62203],[120.98654,14.62235]]]}},{"type":"Feature","id":"PH1303901370","properties":{"psgc":"PH1303901370","brgy":"Barangay 370","city":"City of Manila","cityPsgc":"PH1303901","cLng":120.98749,"cLat":14.6245},"geometry":{"type":"Polygon","coordinates":[[[120.98657,14.62411],[120.98722,14.62535],[120.98867,14.62404],[120.98657,14.62411]]]}},{"type":"Feature","id":"PH1303901371","properties":{"psgc":"PH1303901371","brgy":"Barangay 371","city":"City of Manila","cityPsgc":"PH1303901","cLng":120.98859,"cLat":14.62296},"geometry":{"type":"Polygon","coordinates":[[[120.98759,14.62263],[120.98911,14.62367],[120.98908,14.62259],[120.98759,14.62263]]]}},{"type":"Feature","id":"PH1303901372","properties":{"psgc":"PH1303901372","brgy":"Barangay 372","city":"City of Manila","cityPsgc":"PH1303901","cLng":120.98964,"cLat":14.62988},"geometry":{"type":"Polygon","coordinates":[[[120.98676,14.63004],[120.99306,14.63593],[120.98911,14.62367],[120.98676,14.63004]]]}},{"type":"Feature","id":"PH1303901373","properties":{"psgc":"PH1303901373","brgy":"Barangay 373","city":"City of Manila","cityPsgc":"PH1303901","cLng":120.98331,"cLat":14.63016},"geometry":{"type":"Polygon","coordinates":[[[120.98303,14.63107],[120.98424,14.63014],[120.98265,14.62927],[120.98303,14.63107]]]}},{"type":"Feature","id":"PH1303901374","properties":{"psgc":"PH1303901374","brgy":"Barangay 374","city":"City of Manila","cityPsgc":"PH1303901","cLng":120.9823,"cLat":14.63059},"geometry":{"type":"Polygon","coordinates":[[[120.98107,14.631],[120.9834,14.63125],[120.98242,14.62953],[120.98107,14.631]]]}},{"type":"Feature","id":"PH1303901375","properties":{"psgc":"PH1303901375","brgy":"Barangay 375","city":"City of Manila","cityPsgc":"PH1303901","cLng":120.98369,"cLat":14.62905},"geometry":{"type":"Polygon","coordinates":[[[120.98265,14.62927],[120.9846,14.62964],[120.98382,14.62825],[120.98265,14.62927]]]}},{"type":"Feature","id":"PH1303901376","properties":{"psgc":"PH1303901376","brgy":"Barangay 376","city":"City of Manila","cityPsgc":"PH1303901","cLng":120.98818,"cLat":14.62617},"geometry":{"type":"Polygon","coordinates":[[[120.98741,14.62517],[120.9883,14.62737],[120.98883,14.62597],[120.98741,14.62517]]]}},{"type":"Feature","id":"PH1303901377","properties":{"psgc":"PH1303901377","brgy":"Barangay 377","city":"City of Manila","cityPsgc":"PH1303901","cLng":120.98559,"cLat":14.62784},"geometry":{"type":"Polygon","coordinates":[[[120.98582,14.62788],[120.98583,14.62653],[120.9851,14.62912],[120.98582,14.62788]]]}},{"type":"Feature","id":"PH1303901378","properties":{"psgc":"PH1303901378","brgy":"Barangay 378","city":"City of Manila","cityPsgc":"PH1303901","cLng":120.98465,"cLat":14.6282},"geometry":{"type":"Polygon","coordinates":[[[120.98382,14.62825],[120.9851,14.62912],[120.98504,14.62722],[120.98382,14.62825]]]}},{"type":"Feature","id":"PH1303901379","properties":{"psgc":"PH1303901379","brgy":"Barangay 379","city":"City of Manila","cityPsgc":"PH1303901","cLng":120.98656,"cLat":14.62552},"geometry":{"type":"Polygon","coordinates":[[[120.98581,14.62538],[120.98663,14.62583],[120.98722,14.62535],[120.98581,14.62538]]]}},{"type":"Feature","id":"PH1303901380","properties":{"psgc":"PH1303901380","brgy":"Barangay 380","city":"City of Manila","cityPsgc":"PH1303901","cLng":120.98554,"cLat":14.62577},"geometry":{"type":"Polygon","coordinates":[[[120.98498,14.62541],[120.98583,14.62653],[120.98581,14.62538],[120.98498,14.62541]]]}},{"type":"Feature","id":"PH1303901381","properties":{"psgc":"PH1303901381","brgy":"Barangay 381","city":"City of Manila","cityPsgc":"PH1303901","cLng":120.98433,"cLat":14.62583},"geometry":{"type":"Polygon","coordinates":[[[120.983,14.62544],[120.98502,14.62665],[120.98498,14.62541],[120.983,14.62544]]]}},{"type":"Feature","id":"PH1303901382","properties":{"psgc":"PH1303901382","brgy":"Barangay 382","city":"City of Manila","cityPsgc":"PH1303901","cLng":120.98437,"cLat":14.62686},"geometry":{"type":"Polygon","coordinates":[[[120.98303,14.62671],[120.98504,14.62722],[120.98502,14.62665],[120.98303,14.62671]]]}},{"type":"Feature","id":"PH1303901395","properties":{"psgc":"PH1303901395","brgy":"Barangay 395","city":"City of Manila","cityPsgc":"PH1303901","cLng":120.98623,"cLat":14.60318},"geometry":{"type":"Polygon","coordinates":[[[120.98553,14.60474],[120.98812,14.60166],[120.98504,14.60314],[120.98553,14.60474]]]}},{"type":"Feature","id":"PH1303901396","properties":{"psgc":"PH1303901396","brgy":"Barangay 396","city":"City of Manila","cityPsgc":"PH1303901","cLng":120.9885,"cLat":14.60446},"geometry":{"type":"Polygon","coordinates":[[[120.98893,14.60614],[120.98884,14.60303],[120.98774,14.60421],[120.98893,14.60614]]]}},{"type":"Feature","id":"PH1303901397","properties":{"psgc":"PH1303901397","brgy":"Barangay 397","city":"City of Manila","cityPsgc":"PH1303901","cLng":120.98985,"cLat":14.60626},"geometry":{"type":"Polygon","coordinates":[[[120.99057,14.60762],[120.99005,14.60502],[120.98893,14.60614],[120.99057,14.60762]]]}},{"type":"Feature","id":"PH1303901398","properties":{"psgc":"PH1303901398","brgy":"Barangay 398","city":"City of Manila","cityPsgc":"PH1303901","cLng":120.9914,"cLat":14.60508},"geometry":{"type":"Polygon","coordinates":[[[120.99058,14.60551],[120.9923,14.60494],[120.99133,14.60478],[120.99058,14.60551]]]}},{"type":"Feature","id":"PH1303901399","properties":{"psgc":"PH1303901399","brgy":"Barangay 399","city":"City of Manila","cityPsgc":"PH1303901","cLng":120.99004,"cLat":14.60435},"geometry":{"type":"Polygon","coordinates":[[[120.98945,14.60453],[120.99123,14.60436],[120.98946,14.60416],[120.98945,14.60453]]]}},{"type":"Feature","id":"PH1303901400","properties":{"psgc":"PH1303901400","brgy":"Barangay 400","city":"City of Manila","cityPsgc":"PH1303901","cLng":120.99051,"cLat":14.60334},"geometry":{"type":"Polygon","coordinates":[[[120.98983,14.60428],[120.99133,14.603],[120.99038,14.60275],[120.98983,14.60428]]]}},{"type":"Feature","id":"PH1303901401","properties":{"psgc":"PH1303901401","brgy":"Barangay 401","city":"City of Manila","cityPsgc":"PH1303901","cLng":120.99191,"cLat":14.60371},"geometry":{"type":"Polygon","coordinates":[[[120.99126,14.60483],[120.99313,14.6033],[120.99133,14.603],[120.99126,14.60483]]]}},{"type":"Feature","id":"PH1303901402","properties":{"psgc":"PH1303901402","brgy":"Barangay 402","city":"City of Manila","cityPsgc":"PH1303901","cLng":120.992,"cLat":14.60186},"geometry":{"type":"Polygon","coordinates":[[[120.99141,14.60302],[120.99264,14.60147],[120.99195,14.60109],[120.99141,14.60302]]]}},{"type":"Feature","id":"PH1303901403","properties":{"psgc":"PH1303901403","brgy":"Barangay 403","city":"City of Manila","cityPsgc":"PH1303901","cLng":120.99119,"cLat":14.60148},"geometry":{"type":"Polygon","coordinates":[[[120.99038,14.60275],[120.99195,14.60109],[120.99123,14.60059],[120.99038,14.60275]]]}},{"type":"Feature","id":"PH1303901404","properties":{"psgc":"PH1303901404","brgy":"Barangay 404","city":"City of Manila","cityPsgc":"PH1303901","cLng":120.98951,"cLat":14.60205},"geometry":{"type":"Polygon","coordinates":[[[120.98946,14.60416],[120.99095,14.60033],[120.98812,14.60166],[120.98946,14.60416]]]}},{"type":"Feature","id":"PH1303901405","properties":{"psgc":"PH1303901405","brgy":"Barangay 405","city":"City of Manila","cityPsgc":"PH1303901","cLng":120.99334,"cLat":14.60472},"geometry":{"type":"Polygon","coordinates":[[[120.99321,14.60593],[120.99368,14.60436],[120.99315,14.60387],[120.99321,14.60593]]]}},{"type":"Feature","id":"PH1303901406","properties":{"psgc":"PH1303901406","brgy":"Barangay 406","city":"City of Manila","cityPsgc":"PH1303901","cLng":120.99383,"cLat":14.60582},"geometry":{"type":"Polygon","coordinates":[[[120.99377,14.60642],[120.99437,14.605],[120.99335,14.60605],[120.99377,14.60642]]]}},{"type":"Feature","id":"PH1303901407","properties":{"psgc":"PH1303901407","brgy":"Barangay 407","city":"City of Manila","cityPsgc":"PH1303901","cLng":120.99443,"cLat":14.60372},"geometry":{"type":"Polygon","coordinates":[[[120.99422,14.60487],[120.99595,14.603],[120.99313,14.6033],[120.99422,14.60487]]]}},{"type":"Feature","id":"PH1303901408","properties":{"psgc":"PH1303901408","brgy":"Barangay 408","city":"City of Manila","cityPsgc":"PH1303901","cLng":120.99578,"cLat":14.60395},"geometry":{"type":"Polygon","coordinates":[[[120.99422,14.60487],[120.99639,14.60367],[120.99673,14.60331],[120.99422,14.60487]]]}},{"type":"Feature","id":"PH1303901409","properties":{"psgc":"PH1303901409","brgy":"Barangay 409","city":"City of Manila","cityPsgc":"PH1303901","cLng":120.99678,"cLat":14.60155},"geometry":{"type":"Polygon","coordinates":[[[120.99602,14.60198],[120.99834,14.60162],[120.99599,14.60106],[120.99602,14.60198]]]}},{"type":"Feature","id":"PH1303901410","properties":{"psgc":"PH1303901410","brgy":"Barangay 410","city":"City of Manila","cityPsgc":"PH1303901","cLng":120.99655,"cLat":14.60038},"geometry":{"type":"Polygon","coordinates":[[[120.99599,14.60106],[120.99805,14.60001],[120.99562,14.60008],[120.99599,14.60106]]]}},{"type":"Feature","id":"PH1303901411","properties":{"psgc":"PH1303901411","brgy":"Barangay 411","city":"City of Manila","cityPsgc":"PH1303901","cLng":120.99659,"cLat":14.60294},"geometry":{"type":"Polygon","coordinates":[[[120.99795,14.60387],[120.99602,14.60198],[120.9958,14.60297],[120.99795,14.60387]]]}},{"type":"Feature","id":"PH1303901412","properties":{"psgc":"PH1303901412","brgy":"Barangay 412","city":"City of Manila","cityPsgc":"PH1303901","cLng":120.9942,"cLat":14.60083},"geometry":{"type":"Polygon","coordinates":[[[120.99365,14.60169],[120.99562,14.60008],[120.99332,14.60072],[120.99365,14.60169]]]}},{"type":"Feature","id":"PH1303901413","properties":{"psgc":"PH1303901413","brgy":"Barangay 413","city":"City of Manila","cityPsgc":"PH1303901","cLng":120.9952,"cLat":14.60167},"geometry":{"type":"Polygon","coordinates":[[[120.996,14.60209],[120.99599,14.60106],[120.99362,14.60186],[120.996,14.60209]]]}},{"type":"Feature","id":"PH1303901414","properties":{"psgc":"PH1303901414","brgy":"Barangay 414","city":"City of Manila","cityPsgc":"PH1303901","cLng":120.99477,"cLat":14.60229},"geometry":{"type":"Polygon","coordinates":[[[120.99473,14.60279],[120.996,14.60209],[120.99356,14.602],[120.99473,14.60279]]]}},{"type":"Feature","id":"PH1303901415","properties":{"psgc":"PH1303901415","brgy":"Barangay 415","city":"City of Manila","cityPsgc":"PH1303901","cLng":120.99361,"cLat":14.6029},"geometry":{"type":"Polygon","coordinates":[[[120.99416,14.60389],[120.99356,14.602],[120.99309,14.60282],[120.99416,14.60389]]]}},{"type":"Feature","id":"PH1303901416","properties":{"psgc":"PH1303901416","brgy":"Barangay 416","city":"City of Manila","cityPsgc":"PH1303901","cLng":120.99189,"cLat":14.60032},"geometry":{"type":"Polygon","coordinates":[[[120.99095,14.60033],[120.99332,14.60072],[120.99139,14.59991],[120.99095,14.60033]]]}},{"type":"Feature","id":"PH1303901417","properties":{"psgc":"PH1303901417","brgy":"Barangay 417","city":"City of Manila","cityPsgc":"PH1303901","cLng":120.99965,"cLat":14.60422},"geometry":{"type":"Polygon","coordinates":[[[121.00033,14.6052],[120.99958,14.60306],[120.99904,14.60439],[121.00033,14.6052]]]}},{"type":"Feature","id":"PH1303901418","properties":{"psgc":"PH1303901418","brgy":"Barangay 418","city":"City of Manila","cityPsgc":"PH1303901","cLng":121.00052,"cLat":14.60184},"geometry":{"type":"Polygon","coordinates":[[[120.99958,14.60306],[121.00163,14.6013],[121.00035,14.60117],[120.99958,14.60306]]]}},{"type":"Feature","id":"PH1303901419","properties":{"psgc":"PH1303901419","brgy":"Barangay 419","city":"City of Manila","cityPsgc":"PH1303901","cLng":120.99876,"cLat":14.60306},"geometry":{"type":"Polygon","coordinates":[[[120.99795,14.60387],[120.99965,14.60289],[120.99869,14.60243],[120.99795,14.60387]]]}},{"type":"Feature","id":"PH1303901420","properties":{"psgc":"PH1303901420","brgy":"Barangay 420","city":"City of Manila","cityPsgc":"PH1303901","cLng":120.99917,"cLat":14.60117},"geometry":{"type":"Polygon","coordinates":[[[120.99822,14.60209],[121.00035,14.60117],[120.99895,14.60026],[120.99822,14.60209]]]}},{"type":"Feature","id":"PH1303901421","properties":{"psgc":"PH1303901421","brgy":"Barangay 421","city":"City of Manila","cityPsgc":"PH1303901","cLng":121.00296,"cLat":14.60391},"geometry":{"type":"Polygon","coordinates":[[[121.00251,14.60469],[121.00436,14.60391],[121.00201,14.60312],[121.00251,14.60469]]]}},{"type":"Feature","id":"PH1303901422","properties":{"psgc":"PH1303901422","brgy":"Barangay 422","city":"City of Manila","cityPsgc":"PH1303901","cLng":121.00239,"cLat":14.60508},"geometry":{"type":"Polygon","coordinates":[[[121.0014,14.60588],[121.00352,14.60533],[121.00226,14.60403],[121.0014,14.60588]]]}},{"type":"Feature","id":"PH1303901423","properties":{"psgc":"PH1303901423","brgy":"Barangay 423","city":"City of Manila","cityPsgc":"PH1303901","cLng":121.00118,"cLat":14.60472},"geometry":{"type":"Polygon","coordinates":[[[121.0014,14.60588],[121.0018,14.60307],[121.00033,14.6052],[121.0014,14.60588]]]}},{"type":"Feature","id":"PH1303901424","properties":{"psgc":"PH1303901424","brgy":"Barangay 424","city":"City of Manila","cityPsgc":"PH1303901","cLng":121.00192,"cLat":14.60256},"geometry":{"type":"Polygon","coordinates":[[[121.00066,14.60418],[121.00264,14.6021],[121.00245,14.6014],[121.00066,14.60418]]]}},{"type":"Feature","id":"PH1303901425","properties":{"psgc":"PH1303901425","brgy":"Barangay 425","city":"City of Manila","cityPsgc":"PH1303901","cLng":121.00282,"cLat":14.60276},"geometry":{"type":"Polygon","coordinates":[[[121.00399,14.60377],[121.00245,14.6014],[121.00201,14.60312],[121.00399,14.60377]]]}},{"type":"Feature","id":"PH1303901426","properties":{"psgc":"PH1303901426","brgy":"Barangay 426","city":"City of Manila","cityPsgc":"PH1303901","cLng":121.00716,"cLat":14.60247},"geometry":{"type":"Polygon","coordinates":[[[121.00749,14.60284],[121.00882,14.60204],[121.00516,14.60254],[121.00749,14.60284]]]}},{"type":"Feature","id":"PH1303901427","properties":{"psgc":"PH1303901427","brgy":"Barangay 427","city":"City of Manila","cityPsgc":"PH1303901","cLng":121.00499,"cLat":14.60232},"geometry":{"type":"Polygon","coordinates":[[[121.0047,14.60163],[121.00476,14.60361],[121.00549,14.60171],[121.0047,14.60163]]]}},{"type":"Feature","id":"PH1303901428","properties":{"psgc":"PH1303901428","brgy":"Barangay 428","city":"City of Manila","cityPsgc":"PH1303901","cLng":121.00616,"cLat":14.60293},"geometry":{"type":"Polygon","coordinates":[[[121.00516,14.60254],[121.00582,14.60341],[121.00749,14.60284],[121.00516,14.60254]]]}},{"type":"Feature","id":"PH1303901429","properties":{"psgc":"PH1303901429","brgy":"Barangay 429","city":"City of Manila","cityPsgc":"PH1303901","cLng":120.99601,"cLat":14.60676},"geometry":{"type":"Polygon","coordinates":[[[120.99493,14.60747],[120.9967,14.60683],[120.99637,14.60598],[120.99493,14.60747]]]}},{"type":"Feature","id":"PH1303901430","properties":{"psgc":"PH1303901430","brgy":"Barangay 430","city":"City of Manila","cityPsgc":"PH1303901","cLng":120.99428,"cLat":14.60624},"geometry":{"type":"Polygon","coordinates":[[[120.99431,14.60691],[120.99477,14.60538],[120.99377,14.60642],[120.99431,14.60691]]]}},{"type":"Feature","id":"PH1303901431","properties":{"psgc":"PH1303901431","brgy":"Barangay 431","city":"City of Manila","cityPsgc":"PH1303901","cLng":120.99484,"cLat":14.60675},"geometry":{"type":"Polygon","coordinates":[[[120.99493,14.60747],[120.99531,14.60587],[120.99431,14.60691],[120.99493,14.60747]]]}},{"type":"Feature","id":"PH1303901432","properties":{"psgc":"PH1303901432","brgy":"Barangay 432","city":"City of Manila","cityPsgc":"PH1303901","cLng":120.99744,"cLat":14.60582},"geometry":{"type":"Polygon","coordinates":[[[120.99578,14.60824],[120.99875,14.60502],[120.99779,14.6042],[120.99578,14.60824]]]}},{"type":"Feature","id":"PH1303901433","properties":{"psgc":"PH1303901433","brgy":"Barangay 433","city":"City of Manila","cityPsgc":"PH1303901","cLng":120.99615,"cLat":14.60426},"geometry":{"type":"Polygon","coordinates":[[[120.99477,14.60538],[120.99665,14.60393],[120.99708,14.60347],[120.99477,14.60538]]]}},{"type":"Feature","id":"PH1303901434","properties":{"psgc":"PH1303901434","brgy":"Barangay 434","city":"City of Manila","cityPsgc":"PH1303901","cLng":120.9956,"cLat":14.6056},"geometry":{"type":"Polygon","coordinates":[[[120.99592,14.60644],[120.99588,14.60473],[120.99503,14.60562],[120.99592,14.60644]]]}},{"type":"Feature","id":"PH1303901435","properties":{"psgc":"PH1303901435","brgy":"Barangay 435","city":"City of Manila","cityPsgc":"PH1303901","cLng":120.99698,"cLat":14.60402},"geometry":{"type":"Polygon","coordinates":[[[120.99588,14.60473],[120.99795,14.60387],[120.99708,14.60347],[120.99588,14.60473]]]}},{"type":"Feature","id":"PH1303901436","properties":{"psgc":"PH1303901436","brgy":"Barangay 436","city":"City of Manila","cityPsgc":"PH1303901","cLng":120.99848,"cLat":14.60464},"geometry":{"type":"Polygon","coordinates":[[[120.99969,14.60586],[120.99795,14.60387],[120.99779,14.6042],[120.99969,14.60586]]]}},{"type":"Feature","id":"PH1303901437","properties":{"psgc":"PH1303901437","brgy":"Barangay 437","city":"City of Manila","cityPsgc":"PH1303901","cLng":121.00026,"cLat":14.60597},"geometry":{"type":"Polygon","coordinates":[[[121.00076,14.60684],[121.00033,14.6052],[120.99969,14.60586],[121.00076,14.60684]]]}},{"type":"Feature","id":"PH1303901438","properties":{"psgc":"PH1303901438","brgy":"Barangay 438","city":"City of Manila","cityPsgc":"PH1303901","cLng":120.99919,"cLat":14.60673},"geometry":{"type":"Polygon","coordinates":[[[120.9992,14.60741],[120.99969,14.60586],[120.99866,14.60692],[120.9992,14.60741]]]}},{"type":"Feature","id":"PH1303901439","properties":{"psgc":"PH1303901439","brgy":"Barangay 439","city":"City of Manila","cityPsgc":"PH1303901","cLng":120.99854,"cLat":14.60617},"geometry":{"type":"Polygon","coordinates":[[[120.99866,14.60692],[120.99875,14.60502],[120.99817,14.60657],[120.99866,14.60692]]]}},{"type":"Feature","id":"PH1303901440","properties":{"psgc":"PH1303901440","brgy":"Barangay 440","city":"City of Manila","cityPsgc":"PH1303901","cLng":120.99872,"cLat":14.60826},"geometry":{"type":"Polygon","coordinates":[[[120.99874,14.60894],[120.9992,14.60741],[120.99821,14.60844],[120.99874,14.60894]]]}},{"type":"Feature","id":"PH1303901441","properties":{"psgc":"PH1303901441","brgy":"Barangay 441","city":"City of Manila","cityPsgc":"PH1303901","cLng":120.99771,"cLat":14.60932},"geometry":{"type":"Polygon","coordinates":[[[120.99772,14.61],[120.99821,14.60844],[120.99719,14.60952],[120.99772,14.61]]]}},{"type":"Feature","id":"PH1303901442","properties":{"psgc":"PH1303901442","brgy":"Barangay 442","city":"City of Manila","cityPsgc":"PH1303901","cLng":120.99829,"cLat":14.60986},"geometry":{"type":"Polygon","coordinates":[[[120.99841,14.61063],[120.99874,14.60894],[120.99772,14.61],[120.99841,14.61063]]]}},{"type":"Feature","id":"PH1303901443","properties":{"psgc":"PH1303901443","brgy":"Barangay 443","city":"City of Manila","cityPsgc":"PH1303901","cLng":120.9993,"cLat":14.6088},"geometry":{"type":"Polygon","coordinates":[[[120.99942,14.60957],[120.99974,14.60789],[120.99874,14.60894],[120.99942,14.60957]]]}},{"type":"Feature","id":"PH1303901444","properties":{"psgc":"PH1303901444","brgy":"Barangay 444","city":"City of Manila","cityPsgc":"PH1303901","cLng":121.0003,"cLat":14.60775},"geometry":{"type":"Polygon","coordinates":[[[121.00043,14.60852],[121.00076,14.60684],[120.99974,14.60789],[121.00043,14.60852]]]}},{"type":"Feature","id":"PH1303901445","properties":{"psgc":"PH1303901445","brgy":"Barangay 445","city":"City of Manila","cityPsgc":"PH1303901","cLng":120.99972,"cLat":14.60721},"geometry":{"type":"Polygon","coordinates":[[[120.99974,14.60789],[121.00022,14.60634],[120.9992,14.60741],[120.99974,14.60789]]]}},{"type":"Feature","id":"PH1303901446","properties":{"psgc":"PH1303901446","brgy":"Barangay 446","city":"City of Manila","cityPsgc":"PH1303901","cLng":121.00126,"cLat":14.60676},"geometry":{"type":"Polygon","coordinates":[[[121.00144,14.60746],[121.00155,14.60598],[121.00076,14.60684],[121.00144,14.60746]]]}},{"type":"Feature","id":"PH1303901447","properties":{"psgc":"PH1303901447","brgy":"Barangay 447","city":"City of Manila","cityPsgc":"PH1303901","cLng":120.99717,"cLat":14.60883},"geometry":{"type":"Polygon","coordinates":[[[120.99719,14.60952],[120.99767,14.60795],[120.99664,14.60902],[120.99719,14.60952]]]}},{"type":"Feature","id":"PH1303901448","properties":{"psgc":"PH1303901448","brgy":"Barangay 448","city":"City of Manila","cityPsgc":"PH1303901","cLng":120.99796,"cLat":14.60758},"geometry":{"type":"Polygon","coordinates":[[[120.99821,14.60844],[120.99817,14.60657],[120.99749,14.60773],[120.99821,14.60844]]]}},{"type":"Feature","id":"PH1303901449","properties":{"psgc":"PH1303901449","brgy":"Barangay 449","city":"City of Manila","cityPsgc":"PH1303901","cLng":120.99646,"cLat":14.60829},"geometry":{"type":"Polygon","coordinates":[[[120.99664,14.60902],[120.9968,14.60749],[120.99591,14.60836],[120.99664,14.60902]]]}},{"type":"Feature","id":"PH1303901450","properties":{"psgc":"PH1303901450","brgy":"Barangay 450","city":"City of Manila","cityPsgc":"PH1303901","cLng":120.99654,"cLat":14.61167},"geometry":{"type":"Polygon","coordinates":[[[120.9963,14.61283],[120.99758,14.60987],[120.99575,14.61232],[120.9963,14.61283]]]}},{"type":"Feature","id":"PH1303901451","properties":{"psgc":"PH1303901451","brgy":"Barangay 451","city":"City of Manila","cityPsgc":"PH1303901","cLng":120.9961,"cLat":14.61127},"geometry":{"type":"Polygon","coordinates":[[[120.99575,14.61232],[120.99733,14.60964],[120.99521,14.61184],[120.99575,14.61232]]]}},{"type":"Feature","id":"PH1303901452","properties":{"psgc":"PH1303901452","brgy":"Barangay 452","city":"City of Manila","cityPsgc":"PH1303901","cLng":120.99501,"cLat":14.61095},"geometry":{"type":"Polygon","coordinates":[[[120.99521,14.61184],[120.99545,14.60993],[120.99437,14.61109],[120.99521,14.61184]]]}},{"type":"Feature","id":"PH1303901453","properties":{"psgc":"PH1303901453","brgy":"Barangay 453","city":"City of Manila","cityPsgc":"PH1303901","cLng":120.99608,"cLat":14.60984},"geometry":{"type":"Polygon","coordinates":[[[120.9963,14.61071],[120.9965,14.60889],[120.99545,14.60993],[120.9963,14.61071]]]}},{"type":"Feature","id":"PH1303901454","properties":{"psgc":"PH1303901454","brgy":"Barangay 454","city":"City of Manila","cityPsgc":"PH1303901","cLng":120.99421,"cLat":14.61023},"geometry":{"type":"Polygon","coordinates":[[[120.99437,14.61109],[120.99468,14.60923],[120.99358,14.61037],[120.99437,14.61109]]]}},{"type":"Feature","id":"PH1303901455","properties":{"psgc":"PH1303901455","brgy":"Barangay 455","city":"City of Manila","cityPsgc":"PH1303901","cLng":120.99528,"cLat":14.60911},"geometry":{"type":"Polygon","coordinates":[[[120.99545,14.60993],[120.9957,14.60817],[120.99468,14.60923],[120.99545,14.60993]]]}},{"type":"Feature","id":"PH1303901456","properties":{"psgc":"PH1303901456","brgy":"Barangay 456","city":"City of Manila","cityPsgc":"PH1303901","cLng":120.99475,"cLat":14.60868},"geometry":{"type":"Polygon","coordinates":[[[120.99344,14.61024],[120.9957,14.60817],[120.9951,14.60763],[120.99344,14.61024]]]}},{"type":"Feature","id":"PH1303901457","properties":{"psgc":"PH1303901457","brgy":"Barangay 457","city":"City of Manila","cityPsgc":"PH1303901","cLng":120.99305,"cLat":14.60714},"geometry":{"type":"Polygon","coordinates":[[[120.99139,14.60837],[120.99416,14.60677],[120.9936,14.60627],[120.99139,14.60837]]]}},{"type":"Feature","id":"PH1303901458","properties":{"psgc":"PH1303901458","brgy":"Barangay 458","city":"City of Manila","cityPsgc":"PH1303901","cLng":120.9924,"cLat":14.60523},"geometry":{"type":"Polygon","coordinates":[[[120.99166,14.6065],[120.99316,14.60455],[120.99237,14.60464],[120.99166,14.6065]]]}},{"type":"Feature","id":"PH1303901459","properties":{"psgc":"PH1303901459","brgy":"Barangay 459","city":"City of Manila","cityPsgc":"PH1303901","cLng":120.9912,"cLat":14.6075},"geometry":{"type":"Polygon","coordinates":[[[120.99139,14.60837],[120.99166,14.6065],[120.99057,14.60762],[120.99139,14.60837]]]}},{"type":"Feature","id":"PH1303901460","properties":{"psgc":"PH1303901460","brgy":"Barangay 460","city":"City of Manila","cityPsgc":"PH1303901","cLng":120.99294,"cLat":14.60841},"geometry":{"type":"Polygon","coordinates":[[[120.99281,14.60967],[120.99416,14.60677],[120.99186,14.60879],[120.99281,14.60967]]]}},{"type":"Feature","id":"PH1303901461","properties":{"psgc":"PH1303901461","brgy":"Barangay 461","city":"City of Manila","cityPsgc":"PH1303901","cLng":120.99413,"cLat":14.60812},"geometry":{"type":"Polygon","coordinates":[[[120.99281,14.60967],[120.9951,14.60763],[120.99447,14.60705],[120.99281,14.60967]]]}},{"type":"Feature","id":"PH1303901462","properties":{"psgc":"PH1303901462","brgy":"Barangay 462","city":"City of Manila","cityPsgc":"PH1303901","cLng":120.98686,"cLat":14.60587},"geometry":{"type":"Polygon","coordinates":[[[120.98732,14.60679],[120.98694,14.60505],[120.9863,14.60578],[120.98732,14.60679]]]}},{"type":"Feature","id":"PH1303901463","properties":{"psgc":"PH1303901463","brgy":"Barangay 463","city":"City of Manila","cityPsgc":"PH1303901","cLng":120.98634,"cLat":14.60725},"geometry":{"type":"Polygon","coordinates":[[[120.98628,14.60788],[120.9868,14.60628],[120.98595,14.60759],[120.98628,14.60788]]]}},{"type":"Feature","id":"PH1303901464","properties":{"psgc":"PH1303901464","brgy":"Barangay 464","city":"City of Manila","cityPsgc":"PH1303901","cLng":120.98603,"cLat":14.60557},"geometry":{"type":"Polygon","coordinates":[[[120.98586,14.60719],[120.98694,14.60505],[120.98529,14.60447],[120.98586,14.60719]]]}},{"type":"Feature","id":"PH1303901465","properties":{"psgc":"PH1303901465","brgy":"Barangay 465","city":"City of Manila","cityPsgc":"PH1303901","cLng":120.98735,"cLat":14.60815},"geometry":{"type":"Polygon","coordinates":[[[120.98739,14.60882],[120.98783,14.60729],[120.98681,14.60833],[120.98739,14.60882]]]}},{"type":"Feature","id":"PH1303901466","properties":{"psgc":"PH1303901466","brgy":"Barangay 466","city":"City of Manila","cityPsgc":"PH1303901","cLng":120.98638,"cLat":14.60859},"geometry":{"type":"Polygon","coordinates":[[[120.98638,14.60986],[120.98681,14.60833],[120.98595,14.60759],[120.98638,14.60986]]]}},{"type":"Feature","id":"PH1303901467","properties":{"psgc":"PH1303901467","brgy":"Barangay 467","city":"City of Manila","cityPsgc":"PH1303901","cLng":120.98681,"cLat":14.60767},"geometry":{"type":"Polygon","coordinates":[[[120.98681,14.60833],[120.98732,14.60679],[120.98628,14.60788],[120.98681,14.60833]]]}},{"type":"Feature","id":"PH1303901468","properties":{"psgc":"PH1303901468","brgy":"Barangay 468","city":"City of Manila","cityPsgc":"PH1303901","cLng":120.98784,"cLat":14.60658},"geometry":{"type":"Polygon","coordinates":[[[120.98783,14.60729],[120.9884,14.60566],[120.98732,14.60679],[120.98783,14.60729]]]}},{"type":"Feature","id":"PH1303901469","properties":{"psgc":"PH1303901469","brgy":"Barangay 469","city":"City of Manila","cityPsgc":"PH1303901","cLng":120.98839,"cLat":14.60706},"geometry":{"type":"Polygon","coordinates":[[[120.9884,14.60776],[120.98893,14.60614],[120.98783,14.60729],[120.9884,14.60776]]]}},{"type":"Feature","id":"PH1303901470","properties":{"psgc":"PH1303901470","brgy":"Barangay 470","city":"City of Manila","cityPsgc":"PH1303901","cLng":120.98956,"cLat":14.60873},"geometry":{"type":"Polygon","coordinates":[[[120.98638,14.60986],[120.99281,14.60967],[120.98949,14.60665],[120.98638,14.60986]]]}},{"type":"Feature","id":"PH1303901471","properties":{"psgc":"PH1303901471","brgy":"Barangay 471","city":"City of Manila","cityPsgc":"PH1303901","cLng":120.98654,"cLat":14.61066},"geometry":{"type":"Polygon","coordinates":[[[120.98627,14.61172],[120.98721,14.61062],[120.98614,14.60964],[120.98627,14.61172]]]}},{"type":"Feature","id":"PH1303901472","properties":{"psgc":"PH1303901472","brgy":"Barangay 472","city":"City of Manila","cityPsgc":"PH1303901","cLng":120.99442,"cLat":14.61389},"geometry":{"type":"Polygon","coordinates":[[[120.99351,14.61438],[120.99522,14.61396],[120.99453,14.61333],[120.99351,14.61438]]]}},{"type":"Feature","id":"PH1303901473","properties":{"psgc":"PH1303901473","brgy":"Barangay 473","city":"City of Manila","cityPsgc":"PH1303901","cLng":120.99512,"cLat":14.61316},"geometry":{"type":"Polygon","coordinates":[[[120.99522,14.61396],[120.99562,14.6122],[120.99453,14.61333],[120.99522,14.61396]]]}},{"type":"Feature","id":"PH1303901474","properties":{"psgc":"PH1303901474","brgy":"Barangay 474","city":"City of Manila","cityPsgc":"PH1303901","cLng":120.99282,"cLat":14.61506},"geometry":{"type":"Polygon","coordinates":[[[120.9932,14.61607],[120.99313,14.61403],[120.99212,14.61508],[120.9932,14.61607]]]}},{"type":"Feature","id":"PH1303901475","properties":{"psgc":"PH1303901475","brgy":"Barangay 475","city":"City of Manila","cityPsgc":"PH1303901","cLng":120.99456,"cLat":14.6126},"geometry":{"type":"Polygon","coordinates":[[[120.99298,14.61389],[120.99562,14.6122],[120.99507,14.61172],[120.99298,14.61389]]]}},{"type":"Feature","id":"PH1303901476","properties":{"psgc":"PH1303901476","brgy":"Barangay 476","city":"City of Manila","cityPsgc":"PH1303901","cLng":120.99322,"cLat":14.61275},"geometry":{"type":"Polygon","coordinates":[[[120.99298,14.61389],[120.99437,14.61109],[120.99231,14.61327],[120.99298,14.61389]]]}},{"type":"Feature","id":"PH1303901477","properties":{"psgc":"PH1303901477","brgy":"Barangay 477","city":"City of Manila","cityPsgc":"PH1303901","cLng":120.99181,"cLat":14.61414},"geometry":{"type":"Polygon","coordinates":[[[120.99212,14.61508],[120.99217,14.61314],[120.99115,14.61421],[120.99212,14.61508]]]}},{"type":"Feature","id":"PH1303901478","properties":{"psgc":"PH1303901478","brgy":"Barangay 478","city":"City of Manila","cityPsgc":"PH1303901","cLng":120.99264,"cLat":14.61222},"geometry":{"type":"Polygon","coordinates":[[[120.99231,14.61327],[120.99398,14.61073],[120.99163,14.61265],[120.99231,14.61327]]]}},{"type":"Feature","id":"PH1303901479","properties":{"psgc":"PH1303901479","brgy":"Barangay 479","city":"City of Manila","cityPsgc":"PH1303901","cLng":120.9925,"cLat":14.61074},"geometry":{"type":"Polygon","coordinates":[[[120.99072,14.61182],[120.99398,14.61073],[120.99281,14.60967],[120.99072,14.61182]]]}},{"type":"Feature","id":"PH1303901480","properties":{"psgc":"PH1303901480","brgy":"Barangay 480","city":"City of Manila","cityPsgc":"PH1303901","cLng":120.99104,"cLat":14.61345},"geometry":{"type":"Polygon","coordinates":[[[120.99115,14.61421],[120.99152,14.61255],[120.99048,14.6136],[120.99115,14.61421]]]}},{"type":"Feature","id":"PH1303901481","properties":{"psgc":"PH1303901481","brgy":"Barangay 481","city":"City of Manila","cityPsgc":"PH1303901","cLng":120.9903,"cLat":14.61277},"geometry":{"type":"Polygon","coordinates":[[[120.99048,14.6136],[120.99072,14.61182],[120.9897,14.6129],[120.99048,14.6136]]]}},{"type":"Feature","id":"PH1303901482","properties":{"psgc":"PH1303901482","brgy":"Barangay 482","city":"City of Manila","cityPsgc":"PH1303901","cLng":120.98919,"cLat":14.61769},"geometry":{"type":"Polygon","coordinates":[[[120.9892,14.61838],[120.98941,14.61656],[120.98893,14.61814],[120.9892,14.61838]]]}},{"type":"Feature","id":"PH1303901483","properties":{"psgc":"PH1303901483","brgy":"Barangay 483","city":"City of Manila","cityPsgc":"PH1303901","cLng":120.98987,"cLat":14.61832},"geometry":{"type":"Polygon","coordinates":[[[120.99019,14.61927],[120.99023,14.61732],[120.9892,14.61838],[120.99019,14.61927]]]}},{"type":"Feature","id":"PH1303901484","properties":{"psgc":"PH1303901484","brgy":"Barangay 484","city":"City of Manila","cityPsgc":"PH1303901","cLng":120.98938,"cLat":14.6193},"geometry":{"type":"Polygon","coordinates":[[[120.98901,14.6205],[120.99019,14.61927],[120.98893,14.61814],[120.98901,14.6205]]]}},{"type":"Feature","id":"PH1303901485","properties":{"psgc":"PH1303901485","brgy":"Barangay 485","city":"City of Manila","cityPsgc":"PH1303901","cLng":120.99087,"cLat":14.61725},"geometry":{"type":"Polygon","coordinates":[[[120.99118,14.61819],[120.99123,14.61625],[120.99023,14.61732],[120.99118,14.61819]]]}},{"type":"Feature","id":"PH1303901486","properties":{"psgc":"PH1303901486","brgy":"Barangay 486","city":"City of Manila","cityPsgc":"PH1303901","cLng":120.99001,"cLat":14.61646},"geometry":{"type":"Polygon","coordinates":[[[120.99023,14.61732],[120.99041,14.61551],[120.98941,14.61656],[120.99023,14.61732]]]}},{"type":"Feature","id":"PH1303901487","properties":{"psgc":"PH1303901487","brgy":"Barangay 487","city":"City of Manila","cityPsgc":"PH1303901","cLng":120.99188,"cLat":14.61618},"geometry":{"type":"Polygon","coordinates":[[[120.99218,14.61712],[120.99223,14.61518],[120.99123,14.61625],[120.99218,14.61712]]]}},{"type":"Feature","id":"PH1303901488","properties":{"psgc":"PH1303901488","brgy":"Barangay 488","city":"City of Manila","cityPsgc":"PH1303901","cLng":120.99094,"cLat":14.61532},"geometry":{"type":"Polygon","coordinates":[[[120.99123,14.61625],[120.99129,14.61433],[120.99028,14.61539],[120.99123,14.61625]]]}},{"type":"Feature","id":"PH1303901489","properties":{"psgc":"PH1303901489","brgy":"Barangay 489","city":"City of Manila","cityPsgc":"PH1303901","cLng":120.98998,"cLat":14.61445},"geometry":{"type":"Polygon","coordinates":[[[120.99028,14.61539],[120.99033,14.61346],[120.98932,14.61451],[120.99028,14.61539]]]}},{"type":"Feature","id":"PH1303901490","properties":{"psgc":"PH1303901490","brgy":"Barangay 490","city":"City of Manila","cityPsgc":"PH1303901","cLng":120.98962,"cLat":14.61397},"geometry":{"type":"Polygon","coordinates":[[[120.98883,14.61556],[120.99033,14.61346],[120.9897,14.6129],[120.98883,14.61556]]]}},{"type":"Feature","id":"PH1303901491","properties":{"psgc":"PH1303901491","brgy":"Barangay 491","city":"City of Manila","cityPsgc":"PH1303901","cLng":120.98963,"cLat":14.6158},"geometry":{"type":"Polygon","coordinates":[[[120.98889,14.61711],[120.99041,14.61551],[120.98959,14.61477],[120.98889,14.61711]]]}},{"type":"Feature","id":"PH1303901492","properties":{"psgc":"PH1303901492","brgy":"Barangay 492","city":"City of Manila","cityPsgc":"PH1303901","cLng":120.98985,"cLat":14.62389},"geometry":{"type":"Polygon","coordinates":[[[120.99053,14.62513],[120.98991,14.62288],[120.98911,14.62367],[120.99053,14.62513]]]}},{"type":"Feature","id":"PH1303901493","properties":{"psgc":"PH1303901493","brgy":"Barangay 493","city":"City of Manila","cityPsgc":"PH1303901","cLng":120.98962,"cLat":14.62494},"geometry":{"type":"Polygon","coordinates":[[[120.98922,14.62603],[120.99053,14.62513],[120.98911,14.62367],[120.98922,14.62603]]]}},{"type":"Feature","id":"PH1303901494","properties":{"psgc":"PH1303901494","brgy":"Barangay 494","city":"City of Manila","cityPsgc":"PH1303901","cLng":120.99179,"cLat":14.62205},"geometry":{"type":"Polygon","coordinates":[[[120.99262,14.62347],[120.99188,14.62081],[120.99087,14.62187],[120.99262,14.62347]]]}},{"type":"Feature","id":"PH1303901495","properties":{"psgc":"PH1303901495","brgy":"Barangay 495","city":"City of Manila","cityPsgc":"PH1303901","cLng":120.99113,"cLat":14.62274},"geometry":{"type":"Polygon","coordinates":[[[120.98991,14.62288],[120.99262,14.62347],[120.99087,14.62187],[120.98991,14.62288]]]}},{"type":"Feature","id":"PH1303901496","properties":{"psgc":"PH1303901496","brgy":"Barangay 496","city":"City of Manila","cityPsgc":"PH1303901","cLng":120.99349,"cLat":14.6216},"geometry":{"type":"Polygon","coordinates":[[[120.99382,14.62256],[120.99382,14.6206],[120.99282,14.62165],[120.99382,14.62256]]]}},{"type":"Feature","id":"PH1303901497","properties":{"psgc":"PH1303901497","brgy":"Barangay 497","city":"City of Manila","cityPsgc":"PH1303901","cLng":120.98972,"cLat":14.62195},"geometry":{"type":"Polygon","coordinates":[[[120.98911,14.62367],[120.99087,14.62187],[120.98918,14.62032],[120.98911,14.62367]]]}},{"type":"Feature","id":"PH1303901498","properties":{"psgc":"PH1303901498","brgy":"Barangay 498","city":"City of Manila","cityPsgc":"PH1303901","cLng":120.99254,"cLat":14.62074},"geometry":{"type":"Polygon","coordinates":[[[120.99282,14.62165],[120.99289,14.61975],[120.99188,14.62081],[120.99282,14.62165]]]}},{"type":"Feature","id":"PH1303901499","properties":{"psgc":"PH1303901499","brgy":"Barangay 499","city":"City of Manila","cityPsgc":"PH1303901","cLng":120.99082,"cLat":14.61918},"geometry":{"type":"Polygon","coordinates":[[[120.99108,14.62008],[120.99118,14.61819],[120.99019,14.61927],[120.99108,14.62008]]]}},{"type":"Feature","id":"PH1303901500","properties":{"psgc":"PH1303901500","brgy":"Barangay 500","city":"City of Manila","cityPsgc":"PH1303901","cLng":120.99008,"cLat":14.62049},"geometry":{"type":"Polygon","coordinates":[[[120.99087,14.62187],[120.99019,14.61927],[120.98918,14.62032],[120.99087,14.62187]]]}},{"type":"Feature","id":"PH1303901501","properties":{"psgc":"PH1303901501","brgy":"Barangay 501","city":"City of Manila","cityPsgc":"PH1303901","cLng":120.99168,"cLat":14.61997},"geometry":{"type":"Polygon","coordinates":[[[120.99188,14.62081],[120.9921,14.61903],[120.99108,14.62008],[120.99188,14.62081]]]}},{"type":"Feature","id":"PH1303901502","properties":{"psgc":"PH1303901502","brgy":"Barangay 502","city":"City of Manila","cityPsgc":"PH1303901","cLng":120.99685,"cLat":14.61472},"geometry":{"type":"Polygon","coordinates":[[[120.99693,14.61552],[120.99735,14.61375],[120.99625,14.6149],[120.99693,14.61552]]]}},{"type":"Feature","id":"PH1303901503","properties":{"psgc":"PH1303901503","brgy":"Barangay 503","city":"City of Manila","cityPsgc":"PH1303901","cLng":120.99592,"cLat":14.6139},"geometry":{"type":"Polygon","coordinates":[[[120.99625,14.6149],[120.9963,14.61283],[120.99522,14.61396],[120.99625,14.6149]]]}},{"type":"Feature","id":"PH1303901504","properties":{"psgc":"PH1303901504","brgy":"Barangay 504","city":"City of Manila","cityPsgc":"PH1303901","cLng":120.99564,"cLat":14.61566},"geometry":{"type":"Polygon","coordinates":[[[120.99593,14.61658],[120.996,14.61467],[120.99499,14.61573],[120.99593,14.61658]]]}},{"type":"Feature","id":"PH1303901505","properties":{"psgc":"PH1303901505","brgy":"Barangay 505","city":"City of Manila","cityPsgc":"PH1303901","cLng":120.9948,"cLat":14.6149},"geometry":{"type":"Polygon","coordinates":[[[120.99499,14.61573],[120.99522,14.61396],[120.99421,14.61502],[120.99499,14.61573]]]}},{"type":"Feature","id":"PH1303901506","properties":{"psgc":"PH1303901506","brgy":"Barangay 506","city":"City of Manila","cityPsgc":"PH1303901","cLng":120.9948,"cLat":14.61688},"geometry":{"type":"Polygon","coordinates":[[[120.99492,14.61765],[120.99524,14.61595],[120.99425,14.61703],[120.99492,14.61765]]]}},{"type":"Feature","id":"PH1303901507","properties":{"psgc":"PH1303901507","brgy":"Barangay 507","city":"City of Manila","cityPsgc":"PH1303901","cLng":120.99388,"cLat":14.61604},"geometry":{"type":"Polygon","coordinates":[[[120.99425,14.61703],[120.99421,14.61502],[120.9932,14.61607],[120.99425,14.61703]]]}},{"type":"Feature","id":"PH1303901508","properties":{"psgc":"PH1303901508","brgy":"Barangay 508","city":"City of Manila","cityPsgc":"PH1303901","cLng":120.99371,"cLat":14.61785},"geometry":{"type":"Polygon","coordinates":[[[120.9939,14.61868],[120.99412,14.61691],[120.9931,14.61797],[120.9939,14.61868]]]}},{"type":"Feature","id":"PH1303901509","properties":{"psgc":"PH1303901509","brgy":"Barangay 509","city":"City of Manila","cityPsgc":"PH1303901","cLng":120.99282,"cLat":14.61705},"geometry":{"type":"Polygon","coordinates":[[[120.9931,14.61797],[120.9932,14.61607],[120.99218,14.61712],[120.9931,14.61797]]]}},{"type":"Feature","id":"PH1303901510","properties":{"psgc":"PH1303901510","brgy":"Barangay 510","city":"City of Manila","cityPsgc":"PH1303901","cLng":120.9927,"cLat":14.61892},"geometry":{"type":"Polygon","coordinates":[[[120.99289,14.61975],[120.9931,14.61797],[120.9921,14.61903],[120.99289,14.61975]]]}},{"type":"Feature","id":"PH1303901511","properties":{"psgc":"PH1303901511","brgy":"Barangay 511","city":"City of Manila","cityPsgc":"PH1303901","cLng":120.99183,"cLat":14.61811},"geometry":{"type":"Polygon","coordinates":[[[120.9921,14.61903],[120.99218,14.61712],[120.99118,14.61819],[120.9921,14.61903]]]}},{"type":"Feature","id":"PH1303901512","properties":{"psgc":"PH1303901512","brgy":"Barangay 512","city":"City of Manila","cityPsgc":"PH1303901","cLng":120.99954,"cLat":14.61648},"geometry":{"type":"Polygon","coordinates":[[[120.9985,14.61695],[121.00099,14.6171],[120.99912,14.6154],[120.9985,14.61695]]]}},{"type":"Feature","id":"PH1303901513","properties":{"psgc":"PH1303901513","brgy":"Barangay 513","city":"City of Manila","cityPsgc":"PH1303901","cLng":120.99831,"cLat":14.61603},"geometry":{"type":"Polygon","coordinates":[[[120.99684,14.61743],[120.99912,14.6154],[120.99897,14.61525],[120.99684,14.61743]]]}},{"type":"Feature","id":"PH1303901514","properties":{"psgc":"PH1303901514","brgy":"Barangay 514","city":"City of Manila","cityPsgc":"PH1303901","cLng":120.99472,"cLat":14.61878},"geometry":{"type":"Polygon","coordinates":[[[120.99536,14.62002],[120.99492,14.61765],[120.9939,14.61868],[120.99536,14.62002]]]}},{"type":"Feature","id":"PH1303901515","properties":{"psgc":"PH1303901515","brgy":"Barangay 515","city":"City of Manila","cityPsgc":"PH1303901","cLng":120.99635,"cLat":14.6196},"geometry":{"type":"Polygon","coordinates":[[[120.99616,14.62076],[120.99752,14.61802],[120.99536,14.62002],[120.99616,14.62076]]]}},{"type":"Feature","id":"PH1303901516","properties":{"psgc":"PH1303901516","brgy":"Barangay 516","city":"City of Manila","cityPsgc":"PH1303901","cLng":120.99529,"cLat":14.62062},"geometry":{"type":"Polygon","coordinates":[[[120.99435,14.62108],[120.99616,14.62076],[120.99536,14.62002],[120.99435,14.62108]]]}},{"type":"Feature","id":"PH1303901517","properties":{"psgc":"PH1303901517","brgy":"Barangay 517","city":"City of Manila","cityPsgc":"PH1303901","cLng":120.99761,"cLat":14.61542},"geometry":{"type":"Polygon","coordinates":[[[120.99787,14.61637],[120.99803,14.61438],[120.99693,14.61552],[120.99787,14.61637]]]}},{"type":"Feature","id":"PH1303901518","properties":{"psgc":"PH1303901518","brgy":"Barangay 518","city":"City of Manila","cityPsgc":"PH1303901","cLng":120.99371,"cLat":14.61984},"geometry":{"type":"Polygon","coordinates":[[[120.99435,14.62108],[120.9939,14.61868],[120.99289,14.61975],[120.99435,14.62108]]]}},{"type":"Feature","id":"PH1303901519","properties":{"psgc":"PH1303901519","brgy":"Barangay 519","city":"City of Manila","cityPsgc":"PH1303901","cLng":120.99657,"cLat":14.61651},"geometry":{"type":"Polygon","coordinates":[[[120.99684,14.61743],[120.99693,14.61552],[120.99593,14.61658],[120.99684,14.61743]]]}},{"type":"Feature","id":"PH1303901520","properties":{"psgc":"PH1303901520","brgy":"Barangay 520","city":"City of Manila","cityPsgc":"PH1303901","cLng":120.99578,"cLat":14.61777},"geometry":{"type":"Polygon","coordinates":[[[120.9965,14.61909],[120.99593,14.61658],[120.99492,14.61765],[120.9965,14.61909]]]}},{"type":"Feature","id":"PH1303901521","properties":{"psgc":"PH1303901521","brgy":"Barangay 521","city":"City of Manila","cityPsgc":"PH1303901","cLng":120.99727,"cLat":14.61233},"geometry":{"type":"Polygon","coordinates":[[[120.99711,14.61353],[120.99841,14.61063],[120.9963,14.61283],[120.99711,14.61353]]]}},{"type":"Feature","id":"PH1303901522","properties":{"psgc":"PH1303901522","brgy":"Barangay 522","city":"City of Manila","cityPsgc":"PH1303901","cLng":120.99807,"cLat":14.61303},"geometry":{"type":"Polygon","coordinates":[[[120.99764,14.61401],[120.99945,14.61156],[120.99711,14.61353],[120.99764,14.61401]]]}},{"type":"Feature","id":"PH1303901523","properties":{"psgc":"PH1303901523","brgy":"Barangay 523","city":"City of Manila","cityPsgc":"PH1303901","cLng":120.99847,"cLat":14.6134},"geometry":{"type":"Polygon","coordinates":[[[120.99803,14.61438],[120.99973,14.61182],[120.99764,14.61401],[120.99803,14.61438]]]}},{"type":"Feature","id":"PH1303901524","properties":{"psgc":"PH1303901524","brgy":"Barangay 524","city":"City of Manila","cityPsgc":"PH1303901","cLng":120.99956,"cLat":14.6129},"geometry":{"type":"Polygon","coordinates":[[[120.99803,14.61438],[121.0005,14.61223],[121.00016,14.61209],[120.99803,14.61438]]]}},{"type":"Feature","id":"PH1303901525","properties":{"psgc":"PH1303901525","brgy":"Barangay 525","city":"City of Manila","cityPsgc":"PH1303901","cLng":121.00055,"cLat":14.6136},"geometry":{"type":"Polygon","coordinates":[[[120.99976,14.61398],[121.00139,14.61458],[121.0005,14.61223],[120.99976,14.61398]]]}},{"type":"Feature","id":"PH1303901526","properties":{"psgc":"PH1303901526","brgy":"Barangay 526","city":"City of Manila","cityPsgc":"PH1303901","cLng":120.99977,"cLat":14.61462},"geometry":{"type":"Polygon","coordinates":[[[120.99871,14.61501],[121.0004,14.61472],[121.00022,14.61414],[120.99871,14.61501]]]}},{"type":"Feature","id":"PH1303901527","properties":{"psgc":"PH1303901527","brgy":"Barangay 527","city":"City of Manila","cityPsgc":"PH1303901","cLng":121.00231,"cLat":14.61405},"geometry":{"type":"Polygon","coordinates":[[[121.00193,14.61448],[121.00346,14.61437],[121.00156,14.61331],[121.00193,14.61448]]]}},{"type":"Feature","id":"PH1303901528","properties":{"psgc":"PH1303901528","brgy":"Barangay 528","city":"City of Manila","cityPsgc":"PH1303901","cLng":121.00062,"cLat":14.61509},"geometry":{"type":"Polygon","coordinates":[[[120.99912,14.6154],[121.00135,14.61529],[121.00139,14.61458],[120.99912,14.6154]]]}},{"type":"Feature","id":"PH1303901529","properties":{"psgc":"PH1303901529","brgy":"Barangay 529","city":"City of Manila","cityPsgc":"PH1303901","cLng":121.00166,"cLat":14.61391},"geometry":{"type":"Polygon","coordinates":[[[121.00101,14.61347],[121.00242,14.61495],[121.00156,14.61331],[121.00101,14.61347]]]}},{"type":"Feature","id":"PH1303901530","properties":{"psgc":"PH1303901530","brgy":"Barangay 530","city":"City of Manila","cityPsgc":"PH1303901","cLng":121.00116,"cLat":14.61593},"geometry":{"type":"Polygon","coordinates":[[[120.99998,14.61618],[121.00195,14.61641],[121.00157,14.61521],[120.99998,14.61618]]]}},{"type":"Feature","id":"PH1303901531","properties":{"psgc":"PH1303901531","brgy":"Barangay 531","city":"City of Manila","cityPsgc":"PH1303901","cLng":121.00185,"cLat":14.61595},"geometry":{"type":"Polygon","coordinates":[[[121.00195,14.61641],[121.00157,14.61521],[121.00181,14.6162],[121.00195,14.61641]]]}},{"type":"Feature","id":"PH1303901532","properties":{"psgc":"PH1303901532","brgy":"Barangay 532","city":"City of Manila","cityPsgc":"PH1303901","cLng":121.00175,"cLat":14.61266},"geometry":{"type":"Polygon","coordinates":[[[121.00114,14.61231],[121.00193,14.61328],[121.0022,14.6124],[121.00114,14.61231]]]}},{"type":"Feature","id":"PH1303901533","properties":{"psgc":"PH1303901533","brgy":"Barangay 533","city":"City of Manila","cityPsgc":"PH1303901","cLng":121.0025,"cLat":14.61286},"geometry":{"type":"Polygon","coordinates":[[[121.00193,14.61328],[121.00335,14.6129],[121.0022,14.6124],[121.00193,14.61328]]]}},{"type":"Feature","id":"PH1303901534","properties":{"psgc":"PH1303901534","brgy":"Barangay 534","city":"City of Manila","cityPsgc":"PH1303901","cLng":121.00305,"cLat":14.61196},"geometry":{"type":"Polygon","coordinates":[[[121.00234,14.61244],[121.0041,14.61207],[121.00271,14.61136],[121.00234,14.61244]]]}},{"type":"Feature","id":"PH1303901535","properties":{"psgc":"PH1303901535","brgy":"Barangay 535","city":"City of Manila","cityPsgc":"PH1303901","cLng":121.00182,"cLat":14.61191},"geometry":{"type":"Polygon","coordinates":[[[121.00234,14.61244],[121.00187,14.61109],[121.00126,14.6122],[121.00234,14.61244]]]}},{"type":"Feature","id":"PH1303901536","properties":{"psgc":"PH1303901536","brgy":"Barangay 536","city":"City of Manila","cityPsgc":"PH1303901","cLng":121.00414,"cLat":14.61266},"geometry":{"type":"Polygon","coordinates":[[[121.00335,14.6129],[121.00496,14.61301],[121.0041,14.61207],[121.00335,14.6129]]]}},{"type":"Feature","id":"PH1303901537","properties":{"psgc":"PH1303901537","brgy":"Barangay 537","city":"City of Manila","cityPsgc":"PH1303901","cLng":121.00359,"cLat":14.6137},"geometry":{"type":"Polygon","coordinates":[[[121.00296,14.61374],[121.00445,14.61445],[121.00335,14.6129],[121.00296,14.61374]]]}},{"type":"Feature","id":"PH1303901538","properties":{"psgc":"PH1303901538","brgy":"Barangay 538","city":"City of Manila","cityPsgc":"PH1303901","cLng":121.00446,"cLat":14.61371},"geometry":{"type":"Polygon","coordinates":[[[121.00445,14.61445],[121.00496,14.61301],[121.00394,14.61368],[121.00445,14.61445]]]}},{"type":"Feature","id":"PH1303901539","properties":{"psgc":"PH1303901539","brgy":"Barangay 539","city":"City of Manila","cityPsgc":"PH1303901","cLng":121.00339,"cLat":14.61087},"geometry":{"type":"Polygon","coordinates":[[[121.00198,14.61112],[121.00578,14.6116],[121.00241,14.60988],[121.00198,14.61112]]]}},{"type":"Feature","id":"PH1303901540","properties":{"psgc":"PH1303901540","brgy":"Barangay 540","city":"City of Manila","cityPsgc":"PH1303901","cLng":121.00479,"cLat":14.61227},"geometry":{"type":"Polygon","coordinates":[[[121.00488,14.61287],[121.00545,14.61189],[121.0041,14.61207],[121.00488,14.61287]]]}},{"type":"Feature","id":"PH1303901541","properties":{"psgc":"PH1303901541","brgy":"Barangay 541","city":"City of Manila","cityPsgc":"PH1303901","cLng":121.00607,"cLat":14.61199},"geometry":{"type":"Polygon","coordinates":[[[121.00545,14.61189],[121.00697,14.61247],[121.00578,14.6116],[121.00545,14.61189]]]}},{"type":"Feature","id":"PH1303901542","properties":{"psgc":"PH1303901542","brgy":"Barangay 542","city":"City of Manila","cityPsgc":"PH1303901","cLng":121.00006,"cLat":14.60951},"geometry":{"type":"Polygon","coordinates":[[[121.00007,14.61017],[121.00058,14.60865],[120.99956,14.6097],[121.00007,14.61017]]]}},{"type":"Feature","id":"PH1303901543","properties":{"psgc":"PH1303901543","brgy":"Barangay 543","city":"City of Manila","cityPsgc":"PH1303901","cLng":120.99905,"cLat":14.61056},"geometry":{"type":"Polygon","coordinates":[[[120.99906,14.61122],[120.99956,14.6097],[120.99854,14.61075],[120.99906,14.61122]]]}},{"type":"Feature","id":"PH1303901544","properties":{"psgc":"PH1303901544","brgy":"Barangay 544","city":"City of Manila","cityPsgc":"PH1303901","cLng":121.00052,"cLat":14.60862},"geometry":{"type":"Polygon","coordinates":[[[120.99841,14.61063],[121.00058,14.60865],[121.00258,14.60658],[120.99841,14.61063]]]}},{"type":"Feature","id":"PH1303901545","properties":{"psgc":"PH1303901545","brgy":"Barangay 545","city":"City of Manila","cityPsgc":"PH1303901","cLng":121.00209,"cLat":14.60876},"geometry":{"type":"Polygon","coordinates":[[[121.00259,14.60956],[121.00212,14.60806],[121.00153,14.60866],[121.00259,14.60956]]]}},{"type":"Feature","id":"PH1303901546","properties":{"psgc":"PH1303901546","brgy":"Barangay 546","city":"City of Manila","cityPsgc":"PH1303901","cLng":121.00266,"cLat":14.60793},"geometry":{"type":"Polygon","coordinates":[[[121.00269,14.60877],[121.00318,14.60695],[121.00212,14.60806],[121.00269,14.60877]]]}},{"type":"Feature","id":"PH1303901547","properties":{"psgc":"PH1303901547","brgy":"Barangay 547","city":"City of Manila","cityPsgc":"PH1303901","cLng":121.00156,"cLat":14.6106},"geometry":{"type":"Polygon","coordinates":[[[121.00034,14.61064],[121.00198,14.61112],[121.00236,14.61004],[121.00034,14.61064]]]}},{"type":"Feature","id":"PH1303901548","properties":{"psgc":"PH1303901548","brgy":"Barangay 548","city":"City of Manila","cityPsgc":"PH1303901","cLng":120.99984,"cLat":14.61064},"geometry":{"type":"Polygon","coordinates":[[[120.99906,14.61122],[121.00035,14.61052],[121.00007,14.61017],[120.99906,14.61122]]]}},{"type":"Feature","id":"PH1303901549","properties":{"psgc":"PH1303901549","brgy":"Barangay 549","city":"City of Manila","cityPsgc":"PH1303901","cLng":121.00341,"cLat":14.6094},"geometry":{"type":"Polygon","coordinates":[[[121.00303,14.61009],[121.00385,14.60912],[121.00338,14.60898],[121.00303,14.61009]]]}},{"type":"Feature","id":"PH1303901550","properties":{"psgc":"PH1303901550","brgy":"Barangay 550","city":"City of Manila","cityPsgc":"PH1303901","cLng":121.00144,"cLat":14.6081},"geometry":{"type":"Polygon","coordinates":[[[121.00058,14.60865],[121.00212,14.60806],[121.00159,14.6076],[121.00058,14.60865]]]}},{"type":"Feature","id":"PH1303901551","properties":{"psgc":"PH1303901551","brgy":"Barangay 551","city":"City of Manila","cityPsgc":"PH1303901","cLng":121.00209,"cLat":14.60741},"geometry":{"type":"Polygon","coordinates":[[[121.00212,14.60806],[121.00258,14.60658],[121.00159,14.6076],[121.00212,14.60806]]]}},{"type":"Feature","id":"PH1303901552","properties":{"psgc":"PH1303901552","brgy":"Barangay 552","city":"City of Manila","cityPsgc":"PH1303901","cLng":121.003,"cLat":14.60926},"geometry":{"type":"Polygon","coordinates":[[[121.00303,14.61009],[121.00357,14.60781],[121.00241,14.60988],[121.00303,14.61009]]]}},{"type":"Feature","id":"PH1303901553","properties":{"psgc":"PH1303901553","brgy":"Barangay 553","city":"City of Manila","cityPsgc":"PH1303901","cLng":121.00152,"cLat":14.60922},"geometry":{"type":"Polygon","coordinates":[[[121.00194,14.60989],[121.00153,14.60866],[121.00109,14.60911],[121.00194,14.60989]]]}},{"type":"Feature","id":"PH1303901554","properties":{"psgc":"PH1303901554","brgy":"Barangay 554","city":"City of Manila","cityPsgc":"PH1303901","cLng":121.00096,"cLat":14.61011},"geometry":{"type":"Polygon","coordinates":[[[121.00172,14.61104],[121.00109,14.60911],[121.00007,14.61017],[121.00172,14.61104]]]}},{"type":"Feature","id":"PH1303901555","properties":{"psgc":"PH1303901555","brgy":"Barangay 555","city":"City of Manila","cityPsgc":"PH1303901","cLng":121.00752,"cLat":14.61163},"geometry":{"type":"Polygon","coordinates":[[[121.00697,14.61247],[121.00897,14.61029],[121.00662,14.61212],[121.00697,14.61247]]]}},{"type":"Feature","id":"PH1303901556","properties":{"psgc":"PH1303901556","brgy":"Barangay 556","city":"City of Manila","cityPsgc":"PH1303901","cLng":121.00722,"cLat":14.61134},"geometry":{"type":"Polygon","coordinates":[[[121.00662,14.61212],[121.00873,14.61001],[121.00627,14.61189],[121.00662,14.61212]]]}},{"type":"Feature","id":"PH1303901557","properties":{"psgc":"PH1303901557","brgy":"Barangay 557","city":"City of Manila","cityPsgc":"PH1303901","cLng":121.00692,"cLat":14.61112},"geometry":{"type":"Polygon","coordinates":[[[121.00627,14.61189],[121.00852,14.60975],[121.00598,14.61171],[121.00627,14.61189]]]}},{"type":"Feature","id":"PH1303901558","properties":{"psgc":"PH1303901558","brgy":"Barangay 558","city":"City of Manila","cityPsgc":"PH1303901","cLng":121.00664,"cLat":14.6109},"geometry":{"type":"Polygon","coordinates":[[[121.00598,14.61171],[121.0083,14.60947],[121.00564,14.61152],[121.00598,14.61171]]]}},{"type":"Feature","id":"PH1303901559","properties":{"psgc":"PH1303901559","brgy":"Barangay 559","city":"City of Manila","cityPsgc":"PH1303901","cLng":121.00726,"cLat":14.60998},"geometry":{"type":"Polygon","coordinates":[[[121.00539,14.61127],[121.0083,14.60947],[121.00807,14.6092],[121.00539,14.61127]]]}},{"type":"Feature","id":"PH1303901560","properties":{"psgc":"PH1303901560","brgy":"Barangay 560","city":"City of Manila","cityPsgc":"PH1303901","cLng":121.00969,"cLat":14.60963},"geometry":{"type":"Polygon","coordinates":[[[121.00873,14.61001],[121.01043,14.60978],[121.00988,14.60911],[121.00873,14.61001]]]}},{"type":"Feature","id":"PH1303901561","properties":{"psgc":"PH1303901561","brgy":"Barangay 561","city":"City of Manila","cityPsgc":"PH1303901","cLng":121.00695,"cLat":14.60961},"geometry":{"type":"Polygon","coordinates":[[[121.00506,14.61085],[121.00807,14.6092],[121.00773,14.60879],[121.00506,14.61085]]]}},{"type":"Feature","id":"PH1303901562","properties":{"psgc":"PH1303901562","brgy":"Barangay 562","city":"City of Manila","cityPsgc":"PH1303901","cLng":121.00661,"cLat":14.6092},"geometry":{"type":"Polygon","coordinates":[[[121.00471,14.61043],[121.00773,14.60879],[121.00739,14.60837],[121.00471,14.61043]]]}},{"type":"Feature","id":"PH1303901563","properties":{"psgc":"PH1303901563","brgy":"Barangay 563","city":"City of Manila","cityPsgc":"PH1303901","cLng":121.00544,"cLat":14.60959},"geometry":{"type":"Polygon","coordinates":[[[121.00471,14.61043],[121.00718,14.60811],[121.00443,14.61024],[121.00471,14.61043]]]}},{"type":"Feature","id":"PH1303901564","properties":{"psgc":"PH1303901564","brgy":"Barangay 564","city":"City of Manila","cityPsgc":"PH1303901","cLng":121.00611,"cLat":14.60861},"geometry":{"type":"Polygon","coordinates":[[[121.00424,14.6099],[121.00718,14.60811],[121.00693,14.60781],[121.00424,14.6099]]]}},{"type":"Feature","id":"PH1303901565","properties":{"psgc":"PH1303901565","brgy":"Barangay 565","city":"City of Manila","cityPsgc":"PH1303901","cLng":121.00659,"cLat":14.60758},"geometry":{"type":"Polygon","coordinates":[[[121.00396,14.60945],[121.0081,14.6069],[121.0077,14.60638],[121.00396,14.60945]]]}},{"type":"Feature","id":"PH1303901566","properties":{"psgc":"PH1303901566","brgy":"Barangay 566","city":"City of Manila","cityPsgc":"PH1303901","cLng":121.00767,"cLat":14.60793},"geometry":{"type":"Polygon","coordinates":[[[121.00797,14.60907],[121.0081,14.6069],[121.00693,14.60781],[121.00797,14.60907]]]}},{"type":"Feature","id":"PH1303901567","properties":{"psgc":"PH1303901567","brgy":"Barangay 567","city":"City of Manila","cityPsgc":"PH1303901","cLng":121.00635,"cLat":14.60727},"geometry":{"type":"Polygon","coordinates":[[[121.00396,14.60945],[121.0077,14.60638],[121.0074,14.60598],[121.00396,14.60945]]]}},{"type":"Feature","id":"PH1303901568","properties":{"psgc":"PH1303901568","brgy":"Barangay 568","city":"City of Manila","cityPsgc":"PH1303901","cLng":121.0086,"cLat":14.60909},"geometry":{"type":"Polygon","coordinates":[[[121.00873,14.61001],[121.00912,14.60818],[121.00797,14.60907],[121.00873,14.61001]]]}},{"type":"Feature","id":"PH1303901569","properties":{"psgc":"PH1303901569","brgy":"Barangay 569","city":"City of Manila","cityPsgc":"PH1303901","cLng":121.00802,"cLat":14.60516},"geometry":{"type":"Polygon","coordinates":[[[121.0076,14.60584],[121.00946,14.60461],[121.00701,14.60502],[121.0076,14.60584]]]}},{"type":"Feature","id":"PH1303901570","properties":{"psgc":"PH1303901570","brgy":"Barangay 570","city":"City of Manila","cityPsgc":"PH1303901","cLng":121.00663,"cLat":14.60341},"geometry":{"type":"Polygon","coordinates":[[[121.00534,14.60368],[121.00636,14.60406],[121.0082,14.60249],[121.00534,14.60368]]]}},{"type":"Feature","id":"PH1303901571","properties":{"psgc":"PH1303901571","brgy":"Barangay 571","city":"City of Manila","cityPsgc":"PH1303901","cLng":121.00561,"cLat":14.60482},"geometry":{"type":"Polygon","coordinates":[[[121.00461,14.60498],[121.00653,14.60534],[121.00567,14.60415],[121.00461,14.60498]]]}},{"type":"Feature","id":"PH1303901572","properties":{"psgc":"PH1303901572","brgy":"Barangay 572","city":"City of Manila","cityPsgc":"PH1303901","cLng":121.00608,"cLat":14.6061},"geometry":{"type":"Polygon","coordinates":[[[121.00619,14.6069],[121.00653,14.60534],[121.00552,14.60607],[121.00619,14.6069]]]}},{"type":"Feature","id":"PH1303901573","properties":{"psgc":"PH1303901573","brgy":"Barangay 573","city":"City of Manila","cityPsgc":"PH1303901","cLng":121.0035,"cLat":14.60702},"geometry":{"type":"Polygon","coordinates":[[[121.00361,14.60799],[121.0038,14.60618],[121.00308,14.60688],[121.00361,14.60799]]]}},{"type":"Feature","id":"PH1303901574","properties":{"psgc":"PH1303901574","brgy":"Barangay 574","city":"City of Manila","cityPsgc":"PH1303901","cLng":121.00445,"cLat":14.60624},"geometry":{"type":"Polygon","coordinates":[[[121.00451,14.60706],[121.00496,14.60539],[121.00388,14.60628],[121.00451,14.60706]]]}},{"type":"Feature","id":"PH1303901575","properties":{"psgc":"PH1303901575","brgy":"Barangay 575","city":"City of Manila","cityPsgc":"PH1303901","cLng":121.00506,"cLat":14.60701},"geometry":{"type":"Polygon","coordinates":[[[121.00506,14.60775],[121.00563,14.60621],[121.00451,14.60706],[121.00506,14.60775]]]}},{"type":"Feature","id":"PH1303901576","properties":{"psgc":"PH1303901576","brgy":"Barangay 576","city":"City of Manila","cityPsgc":"PH1303901","cLng":121.00423,"cLat":14.60518},"geometry":{"type":"Polygon","coordinates":[[[121.00239,14.60647],[121.00496,14.60539],[121.00534,14.60368],[121.00239,14.60647]]]}},{"type":"Feature","id":"PH1303901577","properties":{"psgc":"PH1303901577","brgy":"Barangay 577","city":"City of Manila","cityPsgc":"PH1303901","cLng":121.00449,"cLat":14.6079},"geometry":{"type":"Polygon","coordinates":[[[121.00506,14.60775],[121.00463,14.60721],[121.00377,14.60873],[121.00506,14.60775]]]}},{"type":"Feature","id":"PH1303901578","properties":{"psgc":"PH1303901578","brgy":"Barangay 578","city":"City of Manila","cityPsgc":"PH1303901","cLng":121.00892,"cLat":14.60375},"geometry":{"type":"Polygon","coordinates":[[[121.00841,14.60445],[121.01017,14.60351],[121.00818,14.60328],[121.00841,14.60445]]]}},{"type":"Feature","id":"PH1303901579","properties":{"psgc":"PH1303901579","brgy":"Barangay 579","city":"City of Manila","cityPsgc":"PH1303901","cLng":121.00893,"cLat":14.60265},"geometry":{"type":"Polygon","coordinates":[[[121.00818,14.60328],[121.01039,14.60218],[121.0082,14.60249],[121.00818,14.60328]]]}},{"type":"Feature","id":"PH1303901580","properties":{"psgc":"PH1303901580","brgy":"Barangay 580","city":"City of Manila","cityPsgc":"PH1303901","cLng":121.00719,"cLat":14.60412},"geometry":{"type":"Polygon","coordinates":[[[121.00701,14.60502],[121.00818,14.60328],[121.00636,14.60406],[121.00701,14.60502]]]}},{"type":"Feature","id":"PH1303901581","properties":{"psgc":"PH1303901581","brgy":"Barangay 581","city":"City of Manila","cityPsgc":"PH1303901","cLng":121.00985,"cLat":14.60544},"geometry":{"type":"Polygon","coordinates":[[[121.00923,14.60831],[121.00912,14.60737],[121.01342,14.60243],[121.0074,14.60598],[121.00923,14.60831]]]}},{"type":"Feature","id":"PH1303901582","properties":{"psgc":"PH1303901582","brgy":"Barangay 582","city":"City of Manila","cityPsgc":"PH1303901","cLng":121.01037,"cLat":14.6091},"geometry":{"type":"Polygon","coordinates":[[[121.01043,14.60978],[121.01077,14.60842],[121.00988,14.60911],[121.01043,14.60978]]]}},{"type":"Feature","id":"PH1303901583","properties":{"psgc":"PH1303901583","brgy":"Barangay 583","city":"City of Manila","cityPsgc":"PH1303901","cLng":121.00965,"cLat":14.60843},"geometry":{"type":"Polygon","coordinates":[[[121.00988,14.60911],[121.00982,14.60787],[121.00923,14.60831],[121.00988,14.60911]]]}},{"type":"Feature","id":"PH1303901584","properties":{"psgc":"PH1303901584","brgy":"Barangay 584","city":"City of Manila","cityPsgc":"PH1303901","cLng":121.0124,"cLat":14.60689},"geometry":{"type":"Polygon","coordinates":[[[121.00912,14.60737],[121.01399,14.60715],[121.01408,14.60615],[121.00912,14.60737]]]}},{"type":"Feature","id":"PH1303901585","properties":{"psgc":"PH1303901585","brgy":"Barangay 585","city":"City of Manila","cityPsgc":"PH1303901","cLng":121.01294,"cLat":14.60495},"geometry":{"type":"Polygon","coordinates":[[[121.01133,14.60627],[121.01408,14.60615],[121.01342,14.60243],[121.01133,14.60627]]]}},{"type":"Feature","id":"PH1303901586","properties":{"psgc":"PH1303901586","brgy":"Barangay 586","city":"City of Manila","cityPsgc":"PH1303901","cLng":121.01504,"cLat":14.60362},"geometry":{"type":"Polygon","coordinates":[[[121.01421,14.604],[121.01749,14.60443],[121.01342,14.60243],[121.01421,14.604]]]}},{"type":"Feature","id":"PH1303901587","properties":{"psgc":"PH1303901587","brgy":"Barangay 587","city":"City of Manila","cityPsgc":"PH1303901","cLng":121.0145,"cLat":14.60086},"geometry":{"type":"Polygon","coordinates":[[[121.01171,14.60228],[121.0158,14.60049],[121.01601,14.59982],[121.01171,14.60228]]]}},{"type":"Feature","id":"PH1303901987","properties":{"psgc":"PH1303901987","brgy":"Barangay 587-A","city":"City of Manila","cityPsgc":"PH1303901","cLng":121.01514,"cLat":14.60218},"geometry":{"type":"Polygon","coordinates":[[[121.01585,14.60286],[121.0151,14.60118],[121.01449,14.6025],[121.01585,14.60286]]]}},{"type":"Feature","id":"PH1303901588","properties":{"psgc":"PH1303901588","brgy":"Barangay 588","city":"City of Manila","cityPsgc":"PH1303901","cLng":121.01598,"cLat":14.60036},"geometry":{"type":"Polygon","coordinates":[[[121.0151,14.60118],[121.01683,14.60008],[121.01601,14.59982],[121.0151,14.60118]]]}},{"type":"Feature","id":"PH1303901589","properties":{"psgc":"PH1303901589","brgy":"Barangay 589","city":"City of Manila","cityPsgc":"PH1303901","cLng":121.01665,"cLat":14.59827},"geometry":{"type":"Polygon","coordinates":[[[121.0158,14.59976],[121.01761,14.59764],[121.01653,14.59741],[121.0158,14.59976]]]}},{"type":"Feature","id":"PH1303901590","properties":{"psgc":"PH1303901590","brgy":"Barangay 590","city":"City of Manila","cityPsgc":"PH1303901","cLng":121.01473,"cLat":14.59749},"geometry":{"type":"Polygon","coordinates":[[[121.013,14.59854],[121.01582,14.59713],[121.01537,14.59679],[121.013,14.59854]]]}},{"type":"Feature","id":"PH1303901591","properties":{"psgc":"PH1303901591","brgy":"Barangay 591","city":"City of Manila","cityPsgc":"PH1303901","cLng":121.01478,"cLat":14.59884},"geometry":{"type":"Polygon","coordinates":[[[121.01202,14.59934],[121.0158,14.59976],[121.01653,14.59741],[121.01202,14.59934]]]}},{"type":"Feature","id":"PH1303901592","properties":{"psgc":"PH1303901592","brgy":"Barangay 592","city":"City of Manila","cityPsgc":"PH1303901","cLng":121.01174,"cLat":14.60042},"geometry":{"type":"Polygon","coordinates":[[[121.01232,14.60164],[121.01202,14.59934],[121.01089,14.60027],[121.01232,14.60164]]]}},{"type":"Feature","id":"PH1303901593","properties":{"psgc":"PH1303901593","brgy":"Barangay 593","city":"City of Manila","cityPsgc":"PH1303901","cLng":121.01047,"cLat":14.60153},"geometry":{"type":"Polygon","coordinates":[[[121.01171,14.60228],[121.01089,14.60027],[121.00882,14.60204],[121.01171,14.60228]]]}},{"type":"Feature","id":"PH1303901594","properties":{"psgc":"PH1303901594","brgy":"Barangay 594","city":"City of Manila","cityPsgc":"PH1303901","cLng":121.01686,"cLat":14.60303},"geometry":{"type":"Polygon","coordinates":[[[121.01749,14.60443],[121.017,14.60231],[121.01608,14.60236],[121.01749,14.60443]]]}},{"type":"Feature","id":"PH1303901595","properties":{"psgc":"PH1303901595","brgy":"Barangay 595","city":"City of Manila","cityPsgc":"PH1303901","cLng":121.01801,"cLat":14.60247},"geometry":{"type":"Polygon","coordinates":[[[121.01832,14.60373],[121.01955,14.60151],[121.01615,14.60217],[121.01832,14.60373]]]}},{"type":"Feature","id":"PH1303901596","properties":{"psgc":"PH1303901596","brgy":"Barangay 596","city":"City of Manila","cityPsgc":"PH1303901","cLng":121.01853,"cLat":14.60123},"geometry":{"type":"Polygon","coordinates":[[[121.01664,14.60067],[121.0194,14.60152],[121.01955,14.60151],[121.01664,14.60067]]]}},{"type":"Feature","id":"PH1303901597","properties":{"psgc":"PH1303901597","brgy":"Barangay 597","city":"City of Manila","cityPsgc":"PH1303901","cLng":121.01821,"cLat":14.60096},"geometry":{"type":"Polygon","coordinates":[[[121.0178,14.60167],[121.01999,14.60114],[121.01683,14.60008],[121.0178,14.60167]]]}},{"type":"Feature","id":"PH1303901598","properties":{"psgc":"PH1303901598","brgy":"Barangay 598","city":"City of Manila","cityPsgc":"PH1303901","cLng":121.02054,"cLat":14.59984},"geometry":{"type":"Polygon","coordinates":[[[121.01841,14.60061],[121.02234,14.6003],[121.02087,14.59861],[121.01841,14.60061]]]}},{"type":"Feature","id":"PH1303901599","properties":{"psgc":"PH1303901599","brgy":"Barangay 599","city":"City of Manila","cityPsgc":"PH1303901","cLng":121.01767,"cLat":14.59931},"geometry":{"type":"Polygon","coordinates":[[[121.01683,14.60008],[121.01885,14.59929],[121.01732,14.59856],[121.01683,14.60008]]]}},{"type":"Feature","id":"PH1303901600","properties":{"psgc":"PH1303901600","brgy":"Barangay 600","city":"City of Manila","cityPsgc":"PH1303901","cLng":121.0205,"cLat":14.59798},"geometry":{"type":"Polygon","coordinates":[[[121.01836,14.59703],[121.02144,14.59873],[121.0217,14.59818],[121.01836,14.59703]]]}},{"type":"Feature","id":"PH1303901601","properties":{"psgc":"PH1303901601","brgy":"Barangay 601","city":"City of Manila","cityPsgc":"PH1303901","cLng":121.02038,"cLat":14.59782},"geometry":{"type":"Polygon","coordinates":[[[121.02234,14.6003],[121.02045,14.59613],[121.01836,14.59703],[121.02234,14.6003]]]}},{"type":"Feature","id":"PH1303901602","properties":{"psgc":"PH1303901602","brgy":"Barangay 602","city":"City of Manila","cityPsgc":"PH1303901","cLng":121.02362,"cLat":14.59615},"geometry":{"type":"Polygon","coordinates":[[[121.02425,14.59832],[121.02617,14.594],[121.02045,14.59613],[121.02425,14.59832]]]}},{"type":"Feature","id":"PH1303901603","properties":{"psgc":"PH1303901603","brgy":"Barangay 603","city":"City of Manila","cityPsgc":"PH1303901","cLng":121.01781,"cLat":14.59617},"geometry":{"type":"Polygon","coordinates":[[[121.01577,14.5966],[121.01917,14.59643],[121.0185,14.59547],[121.01577,14.5966]]]}},{"type":"Feature","id":"PH1303901604","properties":{"psgc":"PH1303901604","brgy":"Barangay 604","city":"City of Manila","cityPsgc":"PH1303901","cLng":121.02241,"cLat":14.59399},"geometry":{"type":"Polygon","coordinates":[[[121.01985,14.59492],[121.02369,14.59398],[121.02367,14.59307],[121.01985,14.59492]]]}},{"type":"Feature","id":"PH1303901605","properties":{"psgc":"PH1303901605","brgy":"Barangay 605","city":"City of Manila","cityPsgc":"PH1303901","cLng":121.02063,"cLat":14.59518},"geometry":{"type":"Polygon","coordinates":[[[121.0185,14.59547],[121.02171,14.59563],[121.02167,14.59443],[121.0185,14.59547]]]}},{"type":"Feature","id":"PH1303901606","properties":{"psgc":"PH1303901606","brgy":"Barangay 606","city":"City of Manila","cityPsgc":"PH1303901","cLng":121.02212,"cLat":14.59478},"geometry":{"type":"Polygon","coordinates":[[[121.02171,14.59563],[121.02328,14.5938],[121.02139,14.59492],[121.02171,14.59563]]]}},{"type":"Feature","id":"PH1303901607","properties":{"psgc":"PH1303901607","brgy":"Barangay 607","city":"City of Manila","cityPsgc":"PH1303901","cLng":121.02504,"cLat":14.5931},"geometry":{"type":"Polygon","coordinates":[[[121.02358,14.59289],[121.02617,14.594],[121.02535,14.59242],[121.02358,14.59289]]]}},{"type":"Feature","id":"PH1303901608","properties":{"psgc":"PH1303901608","brgy":"Barangay 608","city":"City of Manila","cityPsgc":"PH1303901","cLng":121.02178,"cLat":14.59123},"geometry":{"type":"Polygon","coordinates":[[[121.02358,14.59289],[121.02104,14.59022],[121.0207,14.59059],[121.02358,14.59289]]]}},{"type":"Feature","id":"PH1303901609","properties":{"psgc":"PH1303901609","brgy":"Barangay 609","city":"City of Manila","cityPsgc":"PH1303901","cLng":121.02044,"cLat":14.59165},"geometry":{"type":"Polygon","coordinates":[[[121.02117,14.59256],[121.0207,14.59059],[121.01946,14.59179],[121.02117,14.59256]]]}},{"type":"Feature","id":"PH1303901610","properties":{"psgc":"PH1303901610","brgy":"Barangay 610","city":"City of Manila","cityPsgc":"PH1303901","cLng":121.01879,"cLat":14.5927},"geometry":{"type":"Polygon","coordinates":[[[121.01677,14.59421],[121.01864,14.593],[121.02006,14.5922],[121.01946,14.59179],[121.01677,14.59421]]]}},{"type":"Feature","id":"PH1303901611","properties":{"psgc":"PH1303901611","brgy":"Barangay 611","city":"City of Manila","cityPsgc":"PH1303901","cLng":121.01646,"cLat":14.59518},"geometry":{"type":"Polygon","coordinates":[[[121.01509,14.59572],[121.01752,14.5956],[121.01677,14.59421],[121.01509,14.59572]]]}},{"type":"Feature","id":"PH1303901612","properties":{"psgc":"PH1303901612","brgy":"Barangay 612","city":"City of Manila","cityPsgc":"PH1303901","cLng":121.02062,"cLat":14.59403},"geometry":{"type":"MultiPolygon","coordinates":[[[[121.01994,14.59459],[121.02215,14.59324],[121.01976,14.59425],[121.01994,14.59459]]],[[[121.01944,14.5948],[121.01742,14.59522],[121.01752,14.5956],[121.01944,14.5948]]]]}},{"type":"Feature","id":"PH1303901613","properties":{"psgc":"PH1303901613","brgy":"Barangay 613","city":"City of Manila","cityPsgc":"PH1303901","cLng":121.01991,"cLat":14.59305},"geometry":{"type":"Polygon","coordinates":[[[121.01832,14.59328],[121.02137,14.59336],[121.02004,14.59251],[121.01832,14.59328]]]}},{"type":"Feature","id":"PH1303901614","properties":{"psgc":"PH1303901614","brgy":"Barangay 614","city":"City of Manila","cityPsgc":"PH1303901","cLng":121.01977,"cLat":14.59283},"geometry":{"type":"MultiPolygon","coordinates":[[[[121.0189,14.59328],[121.01988,14.59304],[121.02058,14.59218],[121.0189,14.59328]]],[[[121.01891,14.59388],[121.01719,14.59467],[121.01732,14.59488],[121.01891,14.59388]]]]}},{"type":"Feature","id":"PH1303901615","properties":{"psgc":"PH1303901615","brgy":"Barangay 615","city":"City of Manila","cityPsgc":"PH1303901","cLng":121.01947,"cLat":14.59487},"geometry":{"type":"Polygon","coordinates":[[[121.01557,14.59635],[121.02147,14.59425],[121.02137,14.594],[121.01557,14.59635]]]}},{"type":"Feature","id":"PH1303901616","properties":{"psgc":"PH1303901616","brgy":"Barangay 616","city":"City of Manila","cityPsgc":"PH1303901","cLng":121.01855,"cLat":14.59452},"geometry":{"type":"MultiPolygon","coordinates":[[[[121.02058,14.59218],[121.02175,14.59342],[121.02215,14.59324],[121.02058,14.59218]]],[[[121.01931,14.59445],[121.01891,14.59388],[121.01742,14.59522],[121.01931,14.59445]]]]}},{"type":"Feature","id":"PH1303901617","properties":{"psgc":"PH1303901617","brgy":"Barangay 617","city":"City of Manila","cityPsgc":"PH1303901","cLng":121.02187,"cLat":14.59253},"geometry":{"type":"Polygon","coordinates":[[[121.02256,14.59353],[121.02189,14.59149],[121.02117,14.59256],[121.02256,14.59353]]]}},{"type":"Feature","id":"PH1303901618","properties":{"psgc":"PH1303901618","brgy":"Barangay 618","city":"City of Manila","cityPsgc":"PH1303901","cLng":121.02228,"cLat":14.59092},"geometry":{"type":"Polygon","coordinates":[[[121.02415,14.59287],[121.02165,14.58968],[121.02104,14.59022],[121.02415,14.59287]]]}},{"type":"Feature","id":"PH1303901619","properties":{"psgc":"PH1303901619","brgy":"Barangay 619","city":"City of Manila","cityPsgc":"PH1303901","cLng":121.01632,"cLat":14.59182},"geometry":{"type":"Polygon","coordinates":[[[121.0151,14.59579],[121.01929,14.59194],[121.01629,14.58837],[121.0142,14.59002],[121.0151,14.59579]]]}},{"type":"Feature","id":"PH1303901620","properties":{"psgc":"PH1303901620","brgy":"Barangay 620","city":"City of Manila","cityPsgc":"PH1303901","cLng":121.02051,"cLat":14.58965},"geometry":{"type":"Polygon","coordinates":[[[121.01968,14.5903],[121.02165,14.58968],[121.02021,14.58896],[121.01968,14.5903]]]}},{"type":"Feature","id":"PH1303901621","properties":{"psgc":"PH1303901621","brgy":"Barangay 621","city":"City of Manila","cityPsgc":"PH1303901","cLng":121.01419,"cLat":14.59509},"geometry":{"type":"Polygon","coordinates":[[[121.01241,14.59421],[121.0163,14.59737],[121.01387,14.5937],[121.01241,14.59421]]]}},{"type":"Feature","id":"PH1303901622","properties":{"psgc":"PH1303901622","brgy":"Barangay 622","city":"City of Manila","cityPsgc":"PH1303901","cLng":121.01794,"cLat":14.5903},"geometry":{"type":"Polygon","coordinates":[[[121.01689,14.59031],[121.02006,14.59061],[121.01686,14.58999],[121.01689,14.59031]]]}},{"type":"Feature","id":"PH1303901623","properties":{"psgc":"PH1303901623","brgy":"Barangay 623","city":"City of Manila","cityPsgc":"PH1303901","cLng":121.01913,"cLat":14.58916},"geometry":{"type":"Polygon","coordinates":[[[121.01849,14.58999],[121.02021,14.58896],[121.0187,14.58853],[121.01849,14.58999]]]}},{"type":"Feature","id":"PH1303901624","properties":{"psgc":"PH1303901624","brgy":"Barangay 624","city":"City of Manila","cityPsgc":"PH1303901","cLng":121.018,"cLat":14.59017},"geometry":{"type":"Polygon","coordinates":[[[121.01749,14.59044],[121.01968,14.5903],[121.01684,14.58978],[121.01749,14.59044]]]}},{"type":"Feature","id":"PH1303901625","properties":{"psgc":"PH1303901625","brgy":"Barangay 625","city":"City of Manila","cityPsgc":"PH1303901","cLng":121.01728,"cLat":14.58889},"geometry":{"type":"Polygon","coordinates":[[[121.01684,14.58978],[121.0187,14.58853],[121.01629,14.58837],[121.01684,14.58978]]]}},{"type":"Feature","id":"PH1303901626","properties":{"psgc":"PH1303901626","brgy":"Barangay 626","city":"City of Manila","cityPsgc":"PH1303901","cLng":121.00511,"cLat":14.60049},"geometry":{"type":"Polygon","coordinates":[[[121.00446,14.6016],[121.00619,14.60001],[121.00467,14.59986],[121.00446,14.6016]]]}},{"type":"Feature","id":"PH1303901627","properties":{"psgc":"PH1303901627","brgy":"Barangay 627","city":"City of Manila","cityPsgc":"PH1303901","cLng":121.00655,"cLat":14.60123},"geometry":{"type":"Polygon","coordinates":[[[121.00732,14.60189],[121.00619,14.60001],[121.00614,14.60178],[121.00732,14.60189]]]}},{"type":"Feature","id":"PH1303901628","properties":{"psgc":"PH1303901628","brgy":"Barangay 628","city":"City of Manila","cityPsgc":"PH1303901","cLng":121.00494,"cLat":14.59811},"geometry":{"type":"Polygon","coordinates":[[[121.00467,14.59986],[121.00733,14.5968],[121.00283,14.59767],[121.00467,14.59986]]]}},{"type":"Feature","id":"PH1303901629","properties":{"psgc":"PH1303901629","brgy":"Barangay 629","city":"City of Manila","cityPsgc":"PH1303901","cLng":121.00985,"cLat":14.60058},"geometry":{"type":"Polygon","coordinates":[[[121.00732,14.60189],[121.0112,14.60002],[121.01104,14.59984],[121.00732,14.60189]]]}},{"type":"Feature","id":"PH1303901630","properties":{"psgc":"PH1303901630","brgy":"Barangay 630","city":"City of Manila","cityPsgc":"PH1303901","cLng":121.0111,"cLat":14.59637},"geometry":{"type":"Polygon","coordinates":[[[121.00733,14.5968],[121.01355,14.5981],[121.01241,14.59421],[121.00733,14.5968]]]}},{"type":"Feature","id":"PH1303901631","properties":{"psgc":"PH1303901631","brgy":"Barangay 631","city":"City of Manila","cityPsgc":"PH1303901","cLng":121.00366,"cLat":14.59972},"geometry":{"type":"Polygon","coordinates":[[[121.00289,14.60144],[121.00473,14.59914],[121.00334,14.59858],[121.00289,14.60144]]]}},{"type":"Feature","id":"PH1303901632","properties":{"psgc":"PH1303901632","brgy":"Barangay 632","city":"City of Manila","cityPsgc":"PH1303901","cLng":121.00302,"cLat":14.59939},"geometry":{"type":"Polygon","coordinates":[[[121.00269,14.60142],[121.00339,14.59845],[121.00298,14.59829],[121.00269,14.60142]]]}},{"type":"Feature","id":"PH1303901633","properties":{"psgc":"PH1303901633","brgy":"Barangay 633","city":"City of Manila","cityPsgc":"PH1303901","cLng":121.00256,"cLat":14.59897},"geometry":{"type":"Polygon","coordinates":[[[121.00202,14.60044],[121.00298,14.59829],[121.00267,14.59817],[121.00202,14.60044]]]}},{"type":"Feature","id":"PH1303901634","properties":{"psgc":"PH1303901634","brgy":"Barangay 634","city":"City of Manila","cityPsgc":"PH1303901","cLng":121.00049,"cLat":14.60033},"geometry":{"type":"Polygon","coordinates":[[[121.00025,14.60115],[121.00229,14.59958],[120.99895,14.60026],[121.00025,14.60115]]]}},{"type":"Feature","id":"PH1303901635","properties":{"psgc":"PH1303901635","brgy":"Barangay 635","city":"City of Manila","cityPsgc":"PH1303901","cLng":121.0004,"cLat":14.59818},"geometry":{"type":"Polygon","coordinates":[[[120.99953,14.59937],[121.00258,14.5986],[120.9991,14.59657],[120.99953,14.59937]]]}},{"type":"Feature","id":"PH1303901636","properties":{"psgc":"PH1303901636","brgy":"Barangay 636","city":"City of Manila","cityPsgc":"PH1303901","cLng":121.00115,"cLat":14.59725},"geometry":{"type":"Polygon","coordinates":[[[121.00068,14.59853],[121.00344,14.59668],[120.99934,14.59653],[121.00068,14.59853]]]}},{"type":"Feature","id":"PH1303901637","properties":{"psgc":"PH1303901637","brgy":"Barangay 637","city":"City of Manila","cityPsgc":"PH1303901","cLng":120.99642,"cLat":14.59904},"geometry":{"type":"Polygon","coordinates":[[[120.99583,14.59977],[120.99721,14.59861],[120.99622,14.59874],[120.99583,14.59977]]]}},{"type":"Feature","id":"PH1303901638","properties":{"psgc":"PH1303901638","brgy":"Barangay 638","city":"City of Manila","cityPsgc":"PH1303901","cLng":120.99413,"cLat":14.59858},"geometry":{"type":"Polygon","coordinates":[[[120.99139,14.59991],[120.99623,14.59916],[120.99477,14.59667],[120.99139,14.59991]]]}},{"type":"Feature","id":"PH1303901639","properties":{"psgc":"PH1303901639","brgy":"Barangay 639","city":"City of Manila","cityPsgc":"PH1303901","cLng":120.99623,"cLat":14.59621},"geometry":{"type":"Polygon","coordinates":[[[120.99501,14.59708],[120.99728,14.59613],[120.9964,14.59541],[120.99501,14.59708]]]}},{"type":"Feature","id":"PH1303901640","properties":{"psgc":"PH1303901640","brgy":"Barangay 640","city":"City of Manila","cityPsgc":"PH1303901","cLng":120.99727,"cLat":14.59695},"geometry":{"type":"Polygon","coordinates":[[[120.99544,14.59814],[120.9991,14.59657],[120.99728,14.59613],[120.99544,14.59814]]]}},{"type":"Feature","id":"PH1303901641","properties":{"psgc":"PH1303901641","brgy":"Barangay 641","city":"City of Manila","cityPsgc":"PH1303901","cLng":120.99288,"cLat":14.59715},"geometry":{"type":"Polygon","coordinates":[[[120.99081,14.59649],[120.99307,14.59829],[120.99477,14.59667],[120.99081,14.59649]]]}},{"type":"Feature","id":"PH1303901642","properties":{"psgc":"PH1303901642","brgy":"Barangay 642","city":"City of Manila","cityPsgc":"PH1303901","cLng":120.99219,"cLat":14.59616},"geometry":{"type":"Polygon","coordinates":[[[120.99477,14.59667],[120.991,14.59533],[120.99081,14.59649],[120.99477,14.59667]]]}},{"type":"Feature","id":"PH1303901643","properties":{"psgc":"PH1303901643","brgy":"Barangay 643","city":"City of Manila","cityPsgc":"PH1303901","cLng":120.99372,"cLat":14.5942},"geometry":{"type":"Polygon","coordinates":[[[120.99095,14.59517],[120.9964,14.59541],[120.99382,14.59202],[120.99095,14.59517]]]}},{"type":"Feature","id":"PH1303901644","properties":{"psgc":"PH1303901644","brgy":"Barangay 644","city":"City of Manila","cityPsgc":"PH1303901","cLng":120.99234,"cLat":14.59327},"geometry":{"type":"Polygon","coordinates":[[[120.99285,14.59298],[120.99323,14.59166],[120.99095,14.59517],[120.99285,14.59298]]]}},{"type":"Feature","id":"PH1303901645","properties":{"psgc":"PH1303901645","brgy":"Barangay 645","city":"City of Manila","cityPsgc":"PH1303901","cLng":120.99088,"cLat":14.59208},"geometry":{"type":"Polygon","coordinates":[[[120.98977,14.59328],[120.99323,14.59166],[120.98963,14.59129],[120.98977,14.59328]]]}},{"type":"Feature","id":"PH1303901646","properties":{"psgc":"PH1303901646","brgy":"Barangay 646","city":"City of Manila","cityPsgc":"PH1303901","cLng":120.98814,"cLat":14.59231},"geometry":{"type":"Polygon","coordinates":[[[120.98822,14.59426],[120.98963,14.59129],[120.98658,14.59139],[120.98822,14.59426]]]}},{"type":"Feature","id":"PH1303901647","properties":{"psgc":"PH1303901647","brgy":"Barangay 647","city":"City of Manila","cityPsgc":"PH1303901","cLng":120.98543,"cLat":14.59366},"geometry":{"type":"Polygon","coordinates":[[[120.98291,14.59446],[120.98681,14.59513],[120.98658,14.59139],[120.98291,14.59446]]]}},{"type":"Feature","id":"PH1303901648","properties":{"psgc":"PH1303901648","brgy":"Barangay 648","city":"City of Manila","cityPsgc":"PH1303901","cLng":120.98704,"cLat":14.59334},"geometry":{"type":"Polygon","coordinates":[[[120.98576,14.59332],[120.98822,14.59426],[120.98715,14.59244],[120.98576,14.59332]]]}},{"type":"Feature","id":"PH1303901659","properties":{"psgc":"PH1303901659","brgy":"Barangay 659","city":"City of Manila","cityPsgc":"PH1303901","cLng":120.98303,"cLat":14.58885},"geometry":{"type":"Polygon","coordinates":[[[120.98073,14.59036],[120.98569,14.59016],[120.98268,14.58603],[120.98073,14.59036]]]}},{"type":"Feature","id":"PH1303901959","properties":{"psgc":"PH1303901959","brgy":"Barangay 659-A","city":"City of Manila","cityPsgc":"PH1303901","cLng":120.98248,"cLat":14.59252},"geometry":{"type":"Polygon","coordinates":[[[120.97996,14.59678],[120.98577,14.59156],[120.98569,14.59016],[120.98073,14.59036],[120.97996,14.59678]]]}},{"type":"Feature","id":"PH1303901660","properties":{"psgc":"PH1303901660","brgy":"Barangay 660","city":"City of Manila","cityPsgc":"PH1303901","cLng":120.98452,"cLat":14.5873},"geometry":{"type":"Polygon","coordinates":[[[120.98521,14.58955],[120.98567,14.58631],[120.98268,14.58603],[120.98521,14.58955]]]}},{"type":"Feature","id":"PH1303901960","properties":{"psgc":"PH1303901960","brgy":"Barangay 660-A","city":"City of Manila","cityPsgc":"PH1303901","cLng":120.98435,"cLat":14.58493},"geometry":{"type":"Polygon","coordinates":[[[120.98567,14.58631],[120.98469,14.58245],[120.98268,14.58603],[120.98567,14.58631]]]}},{"type":"Feature","id":"PH1303901661","properties":{"psgc":"PH1303901661","brgy":"Barangay 661","city":"City of Manila","cityPsgc":"PH1303901","cLng":120.98706,"cLat":14.58732},"geometry":{"type":"Polygon","coordinates":[[[120.98491,14.58801],[120.99059,14.58763],[120.98567,14.58631],[120.98491,14.58801]]]}},{"type":"Feature","id":"PH1303901666","properties":{"psgc":"PH1303901666","brgy":"Barangay 666","city":"City of Manila","cityPsgc":"PH1303901","cLng":120.97855,"cLat":14.58253},"geometry":{"type":"Polygon","coordinates":[[[120.98166,14.58769],[120.98469,14.58245],[120.97303,14.5781],[120.9718,14.58023],[120.98166,14.58769]]]}},{"type":"Feature","id":"PH1303901667","properties":{"psgc":"PH1303901667","brgy":"Barangay 667","city":"City of Manila","cityPsgc":"PH1303901","cLng":120.97837,"cLat":14.57798},"geometry":{"type":"Polygon","coordinates":[[[120.98108,14.58052],[120.97809,14.57559],[120.97593,14.57782],[120.98108,14.58052]]]}},{"type":"Feature","id":"PH1303901668","properties":{"psgc":"PH1303901668","brgy":"Barangay 668","city":"City of Manila","cityPsgc":"PH1303901","cLng":120.98026,"cLat":14.57535},"geometry":{"type":"Polygon","coordinates":[[[120.98194,14.57771],[120.98076,14.57276],[120.97809,14.57559],[120.98194,14.57771]]]}},{"type":"Feature","id":"PH1303901669","properties":{"psgc":"PH1303901669","brgy":"Barangay 669","city":"City of Manila","cityPsgc":"PH1303901","cLng":120.98471,"cLat":14.57596},"geometry":{"type":"Polygon","coordinates":[[[120.98194,14.57771],[120.98834,14.57604],[120.98384,14.57412],[120.98194,14.57771]]]}},{"type":"Feature","id":"PH1303901670","properties":{"psgc":"PH1303901670","brgy":"Barangay 670","city":"City of Manila","cityPsgc":"PH1303901","cLng":120.98323,"cLat":14.57948},"geometry":{"type":"Polygon","coordinates":[[[120.98108,14.58052],[120.98614,14.57991],[120.98247,14.57802],[120.98108,14.58052]]]}},{"type":"Feature","id":"PH1303901663","properties":{"psgc":"PH1303901663","brgy":"Barangay 663","city":"City of Manila","cityPsgc":"PH1303901","cLng":120.98636,"cLat":14.58919},"geometry":{"type":"Polygon","coordinates":[[[120.98521,14.58955],[120.98816,14.58974],[120.98571,14.58829],[120.98521,14.58955]]]}},{"type":"Feature","id":"PH1303901963","properties":{"psgc":"PH1303901963","brgy":"Barangay 663-A","city":"City of Manila","cityPsgc":"PH1303901","cLng":120.98989,"cLat":14.59034},"geometry":{"type":"Polygon","coordinates":[[[120.98807,14.58976],[120.99083,14.59119],[120.99077,14.59007],[120.98807,14.58976]]]}},{"type":"Feature","id":"PH1303901664","properties":{"psgc":"PH1303901664","brgy":"Barangay 664","city":"City of Manila","cityPsgc":"PH1303901","cLng":120.98756,"cLat":14.58456},"geometry":{"type":"Polygon","coordinates":[[[120.98567,14.58631],[120.98995,14.58415],[120.98706,14.58322],[120.98567,14.58631]]]}},{"type":"Feature","id":"PH1303901654","properties":{"psgc":"PH1303901654","brgy":"Barangay 654","city":"City of Manila","cityPsgc":"PH1303901","cLng":120.97581,"cLat":14.59282},"geometry":{"type":"Polygon","coordinates":[[[120.9766,14.59377],[120.97664,14.59105],[120.97418,14.59363],[120.9766,14.59377]]]}},{"type":"Feature","id":"PH1303901655","properties":{"psgc":"PH1303901655","brgy":"Barangay 655","city":"City of Manila","cityPsgc":"PH1303901","cLng":120.97349,"cLat":14.58998},"geometry":{"type":"Polygon","coordinates":[[[120.97117,14.591],[120.97664,14.59105],[120.97265,14.58789],[120.97117,14.591]]]}},{"type":"Feature","id":"PH1303901656","properties":{"psgc":"PH1303901656","brgy":"Barangay 656","city":"City of Manila","cityPsgc":"PH1303901","cLng":120.97324,"cLat":14.59384},"geometry":{"type":"Polygon","coordinates":[[[120.96873,14.59591],[120.97732,14.59576],[120.97857,14.59386],[120.97081,14.59043],[120.96873,14.59591]]]}},{"type":"Feature","id":"PH1303901657","properties":{"psgc":"PH1303901657","brgy":"Barangay 657","city":"City of Manila","cityPsgc":"PH1303901","cLng":120.97647,"cLat":14.58499},"geometry":{"type":"Polygon","coordinates":[[[120.97369,14.58622],[120.98021,14.58586],[120.9755,14.58288],[120.97369,14.58622]]]}},{"type":"Feature","id":"PH1303901658","properties":{"psgc":"PH1303901658","brgy":"Barangay 658","city":"City of Manila","cityPsgc":"PH1303901","cLng":120.97569,"cLat":14.58816},"geometry":{"type":"Polygon","coordinates":[[[120.97265,14.58789],[120.98073,14.59036],[120.97369,14.58622],[120.97265,14.58789]]]}},{"type":"Feature","id":"PH1303901689","properties":{"psgc":"PH1303901689","brgy":"Barangay 689","city":"City of Manila","cityPsgc":"PH1303901","cLng":120.99242,"cLat":14.57407},"geometry":{"type":"Polygon","coordinates":[[[120.99237,14.57516],[120.99318,14.57225],[120.9917,14.57479],[120.99237,14.57516]]]}},{"type":"Feature","id":"PH1303901690","properties":{"psgc":"PH1303901690","brgy":"Barangay 690","city":"City of Manila","cityPsgc":"PH1303901","cLng":120.99152,"cLat":14.57414},"geometry":{"type":"Polygon","coordinates":[[[120.9917,14.57479],[120.99179,14.57316],[120.99107,14.57446],[120.9917,14.57479]]]}},{"type":"Feature","id":"PH1303901691","properties":{"psgc":"PH1303901691","brgy":"Barangay 691","city":"City of Manila","cityPsgc":"PH1303901","cLng":120.99229,"cLat":14.57276},"geometry":{"type":"Polygon","coordinates":[[[120.99244,14.57352],[120.99266,14.57161],[120.99179,14.57316],[120.99244,14.57352]]]}},{"type":"Feature","id":"PH1303901692","properties":{"psgc":"PH1303901692","brgy":"Barangay 692","city":"City of Manila","cityPsgc":"PH1303901","cLng":120.99126,"cLat":14.57195},"geometry":{"type":"Polygon","coordinates":[[[120.99179,14.57316],[120.9916,14.57028],[120.9904,14.57241],[120.99179,14.57316]]]}},{"type":"Feature","id":"PH1303901693","properties":{"psgc":"PH1303901693","brgy":"Barangay 693","city":"City of Manila","cityPsgc":"PH1303901","cLng":120.99038,"cLat":14.57353},"geometry":{"type":"Polygon","coordinates":[[[120.99107,14.57446],[120.9904,14.57241],[120.98967,14.57371],[120.99107,14.57446]]]}},{"type":"Feature","id":"PH1303901694","properties":{"psgc":"PH1303901694","brgy":"Barangay 694","city":"City of Manila","cityPsgc":"PH1303901","cLng":120.9895,"cLat":14.57557},"geometry":{"type":"Polygon","coordinates":[[[120.99048,14.57697],[120.98967,14.57371],[120.98834,14.57604],[120.99048,14.57697]]]}},{"type":"Feature","id":"PH1303901695","properties":{"psgc":"PH1303901695","brgy":"Barangay 695","city":"City of Manila","cityPsgc":"PH1303901","cLng":120.99143,"cLat":14.57648},"geometry":{"type":"Polygon","coordinates":[[[120.99212,14.57767],[120.9917,14.57479],[120.99048,14.57697],[120.99212,14.57767]]]}},{"type":"Feature","id":"PH1303901696","properties":{"psgc":"PH1303901696","brgy":"Barangay 696","city":"City of Manila","cityPsgc":"PH1303901","cLng":120.98872,"cLat":14.57315},"geometry":{"type":"Polygon","coordinates":[[[120.98683,14.5754],[120.9904,14.57241],[120.98894,14.57164],[120.98683,14.5754]]]}},{"type":"Feature","id":"PH1303901697","properties":{"psgc":"PH1303901697","brgy":"Barangay 697","city":"City of Manila","cityPsgc":"PH1303901","cLng":120.98725,"cLat":14.57242},"geometry":{"type":"Polygon","coordinates":[[[120.98533,14.57475],[120.98894,14.57164],[120.98748,14.57086],[120.98533,14.57475]]]}},{"type":"Feature","id":"PH1303901698","properties":{"psgc":"PH1303901698","brgy":"Barangay 698","city":"City of Manila","cityPsgc":"PH1303901","cLng":120.98582,"cLat":14.57169},"geometry":{"type":"Polygon","coordinates":[[[120.98384,14.57412],[120.98748,14.57086],[120.98614,14.5701],[120.98384,14.57412]]]}},{"type":"Feature","id":"PH1303901699","properties":{"psgc":"PH1303901699","brgy":"Barangay 699","city":"City of Manila","cityPsgc":"PH1303901","cLng":120.98318,"cLat":14.57056},"geometry":{"type":"Polygon","coordinates":[[[120.98068,14.57292],[120.98614,14.5701],[120.98271,14.56866],[120.98068,14.57292]]]}},{"type":"Feature","id":"PH1303901700","properties":{"psgc":"PH1303901700","brgy":"Barangay 700","city":"City of Manila","cityPsgc":"PH1303901","cLng":120.98392,"cLat":14.56897},"geometry":{"type":"Polygon","coordinates":[[[120.98614,14.5701],[120.98296,14.56809],[120.98267,14.56872],[120.98614,14.5701]]]}},{"type":"Feature","id":"PH1303901701","properties":{"psgc":"PH1303901701","brgy":"Barangay 701","city":"City of Manila","cityPsgc":"PH1303901","cLng":120.9853,"cLat":14.56616},"geometry":{"type":"Polygon","coordinates":[[[120.98291,14.56819],[120.98832,14.56622],[120.98466,14.56406],[120.98291,14.56819]]]}},{"type":"Feature","id":"PH1303901702","properties":{"psgc":"PH1303901702","brgy":"Barangay 702","city":"City of Manila","cityPsgc":"PH1303901","cLng":120.98706,"cLat":14.57007},"geometry":{"type":"Polygon","coordinates":[[[120.98823,14.57127],[120.98682,14.56885],[120.98614,14.5701],[120.98823,14.57127]]]}},{"type":"Feature","id":"PH1303901703","properties":{"psgc":"PH1303901703","brgy":"Barangay 703","city":"City of Manila","cityPsgc":"PH1303901","cLng":120.98921,"cLat":14.57119},"geometry":{"type":"Polygon","coordinates":[[[120.9904,14.57241],[120.98901,14.56988],[120.98823,14.57127],[120.9904,14.57241]]]}},{"type":"Feature","id":"PH1303901704","properties":{"psgc":"PH1303901704","brgy":"Barangay 704","city":"City of Manila","cityPsgc":"PH1303901","cLng":120.98808,"cLat":14.56742},"geometry":{"type":"Polygon","coordinates":[[[120.98682,14.56885],[120.9891,14.5672],[120.98832,14.56622],[120.98682,14.56885]]]}},{"type":"Feature","id":"PH1303901705","properties":{"psgc":"PH1303901705","brgy":"Barangay 705","city":"City of Manila","cityPsgc":"PH1303901","cLng":120.98886,"cLat":14.56808},"geometry":{"type":"Polygon","coordinates":[[[120.98792,14.56929],[120.98955,14.56774],[120.9891,14.5672],[120.98792,14.56929]]]}},{"type":"Feature","id":"PH1303901706","properties":{"psgc":"PH1303901706","brgy":"Barangay 706","city":"City of Manila","cityPsgc":"PH1303901","cLng":120.98934,"cLat":14.5685},"geometry":{"type":"Polygon","coordinates":[[[120.98864,14.5697],[120.98984,14.56807],[120.98955,14.56774],[120.98864,14.5697]]]}},{"type":"Feature","id":"PH1303901707","properties":{"psgc":"PH1303901707","brgy":"Barangay 707","city":"City of Manila","cityPsgc":"PH1303901","cLng":120.99064,"cLat":14.56798},"geometry":{"type":"Polygon","coordinates":[[[120.98991,14.56816],[120.99081,14.56791],[120.99086,14.56783],[120.98991,14.56816]]]}},{"type":"Feature","id":"PH1303901708","properties":{"psgc":"PH1303901708","brgy":"Barangay 708","city":"City of Manila","cityPsgc":"PH1303901","cLng":120.99211,"cLat":14.56591},"geometry":{"type":"Polygon","coordinates":[[[120.99101,14.56684],[120.99294,14.5656],[120.99238,14.56529],[120.99101,14.56684]]]}},{"type":"Feature","id":"PH1303901709","properties":{"psgc":"PH1303901709","brgy":"Barangay 709","city":"City of Manila","cityPsgc":"PH1303901","cLng":120.99261,"cLat":14.56752},"geometry":{"type":"Polygon","coordinates":[[[120.99328,14.56668],[120.99294,14.5656],[120.9916,14.57028],[120.99328,14.56668]]]}},{"type":"Feature","id":"PH1303901710","properties":{"psgc":"PH1303901710","brgy":"Barangay 710","city":"City of Manila","cityPsgc":"PH1303901","cLng":120.99009,"cLat":14.5672},"geometry":{"type":"Polygon","coordinates":[[[120.98955,14.56774],[120.9907,14.56708],[120.98999,14.56679],[120.98955,14.56774]]]}},{"type":"Feature","id":"PH1303901711","properties":{"psgc":"PH1303901711","brgy":"Barangay 711","city":"City of Manila","cityPsgc":"PH1303901","cLng":120.99048,"cLat":14.56648},"geometry":{"type":"Polygon","coordinates":[[[120.98999,14.56679],[120.99123,14.56639],[120.99022,14.56627],[120.98999,14.56679]]]}},{"type":"Feature","id":"PH1303901712","properties":{"psgc":"PH1303901712","brgy":"Barangay 712","city":"City of Manila","cityPsgc":"PH1303901","cLng":120.99104,"cLat":14.56741},"geometry":{"type":"Polygon","coordinates":[[[120.99042,14.5677],[120.992,14.56746],[120.9907,14.56708],[120.99042,14.5677]]]}},{"type":"Feature","id":"PH1303901713","properties":{"psgc":"PH1303901713","brgy":"Barangay 713","city":"City of Manila","cityPsgc":"PH1303901","cLng":120.99138,"cLat":14.56622},"geometry":{"type":"Polygon","coordinates":[[[120.99169,14.56659],[120.99161,14.56584],[120.99083,14.56623],[120.99169,14.56659]]]}},{"type":"Feature","id":"PH1303901714","properties":{"psgc":"PH1303901714","brgy":"Barangay 714","city":"City of Manila","cityPsgc":"PH1303901","cLng":120.99072,"cLat":14.56871},"geometry":{"type":"Polygon","coordinates":[[[120.99111,14.56967],[120.99081,14.56791],[120.99022,14.56855],[120.99111,14.56967]]]}},{"type":"Feature","id":"PH1303901715","properties":{"psgc":"PH1303901715","brgy":"Barangay 715","city":"City of Manila","cityPsgc":"PH1303901","cLng":120.99058,"cLat":14.56579},"geometry":{"type":"Polygon","coordinates":[[[120.99022,14.56627],[120.99102,14.56568],[120.99053,14.56543],[120.99022,14.56627]]]}},{"type":"Feature","id":"PH1303901716","properties":{"psgc":"PH1303901716","brgy":"Barangay 716","city":"City of Manila","cityPsgc":"PH1303901","cLng":120.9912,"cLat":14.56565},"geometry":{"type":"Polygon","coordinates":[[[120.99091,14.56603],[120.99169,14.56556],[120.99094,14.56534],[120.99091,14.56603]]]}},{"type":"Feature","id":"PH1303901717","properties":{"psgc":"PH1303901717","brgy":"Barangay 717","city":"City of Manila","cityPsgc":"PH1303901","cLng":120.99163,"cLat":14.56557},"geometry":{"type":"Polygon","coordinates":[[[120.99192,14.56595],[120.99155,14.56537],[120.99147,14.56539],[120.99192,14.56595]]]}},{"type":"Feature","id":"PH1303901718","properties":{"psgc":"PH1303901718","brgy":"Barangay 718","city":"City of Manila","cityPsgc":"PH1303901","cLng":120.99139,"cLat":14.56526},"geometry":{"type":"Polygon","coordinates":[[[120.9922,14.56563],[120.99103,14.5648],[120.99094,14.56534],[120.9922,14.56563]]]}},{"type":"Feature","id":"PH1303901719","properties":{"psgc":"PH1303901719","brgy":"Barangay 719","city":"City of Manila","cityPsgc":"PH1303901","cLng":120.98862,"cLat":14.56039},"geometry":{"type":"Polygon","coordinates":[[[120.98272,14.56176],[120.99564,14.5608],[120.98751,14.55861],[120.98272,14.56176]]]}},{"type":"Feature","id":"PH1303901720","properties":{"psgc":"PH1303901720","brgy":"Barangay 720","city":"City of Manila","cityPsgc":"PH1303901","cLng":120.98895,"cLat":14.56336},"geometry":{"type":"Polygon","coordinates":[[[120.98761,14.56356],[120.9911,14.56398],[120.98815,14.56255],[120.98761,14.56356]]]}},{"type":"Feature","id":"PH1303901721","properties":{"psgc":"PH1303901721","brgy":"Barangay 721","city":"City of Manila","cityPsgc":"PH1303901","cLng":120.98676,"cLat":14.56382},"geometry":{"type":"Polygon","coordinates":[[[120.98467,14.56405],[120.99028,14.56479],[120.98532,14.56261],[120.98467,14.56405]]]}},{"type":"Feature","id":"PH1303901722","properties":{"psgc":"PH1303901722","brgy":"Barangay 722","city":"City of Manila","cityPsgc":"PH1303901","cLng":120.99372,"cLat":14.57219},"geometry":{"type":"Polygon","coordinates":[[[120.99406,14.57335],[120.99393,14.57097],[120.99318,14.57225],[120.99406,14.57335]]]}},{"type":"Feature","id":"PH1303901723","properties":{"psgc":"PH1303901723","brgy":"Barangay 723","city":"City of Manila","cityPsgc":"PH1303901","cLng":120.99242,"cLat":14.57099},"geometry":{"type":"Polygon","coordinates":[[[120.99318,14.57225],[120.9925,14.57045],[120.9916,14.57028],[120.99318,14.57225]]]}},{"type":"Feature","id":"PH1303901724","properties":{"psgc":"PH1303901724","brgy":"Barangay 724","city":"City of Manila","cityPsgc":"PH1303901","cLng":120.99408,"cLat":14.56893},"geometry":{"type":"Polygon","coordinates":[[[120.9925,14.57045],[120.99595,14.56863],[120.99379,14.56772],[120.9925,14.57045]]]}},{"type":"Feature","id":"PH1303901725","properties":{"psgc":"PH1303901725","brgy":"Barangay 725","city":"City of Manila","cityPsgc":"PH1303901","cLng":120.9933,"cLat":14.56735},"geometry":{"type":"Polygon","coordinates":[[[120.9916,14.57028],[120.99456,14.56606],[120.99373,14.56571],[120.9916,14.57028]]]}},{"type":"Feature","id":"PH1303901726","properties":{"psgc":"PH1303901726","brgy":"Barangay 726","city":"City of Manila","cityPsgc":"PH1303901","cLng":120.9949,"cLat":14.56705},"geometry":{"type":"Polygon","coordinates":[[[120.99379,14.56772],[120.99643,14.56715],[120.99448,14.56627],[120.99379,14.56772]]]}},{"type":"Feature","id":"PH1303901727","properties":{"psgc":"PH1303901727","brgy":"Barangay 727","city":"City of Manila","cityPsgc":"PH1303901","cLng":120.99502,"cLat":14.56518},"geometry":{"type":"Polygon","coordinates":[[[120.99373,14.56571],[120.99694,14.56549],[120.99437,14.56434],[120.99373,14.56571]]]}},{"type":"Feature","id":"PH1303901728","properties":{"psgc":"PH1303901728","brgy":"Barangay 728","city":"City of Manila","cityPsgc":"PH1303901","cLng":120.99585,"cLat":14.5636},"geometry":{"type":"Polygon","coordinates":[[[120.99437,14.56434],[120.99798,14.56387],[120.9952,14.56259],[120.99437,14.56434]]]}},{"type":"Feature","id":"PH1303901729","properties":{"psgc":"PH1303901729","brgy":"Barangay 729","city":"City of Manila","cityPsgc":"PH1303901","cLng":120.99597,"cLat":14.56149},"geometry":{"type":"Polygon","coordinates":[[[120.9952,14.56259],[120.99707,14.56109],[120.99564,14.5608],[120.9952,14.56259]]]}},{"type":"Feature","id":"PH1303901730","properties":{"psgc":"PH1303901730","brgy":"Barangay 730","city":"City of Manila","cityPsgc":"PH1303901","cLng":120.99737,"cLat":14.56205},"geometry":{"type":"Polygon","coordinates":[[[120.9963,14.56309],[120.99882,14.56172],[120.99698,14.56135],[120.9963,14.56309]]]}},{"type":"Feature","id":"PH1303901731","properties":{"psgc":"PH1303901731","brgy":"Barangay 731","city":"City of Manila","cityPsgc":"PH1303901","cLng":120.99641,"cLat":14.56976},"geometry":{"type":"Polygon","coordinates":[[[120.99578,14.57185],[120.99696,14.56881],[120.99653,14.56862],[120.99578,14.57185]]]}},{"type":"Feature","id":"PH1303901732","properties":{"psgc":"PH1303901732","brgy":"Barangay 732","city":"City of Manila","cityPsgc":"PH1303901","cLng":120.99712,"cLat":14.56952},"geometry":{"type":"Polygon","coordinates":[[[120.9971,14.57092],[120.99735,14.56883],[120.99696,14.56881],[120.9971,14.57092]]]}},{"type":"Feature","id":"PH1303901733","properties":{"psgc":"PH1303901733","brgy":"Barangay 733","city":"City of Manila","cityPsgc":"PH1303901","cLng":120.99685,"cLat":14.56659},"geometry":{"type":"Polygon","coordinates":[[[120.9961,14.56831],[120.99753,14.56597],[120.99694,14.56549],[120.9961,14.56831]]]}},{"type":"Feature","id":"PH1303901738","properties":{"psgc":"PH1303901738","brgy":"Barangay 738","city":"City of Manila","cityPsgc":"PH1303901","cLng":120.99797,"cLat":14.57294},"geometry":{"type":"Polygon","coordinates":[[[120.99725,14.57395],[120.99949,14.57263],[120.99718,14.57223],[120.99725,14.57395]]]}},{"type":"Feature","id":"PH1303901739","properties":{"psgc":"PH1303901739","brgy":"Barangay 739","city":"City of Manila","cityPsgc":"PH1303901","cLng":120.99761,"cLat":14.57135},"geometry":{"type":"Polygon","coordinates":[[[120.99712,14.57222],[120.9986,14.57091],[120.9971,14.57092],[120.99712,14.57222]]]}},{"type":"Feature","id":"PH1303901740","properties":{"psgc":"PH1303901740","brgy":"Barangay 740","city":"City of Manila","cityPsgc":"PH1303901","cLng":120.99625,"cLat":14.57255},"geometry":{"type":"Polygon","coordinates":[[[120.99542,14.57342],[120.99718,14.57223],[120.99615,14.572],[120.99542,14.57342]]]}},{"type":"Feature","id":"PH1303901741","properties":{"psgc":"PH1303901741","brgy":"Barangay 741","city":"City of Manila","cityPsgc":"PH1303901","cLng":120.99681,"cLat":14.57388},"geometry":{"type":"Polygon","coordinates":[[[120.99587,14.57363],[120.99727,14.57424],[120.99724,14.57376],[120.99587,14.57363]]]}},{"type":"Feature","id":"PH1303901742","properties":{"psgc":"PH1303901742","brgy":"Barangay 742","city":"City of Manila","cityPsgc":"PH1303901","cLng":120.99553,"cLat":14.57399},"geometry":{"type":"Polygon","coordinates":[[[120.99533,14.57492],[120.99587,14.57363],[120.99542,14.57342],[120.99533,14.57492]]]}},{"type":"Feature","id":"PH1303901743","properties":{"psgc":"PH1303901743","brgy":"Barangay 743","city":"City of Manila","cityPsgc":"PH1303901","cLng":120.99505,"cLat":14.57223},"geometry":{"type":"Polygon","coordinates":[[[120.99406,14.57335],[120.99615,14.572],[120.99493,14.57135],[120.99406,14.57335]]]}},{"type":"Feature","id":"PH1303901744","properties":{"psgc":"PH1303901744","brgy":"Barangay 744","city":"City of Manila","cityPsgc":"PH1303901","cLng":120.99586,"cLat":14.56943},"geometry":{"type":"Polygon","coordinates":[[[120.99493,14.57135],[120.99653,14.56862],[120.9961,14.56831],[120.99493,14.57135]]]}},{"type":"Feature","id":"PH1303901688","properties":{"psgc":"PH1303901688","brgy":"Barangay 688","city":"City of Manila","cityPsgc":"PH1303901","cLng":120.99339,"cLat":14.5746},"geometry":{"type":"Polygon","coordinates":[[[120.99416,14.57578],[120.99366,14.57286],[120.99237,14.57516],[120.99416,14.57578]]]}},{"type":"Feature","id":"PH1303901735","properties":{"psgc":"PH1303901735","brgy":"Barangay 735","city":"City of Manila","cityPsgc":"PH1303901","cLng":120.99771,"cLat":14.57497},"geometry":{"type":"Polygon","coordinates":[[[120.99669,14.57493],[120.99777,14.57585],[120.99868,14.57412],[120.99669,14.57493]]]}},{"type":"Feature","id":"PH1303901736","properties":{"psgc":"PH1303901736","brgy":"Barangay 736","city":"City of Manila","cityPsgc":"PH1303901","cLng":120.99644,"cLat":14.57493},"geometry":{"type":"Polygon","coordinates":[[[120.99533,14.57492],[120.99684,14.57559],[120.99713,14.57429],[120.99533,14.57492]]]}},{"type":"Feature","id":"PH1303901737","properties":{"psgc":"PH1303901737","brgy":"Barangay 737","city":"City of Manila","cityPsgc":"PH1303901","cLng":120.99832,"cLat":14.57387},"geometry":{"type":"Polygon","coordinates":[[[120.99725,14.57395],[120.99868,14.57412],[120.999,14.57353],[120.99725,14.57395]]]}},{"type":"Feature","id":"PH1303901734","properties":{"psgc":"PH1303901734","brgy":"Barangay 734","city":"City of Manila","cityPsgc":"PH1303901","cLng":120.99696,"cLat":14.57622},"geometry":{"type":"Polygon","coordinates":[[[120.99709,14.57708],[120.99777,14.57585],[120.99601,14.57574],[120.99709,14.57708]]]}},{"type":"Feature","id":"PH1303901662","properties":{"psgc":"PH1303901662","brgy":"Barangay 662","city":"City of Manila","cityPsgc":"PH1303901","cLng":120.99277,"cLat":14.58765},"geometry":{"type":"Polygon","coordinates":[[[120.99083,14.59119],[120.99498,14.58677],[120.99249,14.585],[120.99083,14.59119]]]}},{"type":"Feature","id":"PH1303901964","properties":{"psgc":"PH1303901964","brgy":"Barangay 664-A","city":"City of Manila","cityPsgc":"PH1303901","cLng":120.9906,"cLat":14.58622},"geometry":{"type":"Polygon","coordinates":[[[120.98873,14.58744],[120.99313,14.58707],[120.98995,14.58415],[120.98873,14.58744]]]}},{"type":"Feature","id":"PH1303901671","properties":{"psgc":"PH1303901671","brgy":"Barangay 671","city":"City of Manila","cityPsgc":"PH1303901","cLng":120.99261,"cLat":14.5812},"geometry":{"type":"Polygon","coordinates":[[[120.99168,14.58156],[120.99414,14.58119],[120.99201,14.58084],[120.99168,14.58156]]]}},{"type":"Feature","id":"PH1303901672","properties":{"psgc":"PH1303901672","brgy":"Barangay 672","city":"City of Manila","cityPsgc":"PH1303901","cLng":120.99179,"cLat":14.58279},"geometry":{"type":"Polygon","coordinates":[[[120.98995,14.58415],[120.99373,14.58266],[120.99168,14.58156],[120.98995,14.58415]]]}},{"type":"Feature","id":"PH1303901673","properties":{"psgc":"PH1303901673","brgy":"Barangay 673","city":"City of Manila","cityPsgc":"PH1303901","cLng":120.99167,"cLat":14.57966},"geometry":{"type":"Polygon","coordinates":[[[120.99222,14.58091],[120.99314,14.5781],[120.98964,14.57998],[120.99222,14.58091]]]}},{"type":"Feature","id":"PH1303901674","properties":{"psgc":"PH1303901674","brgy":"Barangay 674","city":"City of Manila","cityPsgc":"PH1303901","cLng":120.98809,"cLat":14.58219},"geometry":{"type":"Polygon","coordinates":[[[120.98995,14.58415],[120.98964,14.57998],[120.98469,14.58245],[120.98995,14.58415]]]}},{"type":"Feature","id":"PH1303901675","properties":{"psgc":"PH1303901675","brgy":"Barangay 675","city":"City of Manila","cityPsgc":"PH1303901","cLng":120.98906,"cLat":14.57747},"geometry":{"type":"Polygon","coordinates":[[[120.99118,14.57912],[120.98834,14.57604],[120.98765,14.57724],[120.99118,14.57912]]]}},{"type":"Feature","id":"PH1303901676","properties":{"psgc":"PH1303901676","brgy":"Barangay 676","city":"City of Manila","cityPsgc":"PH1303901","cLng":120.98793,"cLat":14.5796},"geometry":{"type":"Polygon","coordinates":[[[120.98492,14.58242],[120.98964,14.57998],[120.99118,14.57912],[120.98765,14.57724],[120.98492,14.58242]]]}},{"type":"Feature","id":"PH1303901677","properties":{"psgc":"PH1303901677","brgy":"Barangay 677","city":"City of Manila","cityPsgc":"PH1303901","cLng":120.99388,"cLat":14.5825},"geometry":{"type":"Polygon","coordinates":[[[120.99249,14.585],[120.99502,14.5813],[120.99414,14.58119],[120.99249,14.585]]]}},{"type":"Feature","id":"PH1303901678","properties":{"psgc":"PH1303901678","brgy":"Barangay 678","city":"City of Manila","cityPsgc":"PH1303901","cLng":120.99565,"cLat":14.58257},"geometry":{"type":"Polygon","coordinates":[[[120.99466,14.58473],[120.99726,14.58168],[120.99502,14.5813],[120.99466,14.58473]]]}},{"type":"Feature","id":"PH1303901679","properties":{"psgc":"PH1303901679","brgy":"Barangay 679","city":"City of Manila","cityPsgc":"PH1303901","cLng":120.99439,"cLat":14.57938},"geometry":{"type":"Polygon","coordinates":[[[120.99408,14.58107],[120.99524,14.57872],[120.99384,14.57834],[120.99408,14.58107]]]}},{"type":"Feature","id":"PH1303901680","properties":{"psgc":"PH1303901680","brgy":"Barangay 680","city":"City of Manila","cityPsgc":"PH1303901","cLng":120.99583,"cLat":14.58047},"geometry":{"type":"Polygon","coordinates":[[[120.99502,14.5813],[120.99737,14.58012],[120.9951,14.58],[120.99502,14.5813]]]}},{"type":"Feature","id":"PH1303901681","properties":{"psgc":"PH1303901681","brgy":"Barangay 681","city":"City of Manila","cityPsgc":"PH1303901","cLng":120.9959,"cLat":14.57961},"geometry":{"type":"Polygon","coordinates":[[[120.99737,14.58012],[120.99524,14.57872],[120.9951,14.58],[120.99737,14.58012]]]}},{"type":"Feature","id":"PH1303901682","properties":{"psgc":"PH1303901682","brgy":"Barangay 682","city":"City of Manila","cityPsgc":"PH1303901","cLng":120.99853,"cLat":14.57932},"geometry":{"type":"Polygon","coordinates":[[[120.99744,14.57876],[120.99978,14.58053],[120.99835,14.57868],[120.99744,14.57876]]]}},{"type":"Feature","id":"PH1303901683","properties":{"psgc":"PH1303901683","brgy":"Barangay 683","city":"City of Manila","cityPsgc":"PH1303901","cLng":120.99581,"cLat":14.57682},"geometry":{"type":"Polygon","coordinates":[[[120.99524,14.57872],[120.99622,14.576],[120.99601,14.57574],[120.99524,14.57872]]]}},{"type":"Feature","id":"PH1303901684","properties":{"psgc":"PH1303901684","brgy":"Barangay 684","city":"City of Manila","cityPsgc":"PH1303901","cLng":120.9949,"cLat":14.57726},"geometry":{"type":"Polygon","coordinates":[[[120.99384,14.57834],[120.9954,14.57723],[120.99546,14.57621],[120.99384,14.57834]]]}},{"type":"Feature","id":"PH1303901685","properties":{"psgc":"PH1303901685","brgy":"Barangay 685","city":"City of Manila","cityPsgc":"PH1303901","cLng":120.99684,"cLat":14.57782},"geometry":{"type":"Polygon","coordinates":[[[120.99594,14.57877],[120.99835,14.57868],[120.99622,14.576],[120.99594,14.57877]]]}},{"type":"Feature","id":"PH1303901809","properties":{"psgc":"PH1303901809","brgy":"Barangay 809","city":"City of Manila","cityPsgc":"PH1303901","cLng":120.99974,"cLat":14.57669},"geometry":{"type":"Polygon","coordinates":[[[120.99904,14.57722],[121.00088,14.57672],[120.99928,14.57613],[120.99904,14.57722]]]}},{"type":"Feature","id":"PH1303901810","properties":{"psgc":"PH1303901810","brgy":"Barangay 810","city":"City of Manila","cityPsgc":"PH1303901","cLng":120.99962,"cLat":14.57593},"geometry":{"type":"Polygon","coordinates":[[[121.00088,14.57672],[120.99979,14.57508],[120.99821,14.576],[121.00088,14.57672]]]}},{"type":"Feature","id":"PH1303901811","properties":{"psgc":"PH1303901811","brgy":"Barangay 811","city":"City of Manila","cityPsgc":"PH1303901","cLng":120.99835,"cLat":14.57708},"geometry":{"type":"Polygon","coordinates":[[[120.99709,14.57708],[121.00019,14.57832],[120.99777,14.57585],[120.99709,14.57708]]]}},{"type":"Feature","id":"PH1303901812","properties":{"psgc":"PH1303901812","brgy":"Barangay 812","city":"City of Manila","cityPsgc":"PH1303901","cLng":121.00184,"cLat":14.57783},"geometry":{"type":"Polygon","coordinates":[[[121.0012,14.5787],[121.00299,14.5785],[121.00132,14.57628],[121.0012,14.5787]]]}},{"type":"Feature","id":"PH1303901813","properties":{"psgc":"PH1303901813","brgy":"Barangay 813","city":"City of Manila","cityPsgc":"PH1303901","cLng":121.00081,"cLat":14.57704},"geometry":{"type":"Polygon","coordinates":[[[121.00017,14.57867],[121.00132,14.57628],[121.00094,14.57616],[121.00017,14.57867]]]}},{"type":"Feature","id":"PH1303901814","properties":{"psgc":"PH1303901814","brgy":"Barangay 814","city":"City of Manila","cityPsgc":"PH1303901","cLng":121.0014,"cLat":14.57977},"geometry":{"type":"Polygon","coordinates":[[[121.00185,14.58076],[121.00216,14.57987],[121.00017,14.57867],[121.00185,14.58076]]]}},{"type":"Feature","id":"PH1303901815","properties":{"psgc":"PH1303901815","brgy":"Barangay 815","city":"City of Manila","cityPsgc":"PH1303901","cLng":121.0003,"cLat":14.57963},"geometry":{"type":"Polygon","coordinates":[[[121.00161,14.58159],[121.00017,14.57867],[120.99911,14.57863],[121.00161,14.58159]]]}},{"type":"Feature","id":"PH1303901816","properties":{"psgc":"PH1303901816","brgy":"Barangay 816","city":"City of Manila","cityPsgc":"PH1303901","cLng":121.00246,"cLat":14.57924},"geometry":{"type":"Polygon","coordinates":[[[121.00194,14.57975],[121.00325,14.57911],[121.0022,14.57887],[121.00194,14.57975]]]}},{"type":"Feature","id":"PH1303901817","properties":{"psgc":"PH1303901817","brgy":"Barangay 817","city":"City of Manila","cityPsgc":"PH1303901","cLng":121.00168,"cLat":14.5791},"geometry":{"type":"Polygon","coordinates":[[[121.00194,14.57975],[121.0022,14.57887],[121.00088,14.57869],[121.00194,14.57975]]]}},{"type":"Feature","id":"PH1303901818","properties":{"psgc":"PH1303901818","brgy":"Barangay 818","city":"City of Manila","cityPsgc":"PH1303901","cLng":121.0039,"cLat":14.58137},"geometry":{"type":"Polygon","coordinates":[[[121.0032,14.58095],[121.00394,14.58205],[121.00456,14.5811],[121.0032,14.58095]]]}},{"type":"Feature","id":"PH1303901819","properties":{"psgc":"PH1303901819","brgy":"Barangay 819","city":"City of Manila","cityPsgc":"PH1303901","cLng":121.00394,"cLat":14.57989},"geometry":{"type":"Polygon","coordinates":[[[121.0036,14.58104],[121.00435,14.57936],[121.00389,14.57926],[121.0036,14.58104]]]}},{"type":"Feature","id":"PH1303901820","properties":{"psgc":"PH1303901820","brgy":"Barangay 820","city":"City of Manila","cityPsgc":"PH1303901","cLng":121.00292,"cLat":14.57999},"geometry":{"type":"Polygon","coordinates":[[[121.00161,14.58159],[121.00389,14.57926],[121.00325,14.57911],[121.00161,14.58159]]]}},{"type":"Feature","id":"PH1303901821","properties":{"psgc":"PH1303901821","brgy":"Barangay 821","city":"City of Manila","cityPsgc":"PH1303901","cLng":120.99768,"cLat":14.5828},"geometry":{"type":"Polygon","coordinates":[[[120.99824,14.58339],[120.99767,14.58227],[120.99715,14.58275],[120.99824,14.58339]]]}},{"type":"Feature","id":"PH1303901822","properties":{"psgc":"PH1303901822","brgy":"Barangay 822","city":"City of Manila","cityPsgc":"PH1303901","cLng":120.99892,"cLat":14.5835},"geometry":{"type":"Polygon","coordinates":[[[120.99824,14.58339],[120.99997,14.58409],[120.99855,14.58302],[120.99824,14.58339]]]}},{"type":"Feature","id":"PH1303901823","properties":{"psgc":"PH1303901823","brgy":"Barangay 823","city":"City of Manila","cityPsgc":"PH1303901","cLng":121.00029,"cLat":14.58281},"geometry":{"type":"Polygon","coordinates":[[[120.99925,14.58347],[121.00102,14.58271],[121.0006,14.58226],[120.99925,14.58347]]]}},{"type":"Feature","id":"PH1303901824","properties":{"psgc":"PH1303901824","brgy":"Barangay 824","city":"City of Manila","cityPsgc":"PH1303901","cLng":120.99882,"cLat":14.58214},"geometry":{"type":"Polygon","coordinates":[[[120.99951,14.58322],[120.9993,14.58094],[120.99767,14.58227],[120.99951,14.58322]]]}},{"type":"Feature","id":"PH1303901825","properties":{"psgc":"PH1303901825","brgy":"Barangay 825","city":"City of Manila","cityPsgc":"PH1303901","cLng":121.00021,"cLat":14.58056},"geometry":{"type":"Polygon","coordinates":[[[120.9993,14.58094],[121.00298,14.58205],[120.99835,14.57868],[120.9993,14.58094]]]}},{"type":"Feature","id":"PH1303901826","properties":{"psgc":"PH1303901826","brgy":"Barangay 826","city":"City of Manila","cityPsgc":"PH1303901","cLng":120.99879,"cLat":14.58462},"geometry":{"type":"Polygon","coordinates":[[[120.99792,14.58517],[120.99963,14.58464],[120.99884,14.58404],[120.99792,14.58517]]]}},{"type":"Feature","id":"PH1303901827","properties":{"psgc":"PH1303901827","brgy":"Barangay 827","city":"City of Manila","cityPsgc":"PH1303901","cLng":120.9958,"cLat":14.58437},"geometry":{"type":"Polygon","coordinates":[[[120.99622,14.58492],[120.99736,14.58275],[120.99381,14.58544],[120.99622,14.58492]]]}},{"type":"Feature","id":"PH1303901828","properties":{"psgc":"PH1303901828","brgy":"Barangay 828","city":"City of Manila","cityPsgc":"PH1303901","cLng":120.99822,"cLat":14.58629},"geometry":{"type":"Polygon","coordinates":[[[120.99782,14.58704],[120.99883,14.58601],[120.998,14.58582],[120.99782,14.58704]]]}},{"type":"Feature","id":"PH1303901829","properties":{"psgc":"PH1303901829","brgy":"Barangay 829","city":"City of Manila","cityPsgc":"PH1303901","cLng":120.99436,"cLat":14.58815},"geometry":{"type":"Polygon","coordinates":[[[120.99447,14.59029],[120.99498,14.58677],[120.99364,14.58739],[120.99447,14.59029]]]}},{"type":"Feature","id":"PH1303901830","properties":{"psgc":"PH1303901830","brgy":"Barangay 830","city":"City of Manila","cityPsgc":"PH1303901","cLng":120.99762,"cLat":14.59351},"geometry":{"type":"Polygon","coordinates":[[[120.99751,14.59631],[121.00324,14.59293],[120.99211,14.5913],[120.99751,14.59631]]]}},{"type":"Feature","id":"PH1303901831","properties":{"psgc":"PH1303901831","brgy":"Barangay 831","city":"City of Manila","cityPsgc":"PH1303901","cLng":120.99796,"cLat":14.58843},"geometry":{"type":"Polygon","coordinates":[[[120.99932,14.59177],[120.99862,14.5884],[120.99593,14.58511],[120.99932,14.59177]]]}},{"type":"Feature","id":"PH1303901832","properties":{"psgc":"PH1303901832","brgy":"Barangay 832","city":"City of Manila","cityPsgc":"PH1303901","cLng":121.00031,"cLat":14.59136},"geometry":{"type":"Polygon","coordinates":[[[121.00035,14.59262],[121.00126,14.58969],[120.99932,14.59177],[121.00035,14.59262]]]}},{"type":"Feature","id":"PH1303901686","properties":{"psgc":"PH1303901686","brgy":"Barangay 686","city":"City of Manila","cityPsgc":"PH1303901","cLng":120.99472,"cLat":14.57607},"geometry":{"type":"Polygon","coordinates":[[[120.99331,14.57818],[120.99601,14.57574],[120.99483,14.57429],[120.99331,14.57818]]]}},{"type":"Feature","id":"PH1303901687","properties":{"psgc":"PH1303901687","brgy":"Barangay 687","city":"City of Manila","cityPsgc":"PH1303901","cLng":120.99311,"cLat":14.57633},"geometry":{"type":"Polygon","coordinates":[[[120.99212,14.57767],[120.99416,14.57578],[120.99307,14.57553],[120.99212,14.57767]]]}},{"type":"Feature","id":"PH1303901833","properties":{"psgc":"PH1303901833","brgy":"Barangay 833","city":"City of Manila","cityPsgc":"PH1303901","cLng":121.00411,"cLat":14.59406},"geometry":{"type":"Polygon","coordinates":[[[121.00291,14.59639],[121.00493,14.59319],[121.00449,14.59261],[121.00291,14.59639]]]}},{"type":"Feature","id":"PH1303901834","properties":{"psgc":"PH1303901834","brgy":"Barangay 834","city":"City of Manila","cityPsgc":"PH1303901","cLng":121.00824,"cLat":14.59368},"geometry":{"type":"Polygon","coordinates":[[[121.00449,14.59261],[121.01057,14.59547],[121.00967,14.59297],[121.00449,14.59261]]]}},{"type":"Feature","id":"PH1303901835","properties":{"psgc":"PH1303901835","brgy":"Barangay 835","city":"City of Manila","cityPsgc":"PH1303901","cLng":121.00756,"cLat":14.59186},"geometry":{"type":"Polygon","coordinates":[[[121.00826,14.59266],[121.00934,14.59087],[121.00509,14.59204],[121.00826,14.59266]]]}},{"type":"Feature","id":"PH1303901836","properties":{"psgc":"PH1303901836","brgy":"Barangay 836","city":"City of Manila","cityPsgc":"PH1303901","cLng":121.01077,"cLat":14.59412},"geometry":{"type":"Polygon","coordinates":[[[121.01057,14.59547],[121.01241,14.59421],[121.00933,14.59268],[121.01057,14.59547]]]}},{"type":"Feature","id":"PH1303901837","properties":{"psgc":"PH1303901837","brgy":"Barangay 837","city":"City of Manila","cityPsgc":"PH1303901","cLng":121.01318,"cLat":14.59205},"geometry":{"type":"Polygon","coordinates":[[[121.01169,14.5922],[121.01546,14.59301],[121.01238,14.59093],[121.01169,14.5922]]]}},{"type":"Feature","id":"PH1303901838","properties":{"psgc":"PH1303901838","brgy":"Barangay 838","city":"City of Manila","cityPsgc":"PH1303901","cLng":121.0115,"cLat":14.59257},"geometry":{"type":"Polygon","coordinates":[[[121.01197,14.59396],[121.01308,14.59277],[121.00946,14.59099],[121.01197,14.59396]]]}},{"type":"Feature","id":"PH1303901839","properties":{"psgc":"PH1303901839","brgy":"Barangay 839","city":"City of Manila","cityPsgc":"PH1303901","cLng":121.01176,"cLat":14.59035},"geometry":{"type":"Polygon","coordinates":[[[121.01301,14.59105],[121.01292,14.58914],[121.00934,14.59087],[121.01301,14.59105]]]}},{"type":"Feature","id":"PH1303901840","properties":{"psgc":"PH1303901840","brgy":"Barangay 840","city":"City of Manila","cityPsgc":"PH1303901","cLng":121.01112,"cLat":14.59127},"geometry":{"type":"Polygon","coordinates":[[[121.0109,14.59205],[121.01238,14.59093],[121.01008,14.59083],[121.0109,14.59205]]]}},{"type":"Feature","id":"PH1303901841","properties":{"psgc":"PH1303901841","brgy":"Barangay 841","city":"City of Manila","cityPsgc":"PH1303901","cLng":120.99977,"cLat":14.58565},"geometry":{"type":"Polygon","coordinates":[[[120.99865,14.58679],[121.00102,14.58552],[120.99963,14.58464],[120.99865,14.58679]]]}},{"type":"Feature","id":"PH1303901842","properties":{"psgc":"PH1303901842","brgy":"Barangay 842","city":"City of Manila","cityPsgc":"PH1303901","cLng":121.00094,"cLat":14.58649},"geometry":{"type":"Polygon","coordinates":[[[120.99983,14.587],[121.00199,14.58695],[121.00102,14.58552],[120.99983,14.587]]]}},{"type":"Feature","id":"PH1303901843","properties":{"psgc":"PH1303901843","brgy":"Barangay 843","city":"City of Manila","cityPsgc":"PH1303901","cLng":120.99896,"cLat":14.5873},"geometry":{"type":"Polygon","coordinates":[[[120.99838,14.58811],[120.99983,14.587],[120.99865,14.58679],[120.99838,14.58811]]]}},{"type":"Feature","id":"PH1303901844","properties":{"psgc":"PH1303901844","brgy":"Barangay 844","city":"City of Manila","cityPsgc":"PH1303901","cLng":121.00068,"cLat":14.58794},"geometry":{"type":"Polygon","coordinates":[[[120.99933,14.58878],[121.00076,14.5881],[121.00199,14.58695],[120.99933,14.58878]]]}},{"type":"Feature","id":"PH1303901845","properties":{"psgc":"PH1303901845","brgy":"Barangay 845","city":"City of Manila","cityPsgc":"PH1303901","cLng":121.00155,"cLat":14.58806},"geometry":{"type":"Polygon","coordinates":[[[121.00076,14.5881],[121.00191,14.58846],[121.00195,14.58762],[121.00076,14.5881]]]}},{"type":"Feature","id":"PH1303901846","properties":{"psgc":"PH1303901846","brgy":"Barangay 846","city":"City of Manila","cityPsgc":"PH1303901","cLng":121.00225,"cLat":14.58922},"geometry":{"type":"Polygon","coordinates":[[[121.0018,14.59009],[121.00305,14.58952],[121.00192,14.58805],[121.0018,14.59009]]]}},{"type":"Feature","id":"PH1303901847","properties":{"psgc":"PH1303901847","brgy":"Barangay 847","city":"City of Manila","cityPsgc":"PH1303901","cLng":121.00345,"cLat":14.59008},"geometry":{"type":"Polygon","coordinates":[[[121.0018,14.59009],[121.00489,14.59079],[121.00364,14.58937],[121.0018,14.59009]]]}},{"type":"Feature","id":"PH1303901848","properties":{"psgc":"PH1303901848","brgy":"Barangay 848","city":"City of Manila","cityPsgc":"PH1303901","cLng":121.00442,"cLat":14.59159},"geometry":{"type":"Polygon","coordinates":[[[121.00293,14.59148],[121.00471,14.59244],[121.00561,14.59085],[121.00293,14.59148]]]}},{"type":"Feature","id":"PH1303901849","properties":{"psgc":"PH1303901849","brgy":"Barangay 849","city":"City of Manila","cityPsgc":"PH1303901","cLng":121.00011,"cLat":14.58451},"geometry":{"type":"Polygon","coordinates":[[[121.00046,14.58514],[121.00025,14.58374],[120.99963,14.58464],[121.00046,14.58514]]]}},{"type":"Feature","id":"PH1303901850","properties":{"psgc":"PH1303901850","brgy":"Barangay 850","city":"City of Manila","cityPsgc":"PH1303901","cLng":121.00098,"cLat":14.58464},"geometry":{"type":"Polygon","coordinates":[[[121.00046,14.58514],[121.00174,14.58451],[121.00075,14.58427],[121.00046,14.58514]]]}},{"type":"Feature","id":"PH1303901851","properties":{"psgc":"PH1303901851","brgy":"Barangay 851","city":"City of Manila","cityPsgc":"PH1303901","cLng":121.00196,"cLat":14.584},"geometry":{"type":"Polygon","coordinates":[[[121.00202,14.58626],[121.00209,14.58302],[121.00174,14.58273],[121.00202,14.58626]]]}},{"type":"Feature","id":"PH1303901852","properties":{"psgc":"PH1303901852","brgy":"Barangay 852","city":"City of Manila","cityPsgc":"PH1303901","cLng":121.00107,"cLat":14.58358},"geometry":{"type":"Polygon","coordinates":[[[121.0006,14.584],[121.00146,14.58363],[121.00114,14.58311],[121.0006,14.584]]]}},{"type":"Feature","id":"PH1303901853","properties":{"psgc":"PH1303901853","brgy":"Barangay 853","city":"City of Manila","cityPsgc":"PH1303901","cLng":121.00114,"cLat":14.58297},"geometry":{"type":"Polygon","coordinates":[[[121.00025,14.58374],[121.00174,14.58273],[121.00146,14.58243],[121.00025,14.58374]]]}},{"type":"Feature","id":"PH1303901855","properties":{"psgc":"PH1303901855","brgy":"Barangay 855","city":"City of Manila","cityPsgc":"PH1303901","cLng":121.00256,"cLat":14.58453},"geometry":{"type":"Polygon","coordinates":[[[121.00202,14.58626],[121.00358,14.58432],[121.00209,14.58302],[121.00202,14.58626]]]}},{"type":"Feature","id":"PH1303901856","properties":{"psgc":"PH1303901856","brgy":"Barangay 856","city":"City of Manila","cityPsgc":"PH1303901","cLng":121.00244,"cLat":14.58687},"geometry":{"type":"Polygon","coordinates":[[[121.00192,14.58805],[121.00337,14.5863],[121.00202,14.58626],[121.00192,14.58805]]]}},{"type":"Feature","id":"PH1303901857","properties":{"psgc":"PH1303901857","brgy":"Barangay 857","city":"City of Manila","cityPsgc":"PH1303901","cLng":121.0035,"cLat":14.58621},"geometry":{"type":"Polygon","coordinates":[[[121.00366,14.58717],[121.00358,14.58432],[121.00329,14.58714],[121.00366,14.58717]]]}},{"type":"Feature","id":"PH1303901858","properties":{"psgc":"PH1303901858","brgy":"Barangay 858","city":"City of Manila","cityPsgc":"PH1303901","cLng":121.00366,"cLat":14.58788},"geometry":{"type":"Polygon","coordinates":[[[121.00329,14.58714],[121.00383,14.5893],[121.00389,14.58719],[121.00329,14.58714]]]}},{"type":"Feature","id":"PH1303901859","properties":{"psgc":"PH1303901859","brgy":"Barangay 859","city":"City of Manila","cityPsgc":"PH1303901","cLng":121.00385,"cLat":14.58771},"geometry":{"type":"Polygon","coordinates":[[[121.00364,14.58937],[121.00382,14.58886],[121.0041,14.58489],[121.00364,14.58937]]]}},{"type":"Feature","id":"PH1303901860","properties":{"psgc":"PH1303901860","brgy":"Barangay 860","city":"City of Manila","cityPsgc":"PH1303901","cLng":121.00678,"cLat":14.58948},"geometry":{"type":"Polygon","coordinates":[[[121.00595,14.59007],[121.00778,14.58989],[121.00661,14.58849],[121.00595,14.59007]]]}},{"type":"Feature","id":"PH1303901861","properties":{"psgc":"PH1303901861","brgy":"Barangay 861","city":"City of Manila","cityPsgc":"PH1303901","cLng":121.00711,"cLat":14.59046},"geometry":{"type":"Polygon","coordinates":[[[121.0079,14.59078],[121.00778,14.58989],[121.00566,14.59072],[121.0079,14.59078]]]}},{"type":"Feature","id":"PH1303901862","properties":{"psgc":"PH1303901862","brgy":"Barangay 862","city":"City of Manila","cityPsgc":"PH1303901","cLng":121.00548,"cLat":14.58755},"geometry":{"type":"Polygon","coordinates":[[[121.00446,14.58812],[121.00656,14.58797],[121.00542,14.58657],[121.00446,14.58812]]]}},{"type":"Feature","id":"PH1303901863","properties":{"psgc":"PH1303901863","brgy":"Barangay 863","city":"City of Manila","cityPsgc":"PH1303901","cLng":121.00484,"cLat":14.58926},"geometry":{"type":"Polygon","coordinates":[[[121.00456,14.5901],[121.00616,14.58959],[121.0038,14.5881],[121.00456,14.5901]]]}},{"type":"Feature","id":"PH1303901864","properties":{"psgc":"PH1303901864","brgy":"Barangay 864","city":"City of Manila","cityPsgc":"PH1303901","cLng":121.00477,"cLat":14.58667},"geometry":{"type":"Polygon","coordinates":[[[121.0038,14.5881],[121.0056,14.58634],[121.00489,14.58558],[121.0038,14.5881]]]}},{"type":"Feature","id":"PH1303901865","properties":{"psgc":"PH1303901865","brgy":"Barangay 865","city":"City of Manila","cityPsgc":"PH1303901","cLng":121.00838,"cLat":14.58799},"geometry":{"type":"Polygon","coordinates":[[[121.00661,14.58849],[121.01292,14.58914],[121.0056,14.58634],[121.00661,14.58849]]]}},{"type":"Feature","id":"PH1303901867","properties":{"psgc":"PH1303901867","brgy":"Barangay 867","city":"City of Manila","cityPsgc":"PH1303901","cLng":121.00461,"cLat":14.58397},"geometry":{"type":"Polygon","coordinates":[[[121.0052,14.58507],[121.00593,14.58285],[121.005,14.58341],[121.00342,14.5835],[121.00294,14.58388],[121.0052,14.58507]]]}},{"type":"Feature","id":"PH1303901868","properties":{"psgc":"PH1303901868","brgy":"Barangay 868","city":"City of Manila","cityPsgc":"PH1303901","cLng":121.00397,"cLat":14.58436},"geometry":{"type":"Polygon","coordinates":[[[121.00457,14.5854],[121.0043,14.5837],[121.00304,14.58397],[121.00457,14.5854]]]}},{"type":"Feature","id":"PH1303901870","properties":{"psgc":"PH1303901870","brgy":"Barangay 870","city":"City of Manila","cityPsgc":"PH1303901","cLng":121.00528,"cLat":14.58238},"geometry":{"type":"Polygon","coordinates":[[[121.0042,14.582],[121.00593,14.58285],[121.00568,14.58228],[121.0042,14.582]]]}},{"type":"Feature","id":"PH1303901871","properties":{"psgc":"PH1303901871","brgy":"Barangay 871","city":"City of Manila","cityPsgc":"PH1303901","cLng":121.00393,"cLat":14.58266},"geometry":{"type":"Polygon","coordinates":[[[121.00334,14.58254],[121.00424,14.58345],[121.0042,14.582],[121.00334,14.58254]]]}},{"type":"Feature","id":"PH1303901872","properties":{"psgc":"PH1303901872","brgy":"Barangay 872","city":"City of Manila","cityPsgc":"PH1303901","cLng":121.00263,"cLat":14.58281},"geometry":{"type":"Polygon","coordinates":[[[121.00294,14.58388],[121.00349,14.58212],[121.00146,14.58243],[121.00294,14.58388]]]}},{"type":"Feature","id":"PH1303901869","properties":{"psgc":"PH1303901869","brgy":"Barangay 869","city":"City of Manila","cityPsgc":"PH1303901","cLng":121.00506,"cLat":14.58013},"geometry":{"type":"Polygon","coordinates":[[[121.005,14.58124],[121.00593,14.57972],[121.00424,14.57944],[121.005,14.58124]]]}},{"type":"Feature","id":"PH1303901649","properties":{"psgc":"PH1303901649","brgy":"Barangay 649","city":"City of Manila","cityPsgc":"PH1303901","cLng":120.96052,"cLat":14.58766},"geometry":{"type":"Polygon","coordinates":[[[120.96773,14.59529],[120.97011,14.5918],[120.96228,14.58288],[120.96161,14.59223],[120.95567,14.57249],[120.95387,14.59112],[120.96773,14.59529]]]}},{"type":"Feature","id":"PH1303901650","properties":{"psgc":"PH1303901650","brgy":"Barangay 650","city":"City of Manila","cityPsgc":"PH1303901","cLng":120.96777,"cLat":14.58877},"geometry":{"type":"Polygon","coordinates":[[[120.97011,14.5918],[120.96719,14.5867],[120.96602,14.58782],[120.97011,14.5918]]]}},{"type":"Feature","id":"PH1303901651","properties":{"psgc":"PH1303901651","brgy":"Barangay 651","city":"City of Manila","cityPsgc":"PH1303901","cLng":120.96968,"cLat":14.58642},"geometry":{"type":"Polygon","coordinates":[[[120.96719,14.5867],[120.97265,14.58789],[120.96919,14.58467],[120.96719,14.5867]]]}},{"type":"Feature","id":"PH1303901652","properties":{"psgc":"PH1303901652","brgy":"Barangay 652","city":"City of Manila","cityPsgc":"PH1303901","cLng":120.97075,"cLat":14.58532},"geometry":{"type":"Polygon","coordinates":[[[120.97265,14.58789],[120.97041,14.58339],[120.96919,14.58467],[120.97265,14.58789]]]}},{"type":"Feature","id":"PH1303901653","properties":{"psgc":"PH1303901653","brgy":"Barangay 653","city":"City of Manila","cityPsgc":"PH1303901","cLng":120.97082,"cLat":14.5838},"geometry":{"type":"Polygon","coordinates":[[[120.96677,14.5871],[120.97369,14.58622],[120.9755,14.58288],[120.96887,14.57959],[120.96677,14.5871]]]}},{"type":"Feature","id":"PH1303901745","properties":{"psgc":"PH1303901745","brgy":"Barangay 745","city":"City of Manila","cityPsgc":"PH1303901","cLng":120.99813,"cLat":14.56782},"geometry":{"type":"Polygon","coordinates":[[[120.99918,14.56811],[120.9976,14.56724],[120.99761,14.5681],[120.99918,14.56811]]]}},{"type":"Feature","id":"PH1303901746","properties":{"psgc":"PH1303901746","brgy":"Barangay 746","city":"City of Manila","cityPsgc":"PH1303901","cLng":120.99843,"cLat":14.56663},"geometry":{"type":"Polygon","coordinates":[[[120.9976,14.56724],[121.0002,14.56698],[120.99748,14.56568],[120.9976,14.56724]]]}},{"type":"Feature","id":"PH1303901747","properties":{"psgc":"PH1303901747","brgy":"Barangay 747","city":"City of Manila","cityPsgc":"PH1303901","cLng":121.00041,"cLat":14.5701},"geometry":{"type":"Polygon","coordinates":[[[121.00047,14.57077],[121.00077,14.56897],[121,14.57057],[121.00047,14.57077]]]}},{"type":"Feature","id":"PH1303901748","properties":{"psgc":"PH1303901748","brgy":"Barangay 748","city":"City of Manila","cityPsgc":"PH1303901","cLng":121.00006,"cLat":14.56937},"geometry":{"type":"Polygon","coordinates":[[[121,14.57057],[121.00082,14.56727],[120.99935,14.57027],[121,14.57057]]]}},{"type":"Feature","id":"PH1303901749","properties":{"psgc":"PH1303901749","brgy":"Barangay 749","city":"City of Manila","cityPsgc":"PH1303901","cLng":121.00118,"cLat":14.56858},"geometry":{"type":"Polygon","coordinates":[[[121.00131,14.56921],[121.00147,14.56755],[121.00077,14.56897],[121.00131,14.56921]]]}},{"type":"Feature","id":"PH1303901750","properties":{"psgc":"PH1303901750","brgy":"Barangay 750","city":"City of Manila","cityPsgc":"PH1303901","cLng":120.99952,"cLat":14.57117},"geometry":{"type":"Polygon","coordinates":[[[120.99858,14.57239],[121.00047,14.57077],[120.99952,14.57035],[120.99858,14.57239]]]}},{"type":"Feature","id":"PH1303901751","properties":{"psgc":"PH1303901751","brgy":"Barangay 751","city":"City of Manila","cityPsgc":"PH1303901","cLng":120.99948,"cLat":14.56959},"geometry":{"type":"Polygon","coordinates":[[[120.99885,14.57169],[121.00011,14.56867],[120.99948,14.56841],[120.99885,14.57169]]]}},{"type":"Feature","id":"PH1303901752","properties":{"psgc":"PH1303901752","brgy":"Barangay 752","city":"City of Manila","cityPsgc":"PH1303901","cLng":120.99982,"cLat":14.56798},"geometry":{"type":"Polygon","coordinates":[[[121.00011,14.56867],[121.0002,14.56698],[120.99913,14.56828],[121.00011,14.56867]]]}},{"type":"Feature","id":"PH1303901753","properties":{"psgc":"PH1303901753","brgy":"Barangay 753","city":"City of Manila","cityPsgc":"PH1303901","cLng":120.99869,"cLat":14.56857},"geometry":{"type":"Polygon","coordinates":[[[120.99732,14.56901],[120.99948,14.56841],[120.99937,14.56831],[120.99732,14.56901]]]}},{"type":"Feature","id":"PH1303901755","properties":{"psgc":"PH1303901755","brgy":"Barangay 755","city":"City of Manila","cityPsgc":"PH1303901","cLng":120.99891,"cLat":14.5628},"geometry":{"type":"Polygon","coordinates":[[[120.99798,14.56387],[120.99994,14.5628],[120.99882,14.56172],[120.99798,14.56387]]]}},{"type":"Feature","id":"PH1303901756","properties":{"psgc":"PH1303901756","brgy":"Barangay 756","city":"City of Manila","cityPsgc":"PH1303901","cLng":121,"cLat":14.56368},"geometry":{"type":"Polygon","coordinates":[[[120.9991,14.56444],[121.00096,14.56381],[120.99994,14.5628],[120.9991,14.56444]]]}},{"type":"Feature","id":"PH1303901757","properties":{"psgc":"PH1303901757","brgy":"Barangay 757","city":"City of Manila","cityPsgc":"PH1303901","cLng":121.00082,"cLat":14.5648},"geometry":{"type":"Polygon","coordinates":[[[121.00113,14.5655],[121.00096,14.56381],[121.00034,14.5651],[121.00113,14.5655]]]}},{"type":"Feature","id":"PH1303901758","properties":{"psgc":"PH1303901758","brgy":"Barangay 758","city":"City of Manila","cityPsgc":"PH1303901","cLng":121.00176,"cLat":14.56511},"geometry":{"type":"Polygon","coordinates":[[[121.00113,14.5655],[121.00252,14.56535],[121.00163,14.56448],[121.00113,14.5655]]]}},{"type":"Feature","id":"PH1303901759","properties":{"psgc":"PH1303901759","brgy":"Barangay 759","city":"City of Manila","cityPsgc":"PH1303901","cLng":121.00148,"cLat":14.56695},"geometry":{"type":"Polygon","coordinates":[[[121.00205,14.56784],[121.00157,14.56573],[121.00082,14.56727],[121.00205,14.56784]]]}},{"type":"Feature","id":"PH1303901760","properties":{"psgc":"PH1303901760","brgy":"Barangay 760","city":"City of Manila","cityPsgc":"PH1303901","cLng":121.00024,"cLat":14.56634},"geometry":{"type":"Polygon","coordinates":[[[121.00082,14.56727],[121.00034,14.5651],[120.99956,14.56666],[121.00082,14.56727]]]}},{"type":"Feature","id":"PH1303901761","properties":{"psgc":"PH1303901761","brgy":"Barangay 761","city":"City of Manila","cityPsgc":"PH1303901","cLng":120.99925,"cLat":14.5652},"geometry":{"type":"Polygon","coordinates":[[[120.9983,14.56607],[121.00034,14.5651],[120.9991,14.56444],[120.9983,14.56607]]]}},{"type":"Feature","id":"PH1303901762","properties":{"psgc":"PH1303901762","brgy":"Barangay 762","city":"City of Manila","cityPsgc":"PH1303901","cLng":120.99819,"cLat":14.56466},"geometry":{"type":"Polygon","coordinates":[[[120.99748,14.56568],[120.9991,14.56444],[120.99798,14.56387],[120.99748,14.56568]]]}},{"type":"Feature","id":"PH1303901763","properties":{"psgc":"PH1303901763","brgy":"Barangay 763","city":"City of Manila","cityPsgc":"PH1303901","cLng":121.00432,"cLat":14.56882},"geometry":{"type":"Polygon","coordinates":[[[121.00455,14.56989],[121.00485,14.56769],[121.00356,14.56889],[121.00455,14.56989]]]}},{"type":"Feature","id":"PH1303901764","properties":{"psgc":"PH1303901764","brgy":"Barangay 764","city":"City of Manila","cityPsgc":"PH1303901","cLng":121.00291,"cLat":14.56757},"geometry":{"type":"Polygon","coordinates":[[[121.00356,14.56889],[121.00311,14.56598],[121.00205,14.56784],[121.00356,14.56889]]]}},{"type":"Feature","id":"PH1303901765","properties":{"psgc":"PH1303901765","brgy":"Barangay 765","city":"City of Manila","cityPsgc":"PH1303901","cLng":121.00572,"cLat":14.56939},"geometry":{"type":"Polygon","coordinates":[[[121.00455,14.56989],[121.0068,14.56962],[121.00581,14.56865],[121.00455,14.56989]]]}},{"type":"Feature","id":"PH1303901766","properties":{"psgc":"PH1303901766","brgy":"Barangay 766","city":"City of Manila","cityPsgc":"PH1303901","cLng":121.00661,"cLat":14.57028},"geometry":{"type":"Polygon","coordinates":[[[121.00552,14.57086],[121.00753,14.57035],[121.0068,14.56962],[121.00552,14.57086]]]}},{"type":"Feature","id":"PH1303901767","properties":{"psgc":"PH1303901767","brgy":"Barangay 767","city":"City of Manila","cityPsgc":"PH1303901","cLng":121.00479,"cLat":14.57089},"geometry":{"type":"Polygon","coordinates":[[[121.00349,14.5711],[121.00622,14.57157],[121.00466,14.57001],[121.00349,14.5711]]]}},{"type":"Feature","id":"PH1303901768","properties":{"psgc":"PH1303901768","brgy":"Barangay 768","city":"City of Manila","cityPsgc":"PH1303901","cLng":121.00324,"cLat":14.57009},"geometry":{"type":"Polygon","coordinates":[[[121.00349,14.5711],[121.00369,14.56902],[121.00254,14.57015],[121.00349,14.5711]]]}},{"type":"Feature","id":"PH1303901769","properties":{"psgc":"PH1303901769","brgy":"Barangay 769","city":"City of Manila","cityPsgc":"PH1303901","cLng":121.00197,"cLat":14.56907},"geometry":{"type":"Polygon","coordinates":[[[121.00254,14.57015],[121.00205,14.56784],[121.00131,14.56921],[121.00254,14.57015]]]}},{"type":"Feature","id":"PH1303901770","properties":{"psgc":"PH1303901770","brgy":"Barangay 770","city":"City of Manila","cityPsgc":"PH1303901","cLng":121.00848,"cLat":14.57289},"geometry":{"type":"Polygon","coordinates":[[[121.007,14.5746],[121.00999,14.57282],[121.00844,14.57125],[121.007,14.5746]]]}},{"type":"Feature","id":"PH1303901771","properties":{"psgc":"PH1303901771","brgy":"Barangay 771","city":"City of Manila","cityPsgc":"PH1303901","cLng":121.00452,"cLat":14.5738},"geometry":{"type":"Polygon","coordinates":[[[121.00473,14.57485],[121.00505,14.57266],[121.00378,14.57388],[121.00473,14.57485]]]}},{"type":"Feature","id":"PH1303901772","properties":{"psgc":"PH1303901772","brgy":"Barangay 772","city":"City of Manila","cityPsgc":"PH1303901","cLng":121.00567,"cLat":14.57421},"geometry":{"type":"Polygon","coordinates":[[[121.00522,14.57534],[121.00708,14.57243],[121.00473,14.57485],[121.00522,14.57534]]]}},{"type":"Feature","id":"PH1303901773","properties":{"psgc":"PH1303901773","brgy":"Barangay 773","city":"City of Manila","cityPsgc":"PH1303901","cLng":121.00702,"cLat":14.57396},"geometry":{"type":"Polygon","coordinates":[[[121.00522,14.57534],[121.00816,14.5735],[121.00769,14.57303],[121.00522,14.57534]]]}},{"type":"Feature","id":"PH1303901774","properties":{"psgc":"PH1303901774","brgy":"Barangay 774","city":"City of Manila","cityPsgc":"PH1303901","cLng":121.00677,"cLat":14.57521},"geometry":{"type":"Polygon","coordinates":[[[121.00569,14.57582],[121.00764,14.57522],[121.007,14.5746],[121.00569,14.57582]]]}},{"type":"Feature","id":"PH1303901775","properties":{"psgc":"PH1303901775","brgy":"Barangay 775","city":"City of Manila","cityPsgc":"PH1303901","cLng":121.00701,"cLat":14.57142},"geometry":{"type":"Polygon","coordinates":[[[121.00505,14.57266],[121.00844,14.57125],[121.00753,14.57035],[121.00505,14.57266]]]}},{"type":"Feature","id":"PH1303901776","properties":{"psgc":"PH1303901776","brgy":"Barangay 776","city":"City of Manila","cityPsgc":"PH1303901","cLng":121.00957,"cLat":14.57464},"geometry":{"type":"Polygon","coordinates":[[[121.00799,14.57561],[121.01078,14.57447],[121.00994,14.57384],[121.00799,14.57561]]]}},{"type":"Feature","id":"PH1303901777","properties":{"psgc":"PH1303901777","brgy":"Barangay 777","city":"City of Manila","cityPsgc":"PH1303901","cLng":121.00738,"cLat":14.57614},"geometry":{"type":"Polygon","coordinates":[[[121.00628,14.57646],[121.00878,14.5763],[121.00708,14.57565],[121.00628,14.57646]]]}},{"type":"Feature","id":"PH1303901778","properties":{"psgc":"PH1303901778","brgy":"Barangay 778","city":"City of Manila","cityPsgc":"PH1303901","cLng":121.00986,"cLat":14.57337},"geometry":{"type":"Polygon","coordinates":[[[121.01018,14.57414],[121.00999,14.57282],[121.00942,14.57316],[121.01018,14.57414]]]}},{"type":"Feature","id":"PH1303901779","properties":{"psgc":"PH1303901779","brgy":"Barangay 779","city":"City of Manila","cityPsgc":"PH1303901","cLng":121.0088,"cLat":14.57415},"geometry":{"type":"Polygon","coordinates":[[[121.00705,14.57545],[121.00994,14.57384],[121.00942,14.57316],[121.00705,14.57545]]]}},{"type":"Feature","id":"PH1303901780","properties":{"psgc":"PH1303901780","brgy":"Barangay 780","city":"City of Manila","cityPsgc":"PH1303901","cLng":121.0092,"cLat":14.57683},"geometry":{"type":"Polygon","coordinates":[[[121.00913,14.57761],[121.01005,14.57624],[121.00843,14.57664],[121.00913,14.57761]]]}},{"type":"Feature","id":"PH1303901781","properties":{"psgc":"PH1303901781","brgy":"Barangay 781","city":"City of Manila","cityPsgc":"PH1303901","cLng":121.00866,"cLat":14.57734},"geometry":{"type":"Polygon","coordinates":[[[121.00742,14.57755],[121.01011,14.57782],[121.00843,14.57664],[121.00742,14.57755]]]}},{"type":"Feature","id":"PH1303901782","properties":{"psgc":"PH1303901782","brgy":"Barangay 782","city":"City of Manila","cityPsgc":"PH1303901","cLng":121.01034,"cLat":14.57576},"geometry":{"type":"Polygon","coordinates":[[[121.00928,14.57585],[121.01155,14.57642],[121.01019,14.57502],[121.00928,14.57585]]]}},{"type":"Feature","id":"PH1303901783","properties":{"psgc":"PH1303901783","brgy":"Barangay 783","city":"City of Manila","cityPsgc":"PH1303901","cLng":121.01121,"cLat":14.57469},"geometry":{"type":"Polygon","coordinates":[[[121.01019,14.57502],[121.0122,14.57499],[121.01124,14.57406],[121.01019,14.57502]]]}},{"type":"Feature","id":"PH1303901784","properties":{"psgc":"PH1303901784","brgy":"Barangay 784","city":"City of Manila","cityPsgc":"PH1303901","cLng":121.0041,"cLat":14.57581},"geometry":{"type":"Polygon","coordinates":[[[121.00292,14.57561],[121.00472,14.57622],[121.00466,14.57561],[121.00292,14.57561]]]}},{"type":"Feature","id":"PH1303901785","properties":{"psgc":"PH1303901785","brgy":"Barangay 785","city":"City of Manila","cityPsgc":"PH1303901","cLng":121.00469,"cLat":14.57507},"geometry":{"type":"Polygon","coordinates":[[[121.00437,14.57449],[121.00474,14.5756],[121.00499,14.57511],[121.00437,14.57449]]]}},{"type":"Feature","id":"PH1303901786","properties":{"psgc":"PH1303901786","brgy":"Barangay 786","city":"City of Manila","cityPsgc":"PH1303901","cLng":121.00315,"cLat":14.57488},"geometry":{"type":"Polygon","coordinates":[[[121.00132,14.57628],[121.00437,14.57449],[121.00378,14.57388],[121.00132,14.57628]]]}},{"type":"Feature","id":"PH1303901787","properties":{"psgc":"PH1303901787","brgy":"Barangay 787","city":"City of Manila","cityPsgc":"PH1303901","cLng":121.00407,"cLat":14.57683},"geometry":{"type":"Polygon","coordinates":[[[121.0027,14.57711],[121.00479,14.57716],[121.00472,14.57622],[121.0027,14.57711]]]}},{"type":"Feature","id":"PH1303901788","properties":{"psgc":"PH1303901788","brgy":"Barangay 788","city":"City of Manila","cityPsgc":"PH1303901","cLng":121.00307,"cLat":14.57772},"geometry":{"type":"Polygon","coordinates":[[[121.00294,14.57845],[121.00358,14.57761],[121.0027,14.57711],[121.00294,14.57845]]]}},{"type":"Feature","id":"PH1303901789","properties":{"psgc":"PH1303901789","brgy":"Barangay 789","city":"City of Manila","cityPsgc":"PH1303901","cLng":121.00405,"cLat":14.57748},"geometry":{"type":"Polygon","coordinates":[[[121.00366,14.57804],[121.00463,14.57717],[121.00391,14.57725],[121.00366,14.57804]]]}},{"type":"Feature","id":"PH1303901790","properties":{"psgc":"PH1303901790","brgy":"Barangay 790","city":"City of Manila","cityPsgc":"PH1303901","cLng":121.00544,"cLat":14.5771},"geometry":{"type":"Polygon","coordinates":[[[121.00473,14.57944],[121.00659,14.57675],[121.00499,14.57511],[121.00473,14.57944]]]}},{"type":"Feature","id":"PH1303901791","properties":{"psgc":"PH1303901791","brgy":"Barangay 791","city":"City of Manila","cityPsgc":"PH1303901","cLng":121.00597,"cLat":14.5781},"geometry":{"type":"Polygon","coordinates":[[[121.00605,14.5788],[121.00659,14.57675],[121.00524,14.57874],[121.00605,14.5788]]]}},{"type":"Feature","id":"PH1303901792","properties":{"psgc":"PH1303901792","brgy":"Barangay 792","city":"City of Manila","cityPsgc":"PH1303901","cLng":121.00801,"cLat":14.57871},"geometry":{"type":"Polygon","coordinates":[[[121.00742,14.57755],[121.00785,14.57967],[121.00875,14.57892],[121.00742,14.57755]]]}},{"type":"Feature","id":"PH1303901793","properties":{"psgc":"PH1303901793","brgy":"Barangay 793","city":"City of Manila","cityPsgc":"PH1303901","cLng":121.0071,"cLat":14.57947},"geometry":{"type":"Polygon","coordinates":[[[121.00737,14.58007],[121.00781,14.57856],[121.00614,14.57978],[121.00737,14.58007]]]}},{"type":"Feature","id":"PH1303901794","properties":{"psgc":"PH1303901794","brgy":"Barangay 794","city":"City of Manila","cityPsgc":"PH1303901","cLng":121.00176,"cLat":14.57533},"geometry":{"type":"Polygon","coordinates":[[[121.00074,14.57605],[121.00246,14.57518],[121.00204,14.57475],[121.00074,14.57605]]]}},{"type":"Feature","id":"PH1303901795","properties":{"psgc":"PH1303901795","brgy":"Barangay 795","city":"City of Manila","cityPsgc":"PH1303901","cLng":121.00122,"cLat":14.57524},"geometry":{"type":"Polygon","coordinates":[[[121.00036,14.57597],[121.00179,14.575],[121.00158,14.57477],[121.00036,14.57597]]]}},{"type":"Feature","id":"PH1303901796","properties":{"psgc":"PH1303901796","brgy":"Barangay 796","city":"City of Manila","cityPsgc":"PH1303901","cLng":121.00093,"cLat":14.57491},"geometry":{"type":"Polygon","coordinates":[[[120.99989,14.57542],[121.00158,14.57477],[121.00136,14.57454],[120.99989,14.57542]]]}},{"type":"Feature","id":"PH1303901797","properties":{"psgc":"PH1303901797","brgy":"Barangay 797","city":"City of Manila","cityPsgc":"PH1303901","cLng":121.00125,"cLat":14.57461},"geometry":{"type":"Polygon","coordinates":[[[121.00035,14.57498],[121.00204,14.57475],[121.00135,14.57409],[121.00035,14.57498]]]}},{"type":"Feature","id":"PH1303901798","properties":{"psgc":"PH1303901798","brgy":"Barangay 798","city":"City of Manila","cityPsgc":"PH1303901","cLng":121.00018,"cLat":14.57379},"geometry":{"type":"Polygon","coordinates":[[[120.99971,14.57464],[121.00135,14.57409],[120.99949,14.57263],[120.99971,14.57464]]]}},{"type":"Feature","id":"PH1303901799","properties":{"psgc":"PH1303901799","brgy":"Barangay 799","city":"City of Manila","cityPsgc":"PH1303901","cLng":120.99943,"cLat":14.57369},"geometry":{"type":"Polygon","coordinates":[[[120.99919,14.57516],[120.99975,14.57303],[120.99935,14.57289],[120.99919,14.57516]]]}},{"type":"Feature","id":"PH1303901800","properties":{"psgc":"PH1303901800","brgy":"Barangay 800","city":"City of Manila","cityPsgc":"PH1303901","cLng":120.99865,"cLat":14.57492},"geometry":{"type":"Polygon","coordinates":[[[120.99777,14.57585],[120.99918,14.57539],[120.999,14.57353],[120.99777,14.57585]]]}},{"type":"Feature","id":"PH1303901801","properties":{"psgc":"PH1303901801","brgy":"Barangay 801","city":"City of Manila","cityPsgc":"PH1303901","cLng":121.00245,"cLat":14.5743},"geometry":{"type":"Polygon","coordinates":[[[121.00246,14.57518],[121.00311,14.57322],[121.00179,14.57451],[121.00246,14.57518]]]}},{"type":"Feature","id":"PH1303901802","properties":{"psgc":"PH1303901802","brgy":"Barangay 802","city":"City of Manila","cityPsgc":"PH1303901","cLng":121.00162,"cLat":14.57348},"geometry":{"type":"Polygon","coordinates":[[[121.00179,14.57451],[121.00221,14.57233],[121.00086,14.5736],[121.00179,14.57451]]]}},{"type":"Feature","id":"PH1303901803","properties":{"psgc":"PH1303901803","brgy":"Barangay 803","city":"City of Manila","cityPsgc":"PH1303901","cLng":121.00027,"cLat":14.57233},"geometry":{"type":"Polygon","coordinates":[[[121.00086,14.5736],[121.00047,14.57077],[120.99949,14.57263],[121.00086,14.5736]]]}},{"type":"Feature","id":"PH1303901804","properties":{"psgc":"PH1303901804","brgy":"Barangay 804","city":"City of Manila","cityPsgc":"PH1303901","cLng":121.00367,"cLat":14.57295},"geometry":{"type":"Polygon","coordinates":[[[121.00378,14.57388],[121.00427,14.57188],[121.00297,14.57309],[121.00378,14.57388]]]}},{"type":"Feature","id":"PH1303901805","properties":{"psgc":"PH1303901805","brgy":"Barangay 805","city":"City of Manila","cityPsgc":"PH1303901","cLng":121.00294,"cLat":14.57222},"geometry":{"type":"Polygon","coordinates":[[[121.00297,14.57309],[121.00362,14.57124],[121.00221,14.57233],[121.00297,14.57309]]]}},{"type":"Feature","id":"PH1303901806","properties":{"psgc":"PH1303901806","brgy":"Barangay 806","city":"City of Manila","cityPsgc":"PH1303901","cLng":121.00254,"cLat":14.571},"geometry":{"type":"Polygon","coordinates":[[[121.00134,14.5715],[121.00362,14.57124],[121.00267,14.57027],[121.00134,14.5715]]]}},{"type":"Feature","id":"PH1303901807","properties":{"psgc":"PH1303901807","brgy":"Barangay 807","city":"City of Manila","cityPsgc":"PH1303901","cLng":121.00103,"cLat":14.57049},"geometry":{"type":"Polygon","coordinates":[[[121.00134,14.5715],[121.00131,14.56921],[121.00047,14.57077],[121.00134,14.5715]]]}},{"type":"Feature","id":"PH1303901866","properties":{"psgc":"PH1303901866","brgy":"Barangay 866","city":"City of Manila","cityPsgc":"PH1303901","cLng":121.00651,"cLat":14.58252},"geometry":{"type":"Polygon","coordinates":[[[121.00489,14.58558],[121.00872,14.58225],[121.00593,14.57972],[121.00489,14.58558]]]}},{"type":"Feature","id":"PH1303901873","properties":{"psgc":"PH1303901873","brgy":"Barangay 873","city":"City of Manila","cityPsgc":"PH1303901","cLng":121.0118,"cLat":14.57946},"geometry":{"type":"Polygon","coordinates":[[[121.01084,14.58015],[121.01337,14.57941],[121.01121,14.57882],[121.01084,14.58015]]]}},{"type":"Feature","id":"PH1303901874","properties":{"psgc":"PH1303901874","brgy":"Barangay 874","city":"City of Manila","cityPsgc":"PH1303901","cLng":121.01146,"cLat":14.57694},"geometry":{"type":"Polygon","coordinates":[[[121.00946,14.57838],[121.01273,14.57744],[121.0122,14.57499],[121.00946,14.57838]]]}},{"type":"Feature","id":"PH1303901875","properties":{"psgc":"PH1303901875","brgy":"Barangay 875","city":"City of Manila","cityPsgc":"PH1303901","cLng":121.01244,"cLat":14.57856},"geometry":{"type":"Polygon","coordinates":[[[121.01337,14.57941],[121.01273,14.57744],[121.01121,14.57882],[121.01337,14.57941]]]}},{"type":"Feature","id":"PH1303901876","properties":{"psgc":"PH1303901876","brgy":"Barangay 876","city":"City of Manila","cityPsgc":"PH1303901","cLng":121.01116,"cLat":14.58089},"geometry":{"type":"Polygon","coordinates":[[[121.01035,14.58199],[121.01228,14.58054],[121.01084,14.58015],[121.01035,14.58199]]]}},{"type":"Feature","id":"PH1303901877","properties":{"psgc":"PH1303901877","brgy":"Barangay 877","city":"City of Manila","cityPsgc":"PH1303901","cLng":121.00902,"cLat":14.57982},"geometry":{"type":"Polygon","coordinates":[[[121.01071,14.58068],[121.0086,14.57905],[121.00775,14.57974],[121.01071,14.58068]]]}},{"type":"Feature","id":"PH1303901878","properties":{"psgc":"PH1303901878","brgy":"Barangay 878","city":"City of Manila","cityPsgc":"PH1303901","cLng":121.00967,"cLat":14.57904},"geometry":{"type":"Polygon","coordinates":[[[121.01096,14.57969],[121.00946,14.57838],[121.0086,14.57905],[121.01096,14.57969]]]}},{"type":"Feature","id":"PH1303901879","properties":{"psgc":"PH1303901879","brgy":"Barangay 879","city":"City of Manila","cityPsgc":"PH1303901","cLng":121.01241,"cLat":14.58136},"geometry":{"type":"Polygon","coordinates":[[[121.01152,14.58268],[121.01343,14.58086],[121.01228,14.58054],[121.01152,14.58268]]]}},{"type":"Feature","id":"PH1303901880","properties":{"psgc":"PH1303901880","brgy":"Barangay 880","city":"City of Manila","cityPsgc":"PH1303901","cLng":121.00867,"cLat":14.58053},"geometry":{"type":"Polygon","coordinates":[[[121.00755,14.58117],[121.01071,14.58068],[121.00775,14.57974],[121.00755,14.58117]]]}},{"type":"Feature","id":"PH1303901881","properties":{"psgc":"PH1303901881","brgy":"Barangay 881","city":"City of Manila","cityPsgc":"PH1303901","cLng":121.01301,"cLat":14.57637},"geometry":{"type":"Polygon","coordinates":[[[121.0121,14.57661],[121.0145,14.57728],[121.01242,14.57521],[121.0121,14.57661]]]}},{"type":"Feature","id":"PH1303901882","properties":{"psgc":"PH1303901882","brgy":"Barangay 882","city":"City of Manila","cityPsgc":"PH1303901","cLng":121.01445,"cLat":14.57793},"geometry":{"type":"Polygon","coordinates":[[[121.01344,14.57831],[121.01538,14.57819],[121.0145,14.57728],[121.01344,14.57831]]]}},{"type":"Feature","id":"PH1303901883","properties":{"psgc":"PH1303901883","brgy":"Barangay 883","city":"City of Manila","cityPsgc":"PH1303901","cLng":121.01406,"cLat":14.57878},"geometry":{"type":"Polygon","coordinates":[[[121.01337,14.57941],[121.01538,14.57819],[121.01345,14.57874],[121.01337,14.57941]]]}},{"type":"Feature","id":"PH1303901884","properties":{"psgc":"PH1303901884","brgy":"Barangay 884","city":"City of Manila","cityPsgc":"PH1303901","cLng":121.01461,"cLat":14.58039},"geometry":{"type":"Polygon","coordinates":[[[121.01336,14.5815],[121.0171,14.58026],[121.01337,14.57941],[121.01336,14.5815]]]}},{"type":"Feature","id":"PH1303901885","properties":{"psgc":"PH1303901885","brgy":"Barangay 885","city":"City of Manila","cityPsgc":"PH1303901","cLng":121.01416,"cLat":14.58184},"geometry":{"type":"Polygon","coordinates":[[[121.01328,14.58212],[121.01584,14.58191],[121.01336,14.5815],[121.01328,14.58212]]]}},{"type":"Feature","id":"PH1303901886","properties":{"psgc":"PH1303901886","brgy":"Barangay 886","city":"City of Manila","cityPsgc":"PH1303901","cLng":121.01599,"cLat":14.58236},"geometry":{"type":"Polygon","coordinates":[[[121.01544,14.58327],[121.01667,14.58189],[121.01584,14.58191],[121.01544,14.58327]]]}},{"type":"Feature","id":"PH1303901887","properties":{"psgc":"PH1303901887","brgy":"Barangay 887","city":"City of Manila","cityPsgc":"PH1303901","cLng":121.01737,"cLat":14.5829},"geometry":{"type":"Polygon","coordinates":[[[121.01672,14.58401],[121.01872,14.5828],[121.01667,14.58189],[121.01672,14.58401]]]}},{"type":"Feature","id":"PH1303901888","properties":{"psgc":"PH1303901888","brgy":"Barangay 888","city":"City of Manila","cityPsgc":"PH1303901","cLng":121.01826,"cLat":14.58383},"geometry":{"type":"Polygon","coordinates":[[[121.01758,14.58452],[121.01965,14.58408],[121.01755,14.58289],[121.01758,14.58452]]]}},{"type":"Feature","id":"PH1303901889","properties":{"psgc":"PH1303901889","brgy":"Barangay 889","city":"City of Manila","cityPsgc":"PH1303901","cLng":121.01368,"cLat":14.58298},"geometry":{"type":"Polygon","coordinates":[[[121.01231,14.58356],[121.01544,14.58327],[121.01328,14.58212],[121.01231,14.58356]]]}},{"type":"Feature","id":"PH1303901890","properties":{"psgc":"PH1303901890","brgy":"Barangay 890","city":"City of Manila","cityPsgc":"PH1303901","cLng":121.01577,"cLat":14.58449},"geometry":{"type":"Polygon","coordinates":[[[121.01403,14.58548],[121.01784,14.58472],[121.01544,14.58327],[121.01403,14.58548]]]}},{"type":"Feature","id":"PH1303901891","properties":{"psgc":"PH1303901891","brgy":"Barangay 891","city":"City of Manila","cityPsgc":"PH1303901","cLng":121.01824,"cLat":14.58592},"geometry":{"type":"Polygon","coordinates":[[[121.01701,14.58654],[121.01986,14.5865],[121.01784,14.58472],[121.01701,14.58654]]]}},{"type":"Feature","id":"PH1303901892","properties":{"psgc":"PH1303901892","brgy":"Barangay 892","city":"City of Manila","cityPsgc":"PH1303901","cLng":121.02056,"cLat":14.58613},"geometry":{"type":"Polygon","coordinates":[[[121.01986,14.5865],[121.02156,14.58633],[121.02027,14.58557],[121.01986,14.5865]]]}},{"type":"Feature","id":"PH1303901893","properties":{"psgc":"PH1303901893","brgy":"Barangay 893","city":"City of Manila","cityPsgc":"PH1303901","cLng":121.02263,"cLat":14.59006},"geometry":{"type":"Polygon","coordinates":[[[121.02427,14.59176],[121.02243,14.58899],[121.0212,14.58942],[121.02427,14.59176]]]}},{"type":"Feature","id":"PH1303901894","properties":{"psgc":"PH1303901894","brgy":"Barangay 894","city":"City of Manila","cityPsgc":"PH1303901","cLng":121.02006,"cLat":14.58762},"geometry":{"type":"Polygon","coordinates":[[[121.01916,14.58865],[121.02116,14.5877],[121.01986,14.5865],[121.01916,14.58865]]]}},{"type":"Feature","id":"PH1303901895","properties":{"psgc":"PH1303901895","brgy":"Barangay 895","city":"City of Manila","cityPsgc":"PH1303901","cLng":121.02137,"cLat":14.58859},"geometry":{"type":"Polygon","coordinates":[[[121.02051,14.58908],[121.02243,14.58899],[121.02116,14.5877],[121.02051,14.58908]]]}},{"type":"Feature","id":"PH1303901896","properties":{"psgc":"PH1303901896","brgy":"Barangay 896","city":"City of Manila","cityPsgc":"PH1303901","cLng":121.0137,"cLat":14.58566},"geometry":{"type":"Polygon","coordinates":[[[121.01185,14.58602],[121.01617,14.58636],[121.0131,14.58461],[121.01185,14.58602]]]}},{"type":"Feature","id":"PH1303901897","properties":{"psgc":"PH1303901897","brgy":"Barangay 897","city":"City of Manila","cityPsgc":"PH1303901","cLng":121.01716,"cLat":14.58722},"geometry":{"type":"Polygon","coordinates":[[[121.01622,14.58838],[121.01908,14.58693],[121.01617,14.58636],[121.01622,14.58838]]]}},{"type":"Feature","id":"PH1303901898","properties":{"psgc":"PH1303901898","brgy":"Barangay 898","city":"City of Manila","cityPsgc":"PH1303901","cLng":121.01239,"cLat":14.58706},"geometry":{"type":"Polygon","coordinates":[[[121.01106,14.58809],[121.01425,14.58707],[121.01185,14.58602],[121.01106,14.58809]]]}},{"type":"Feature","id":"PH1303901899","properties":{"psgc":"PH1303901899","brgy":"Barangay 899","city":"City of Manila","cityPsgc":"PH1303901","cLng":121.01093,"cLat":14.58727},"geometry":{"type":"Polygon","coordinates":[[[121.01106,14.58809],[121.01127,14.58582],[121.01047,14.58791],[121.01106,14.58809]]]}},{"type":"Feature","id":"PH1303901900","properties":{"psgc":"PH1303901900","brgy":"Barangay 900","city":"City of Manila","cityPsgc":"PH1303901","cLng":121.0113,"cLat":14.58384},"geometry":{"type":"Polygon","coordinates":[[[121.01018,14.58483],[121.0131,14.58461],[121.01063,14.58207],[121.01018,14.58483]]]}},{"type":"Feature","id":"PH1303901901","properties":{"psgc":"PH1303901901","brgy":"Barangay 901","city":"City of Manila","cityPsgc":"PH1303901","cLng":121.01079,"cLat":14.58648},"geometry":{"type":"Polygon","coordinates":[[[121.01016,14.58789],[121.01127,14.58582],[121.01099,14.58573],[121.01016,14.58789]]]}},{"type":"Feature","id":"PH1303901902","properties":{"psgc":"PH1303901902","brgy":"Barangay 902","city":"City of Manila","cityPsgc":"PH1303901","cLng":121.01045,"cLat":14.5864},"geometry":{"type":"Polygon","coordinates":[[[121.00978,14.58787],[121.01099,14.58573],[121.01059,14.5856],[121.00978,14.58787]]]}},{"type":"Feature","id":"PH1303901903","properties":{"psgc":"PH1303901903","brgy":"Barangay 903","city":"City of Manila","cityPsgc":"PH1303901","cLng":121.00985,"cLat":14.58626},"geometry":{"type":"Polygon","coordinates":[[[121.00894,14.58777],[121.01059,14.5856],[121.01002,14.58542],[121.00894,14.58777]]]}},{"type":"Feature","id":"PH1303901904","properties":{"psgc":"PH1303901904","brgy":"Barangay 904","city":"City of Manila","cityPsgc":"PH1303901","cLng":121.0109,"cLat":14.58546},"geometry":{"type":"Polygon","coordinates":[[[121.01185,14.58602],[121.01081,14.58495],[121.01002,14.58542],[121.01185,14.58602]]]}},{"type":"Feature","id":"PH1303901905","properties":{"psgc":"PH1303901905","brgy":"Barangay 905","city":"City of Manila","cityPsgc":"PH1303901","cLng":121.00952,"cLat":14.58387},"geometry":{"type":"Polygon","coordinates":[[[121.00717,14.58444],[121.01077,14.5851],[121.01063,14.58207],[121.00717,14.58444]]]}},{"type":"Feature","id":"PH1303901754","properties":{"psgc":"PH1303901754","brgy":"Barangay 754","city":"City of Manila","cityPsgc":"PH1303901","cLng":120.99846,"cLat":14.56834},"geometry":{"type":"Polygon","coordinates":[[[120.99761,14.5681],[120.99858,14.56882],[120.99918,14.56811],[120.99761,14.5681]]]}},{"type":"Feature","id":"PH1303901808","properties":{"psgc":"PH1303901808","brgy":"Barangay 808","city":"City of Manila","cityPsgc":"PH1303901","cLng":120.99863,"cLat":14.57678},"geometry":{"type":"Polygon","coordinates":[[[120.99857,14.57783],[120.99912,14.57641],[120.9982,14.57611],[120.99857,14.57783]]]}},{"type":"Feature","id":"PH1303901918","properties":{"psgc":"PH1303901918","brgy":"Barangay 818-A","city":"City of Manila","cityPsgc":"PH1303901","cLng":121.00491,"cLat":14.58145},"geometry":{"type":"Polygon","coordinates":[[[121.00475,14.58095],[121.00468,14.58192],[121.0053,14.58149],[121.00475,14.58095]]]}},{"type":"Feature","id":"PH1307401001","properties":{"psgc":"PH1307401001","brgy":"Addition Hills","city":"City of Mandaluyong","cityPsgc":"PH1307401","cLng":121.03922,"cLat":14.58813},"geometry":{"type":"Polygon","coordinates":[[[121.04378,14.59382],[121.04636,14.58723],[121.03707,14.58944],[121.0416,14.58634],[121.03478,14.58013],[121.03468,14.59072],[121.04378,14.59382]]]}},{"type":"Feature","id":"PH1307401002","properties":{"psgc":"PH1307401002","brgy":"Bagong Silang","city":"City of Mandaluyong","cityPsgc":"PH1307401","cLng":121.03153,"cLat":14.59088},"geometry":{"type":"Polygon","coordinates":[[[121.02921,14.59127],[121.0334,14.59166],[121.03199,14.58971],[121.02921,14.59127]]]}},{"type":"Feature","id":"PH1307401003","properties":{"psgc":"PH1307401003","brgy":"Barangka Drive","city":"City of Mandaluyong","cityPsgc":"PH1307401","cLng":121.03722,"cLat":14.5723},"geometry":{"type":"Polygon","coordinates":[[[121.04069,14.57528],[121.03756,14.56965],[121.03405,14.57067],[121.03567,14.57354],[121.04069,14.57528]]]}},{"type":"Feature","id":"PH1307401004","properties":{"psgc":"PH1307401004","brgy":"Barangka Ibaba","city":"City of Mandaluyong","cityPsgc":"PH1307401","cLng":121.0386,"cLat":14.56999},"geometry":{"type":"Polygon","coordinates":[[[121.04101,14.57341],[121.04032,14.56811],[121.0375,14.56745],[121.03524,14.56978],[121.04101,14.57341]]]}},{"type":"Feature","id":"PH1307401005","properties":{"psgc":"PH1307401005","brgy":"Barangka Ilaya","city":"City of Mandaluyong","cityPsgc":"PH1307401","cLng":121.04724,"cLat":14.57184},"geometry":{"type":"Polygon","coordinates":[[[121.05151,14.5759],[121.04952,14.56856],[121.04318,14.56872],[121.04389,14.57384],[121.05151,14.5759]]]}},{"type":"Feature","id":"PH1307401006","properties":{"psgc":"PH1307401006","brgy":"Barangka Itaas","city":"City of Mandaluyong","cityPsgc":"PH1307401","cLng":121.04143,"cLat":14.56984},"geometry":{"type":"Polygon","coordinates":[[[121.0408,14.57269],[121.04318,14.56872],[121.04032,14.56811],[121.0408,14.57269]]]}},{"type":"Feature","id":"PH1307401007","properties":{"psgc":"PH1307401007","brgy":"Burol","city":"City of Mandaluyong","cityPsgc":"PH1307401","cLng":121.02747,"cLat":14.58965},"geometry":{"type":"Polygon","coordinates":[[[121.02696,14.59068],[121.02852,14.58946],[121.02691,14.5888],[121.02696,14.59068]]]}},{"type":"Feature","id":"PH1307401008","properties":{"psgc":"PH1307401008","brgy":"Buayang Bato","city":"City of Mandaluyong","cityPsgc":"PH1307401","cLng":121.05106,"cLat":14.56893},"geometry":{"type":"Polygon","coordinates":[[[121.04952,14.56856],[121.05226,14.57029],[121.0514,14.56794],[121.04952,14.56856]]]}},{"type":"Feature","id":"PH1307401009","properties":{"psgc":"PH1307401009","brgy":"Daang Bakal","city":"City of Mandaluyong","cityPsgc":"PH1307401","cLng":121.02858,"cLat":14.59249},"geometry":{"type":"Polygon","coordinates":[[[121.02544,14.59252],[121.03054,14.59422],[121.02976,14.59073],[121.02544,14.59252]]]}},{"type":"Feature","id":"PH1307401010","properties":{"psgc":"PH1307401010","brgy":"Hagdang Bato Itaas","city":"City of Mandaluyong","cityPsgc":"PH1307401","cLng":121.03108,"cLat":14.58821},"geometry":{"type":"Polygon","coordinates":[[[121.02788,14.58906],[121.03258,14.58905],[121.03279,14.58651],[121.02788,14.58906]]]}},{"type":"Feature","id":"PH1307401011","properties":{"psgc":"PH1307401011","brgy":"Hagdang Bato Libis","city":"City of Mandaluyong","cityPsgc":"PH1307401","cLng":121.03388,"cLat":14.58797},"geometry":{"type":"Polygon","coordinates":[[[121.03199,14.58971],[121.03686,14.58768],[121.03279,14.58651],[121.03199,14.58971]]]}},{"type":"Feature","id":"PH1307401012","properties":{"psgc":"PH1307401012","brgy":"Harapin Ang Bukas","city":"City of Mandaluyong","cityPsgc":"PH1307401","cLng":121.02844,"cLat":14.59067},"geometry":{"type":"Polygon","coordinates":[[[121.02852,14.58946],[121.02718,14.59177],[121.02962,14.59079],[121.02852,14.58946]]]}},{"type":"Feature","id":"PH1307401013","properties":{"psgc":"PH1307401013","brgy":"Highway Hills","city":"City of Mandaluyong","cityPsgc":"PH1307401","cLng":121.05089,"cLat":14.57774},"geometry":{"type":"Polygon","coordinates":[[[121.04722,14.58656],[121.05712,14.57813],[121.05197,14.56923],[121.04628,14.57601],[121.04722,14.58656]]]}},{"type":"Feature","id":"PH1307401014","properties":{"psgc":"PH1307401014","brgy":"Hulo","city":"City of Mandaluyong","cityPsgc":"PH1307401","cLng":121.03056,"cLat":14.5723},"geometry":{"type":"Polygon","coordinates":[[[121.02566,14.57448],[121.02851,14.57497],[121.0375,14.56745],[121.02566,14.57448]]]}},{"type":"Feature","id":"PH1307401015","properties":{"psgc":"PH1307401015","brgy":"Mabini-J. Rizal","city":"City of Mandaluyong","cityPsgc":"PH1307401","cLng":121.02172,"cLat":14.58369},"geometry":{"type":"Polygon","coordinates":[[[121.01963,14.58406],[121.02462,14.58612],[121.0209,14.58089],[121.01963,14.58406]]]}},{"type":"Feature","id":"PH1307401016","properties":{"psgc":"PH1307401016","brgy":"Malamig","city":"City of Mandaluyong","cityPsgc":"PH1307401","cLng":121.04343,"cLat":14.57421},"geometry":{"type":"Polygon","coordinates":[[[121.04069,14.57528],[121.0488,14.57466],[121.0408,14.57269],[121.04069,14.57528]]]}},{"type":"Feature","id":"PH1307401017","properties":{"psgc":"PH1307401017","brgy":"Mauway","city":"City of Mandaluyong","cityPsgc":"PH1307401","cLng":121.04305,"cLat":14.58059},"geometry":{"type":"Polygon","coordinates":[[[121.04328,14.58661],[121.04762,14.5793],[121.04628,14.57601],[121.03734,14.57912],[121.04328,14.58661]]]}},{"type":"Feature","id":"PH1307401018","properties":{"psgc":"PH1307401018","brgy":"Namayan","city":"City of Mandaluyong","cityPsgc":"PH1307401","cLng":121.02152,"cLat":14.57982},"geometry":{"type":"Polygon","coordinates":[[[121.01724,14.57974],[121.0209,14.58089],[121.02643,14.57882],[121.01724,14.57974]]]}},{"type":"Feature","id":"PH1307401019","properties":{"psgc":"PH1307401019","brgy":"New Zañiga","city":"City of Mandaluyong","cityPsgc":"PH1307401","cLng":121.02896,"cLat":14.58295},"geometry":{"type":"Polygon","coordinates":[[[121.02663,14.5832],[121.03196,14.58613],[121.02829,14.57953],[121.02663,14.5832]]]}},{"type":"Feature","id":"PH1307401020","properties":{"psgc":"PH1307401020","brgy":"Old Zañiga","city":"City of Mandaluyong","cityPsgc":"PH1307401","cLng":121.02583,"cLat":14.57994},"geometry":{"type":"Polygon","coordinates":[[[121.02218,14.583],[121.02829,14.57953],[121.02703,14.57729],[121.02218,14.583]]]}},{"type":"Feature","id":"PH1307401021","properties":{"psgc":"PH1307401021","brgy":"Pag-asa","city":"City of Mandaluyong","cityPsgc":"PH1307401","cLng":121.02443,"cLat":14.58847},"geometry":{"type":"Polygon","coordinates":[[[121.02243,14.58899],[121.02691,14.5888],[121.02396,14.58761],[121.02243,14.58899]]]}},{"type":"Feature","id":"PH1307401022","properties":{"psgc":"PH1307401022","brgy":"Plainview","city":"City of Mandaluyong","cityPsgc":"PH1307401","cLng":121.03468,"cLat":14.57681},"geometry":{"type":"Polygon","coordinates":[[[121.03261,14.58223],[121.04275,14.57814],[121.0341,14.57074],[121.02787,14.57629],[121.03261,14.58223]]]}},{"type":"Feature","id":"PH1307401023","properties":{"psgc":"PH1307401023","brgy":"Pleasant Hills","city":"City of Mandaluyong","cityPsgc":"PH1307401","cLng":121.04221,"cLat":14.58843},"geometry":{"type":"Polygon","coordinates":[[[121.03707,14.58944],[121.0432,14.58862],[121.04636,14.58723],[121.03707,14.58944]]]}},{"type":"Feature","id":"PH1307401024","properties":{"psgc":"PH1307401024","brgy":"Poblacion","city":"City of Mandaluyong","cityPsgc":"PH1307401","cLng":121.02694,"cLat":14.58599},"geometry":{"type":"Polygon","coordinates":[[[121.02396,14.58761],[121.03022,14.58716],[121.02663,14.5832],[121.02396,14.58761]]]}},{"type":"Feature","id":"PH1307401025","properties":{"psgc":"PH1307401025","brgy":"San Jose","city":"City of Mandaluyong","cityPsgc":"PH1307401","cLng":121.02962,"cLat":14.58023},"geometry":{"type":"Polygon","coordinates":[[[121.03296,14.58656],[121.02804,14.57769],[121.02786,14.57643],[121.03296,14.58656]]]}},{"type":"Feature","id":"PH1307401026","properties":{"psgc":"PH1307401026","brgy":"Vergara","city":"City of Mandaluyong","cityPsgc":"PH1307401","cLng":121.0232,"cLat":14.5767},"geometry":{"type":"Polygon","coordinates":[[[121.02268,14.57843],[121.02566,14.57448],[121.02127,14.5772],[121.02268,14.57843]]]}},{"type":"Feature","id":"PH1307401027","properties":{"psgc":"PH1307401027","brgy":"Wack-wack Greenhills","city":"City of Mandaluyong","cityPsgc":"PH1307401","cLng":121.05413,"cLat":14.59054},"geometry":{"type":"Polygon","coordinates":[[[121.05937,14.60118],[121.06002,14.58211],[121.05712,14.57813],[121.04356,14.594],[121.05937,14.60118]]]}},{"type":"Feature","id":"PH1307402001","properties":{"psgc":"PH1307402001","brgy":"Barangka","city":"City of Marikina","cityPsgc":"PH1307402","cLng":121.08395,"cLat":14.63545},"geometry":{"type":"Polygon","coordinates":[[[121.08846,14.64425],[121.08957,14.63678],[121.08224,14.62644],[121.07726,14.63516],[121.08846,14.64425]]]}},{"type":"Feature","id":"PH1307402002","properties":{"psgc":"PH1307402002","brgy":"Calumpang","city":"City of Marikina","cityPsgc":"PH1307402","cLng":121.08898,"cLat":14.62475},"geometry":{"type":"Polygon","coordinates":[[[121.08484,14.63004],[121.09566,14.62461],[121.09738,14.62083],[121.08174,14.62304],[121.08484,14.63004]]]}},{"type":"Feature","id":"PH1307402003","properties":{"psgc":"PH1307402003","brgy":"Concepcion Uno","city":"City of Marikina","cityPsgc":"PH1307402","cLng":121.10526,"cLat":14.65155},"geometry":{"type":"Polygon","coordinates":[[[121.1001,14.6661],[121.11376,14.65192],[121.11003,14.64043],[121.09874,14.64486],[121.1001,14.6661]]]}},{"type":"Feature","id":"PH1307402004","properties":{"psgc":"PH1307402004","brgy":"Jesus de la Peña","city":"City of Marikina","cityPsgc":"PH1307402","cLng":121.09055,"cLat":14.63276},"geometry":{"type":"Polygon","coordinates":[[[121.0897,14.64605],[121.094,14.62968],[121.09131,14.62401],[121.08764,14.62689],[121.0897,14.64605]]]}},{"type":"Feature","id":"PH1307402005","properties":{"psgc":"PH1307402005","brgy":"Malanday","city":"City of Marikina","cityPsgc":"PH1307402","cLng":121.09343,"cLat":14.64876},"geometry":{"type":"Polygon","coordinates":[[[121.08948,14.65553],[121.09779,14.65235],[121.09919,14.64238],[121.08757,14.64577],[121.08948,14.65553]]]}},{"type":"Feature","id":"PH1307402006","properties":{"psgc":"PH1307402006","brgy":"Nangka","city":"City of Marikina","cityPsgc":"PH1307402","cLng":121.10715,"cLat":14.66977},"geometry":{"type":"Polygon","coordinates":[[[121.10673,14.67549],[121.11015,14.67003],[121.12005,14.66895],[121.09926,14.66639],[121.10673,14.67549]]]}},{"type":"Feature","id":"PH1307402007","properties":{"psgc":"PH1307402007","brgy":"Parang","city":"City of Marikina","cityPsgc":"PH1307402","cLng":121.11281,"cLat":14.66139},"geometry":{"type":"Polygon","coordinates":[[[121.11756,14.66914],[121.11828,14.65713],[121.10487,14.65441],[121.11124,14.66792],[121.11756,14.66914]]]}},{"type":"Feature","id":"PH1307402008","properties":{"psgc":"PH1307402008","brgy":"San Roque","city":"City of Marikina","cityPsgc":"PH1307402","cLng":121.09974,"cLat":14.62547},"geometry":{"type":"Polygon","coordinates":[[[121.1028,14.63063],[121.10496,14.62136],[121.09758,14.61977],[121.094,14.62968],[121.1028,14.63063]]]}},{"type":"Feature","id":"PH1307402009","properties":{"psgc":"PH1307402009","brgy":"Santa Elena (Pob.)","city":"City of Marikina","cityPsgc":"PH1307402","cLng":121.09747,"cLat":14.6311},"geometry":{"type":"Polygon","coordinates":[[[121.09343,14.63423],[121.10499,14.62939],[121.094,14.62968],[121.09343,14.63423]]]}},{"type":"Feature","id":"PH1307402010","properties":{"psgc":"PH1307402010","brgy":"Santo Niño","city":"City of Marikina","cityPsgc":"PH1307402","cLng":121.09921,"cLat":14.63884},"geometry":{"type":"Polygon","coordinates":[[[121.10084,14.64458],[121.10869,14.63647],[121.09343,14.63423],[121.09168,14.64047],[121.10084,14.64458]]]}},{"type":"Feature","id":"PH1307402011","properties":{"psgc":"PH1307402011","brgy":"Tañong","city":"City of Marikina","cityPsgc":"PH1307402","cLng":121.08748,"cLat":14.6318},"geometry":{"type":"Polygon","coordinates":[[[121.08951,14.63573],[121.08963,14.62891],[121.08764,14.62689],[121.08399,14.63394],[121.08951,14.63573]]]}},{"type":"Feature","id":"PH1307402012","properties":{"psgc":"PH1307402012","brgy":"Concepcion Dos","city":"City of Marikina","cityPsgc":"PH1307402","cLng":121.11877,"cLat":14.64037},"geometry":{"type":"Polygon","coordinates":[[[121.12131,14.64791],[121.13001,14.63434],[121.10869,14.63647],[121.1125,14.64565],[121.12131,14.64791]]]}},{"type":"Feature","id":"PH1307402013","properties":{"psgc":"PH1307402013","brgy":"Marikina Heights (Concepcion)","city":"City of Marikina","cityPsgc":"PH1307402","cLng":121.12144,"cLat":14.65134},"geometry":{"type":"Polygon","coordinates":[[[121.11962,14.66016],[121.13032,14.65107],[121.12848,14.64344],[121.11047,14.65017],[121.11962,14.66016]]]}},{"type":"Feature","id":"PH1307402014","properties":{"psgc":"PH1307402014","brgy":"Industrial Valley","city":"City of Marikina","cityPsgc":"PH1307402","cLng":121.07855,"cLat":14.62425},"geometry":{"type":"Polygon","coordinates":[[[121.07438,14.62833],[121.08224,14.62644],[121.07903,14.61797],[121.07438,14.62833]]]}},{"type":"Feature","id":"PH1307402015","properties":{"psgc":"PH1307402015","brgy":"Fortune","city":"City of Marikina","cityPsgc":"PH1307402","cLng":121.12718,"cLat":14.66017},"geometry":{"type":"Polygon","coordinates":[[[121.12593,14.67009],[121.13487,14.65885],[121.13044,14.6508],[121.11873,14.66012],[121.12593,14.67009]]]}},{"type":"Feature","id":"PH1307402016","properties":{"psgc":"PH1307402016","brgy":"Tumana","city":"City of Marikina","cityPsgc":"PH1307402","cLng":121.09645,"cLat":14.659},"geometry":{"type":"Polygon","coordinates":[[[121.09527,14.66778],[121.10244,14.66207],[121.10098,14.65087],[121.08848,14.6565],[121.09527,14.66778]]]}},{"type":"Feature","id":"PH1307403001","properties":{"psgc":"PH1307403001","brgy":"Bagong Ilog","city":"City of Pasig","cityPsgc":"PH1307403","cLng":121.06925,"cLat":14.56626},"geometry":{"type":"Polygon","coordinates":[[[121.06826,14.57439],[121.07439,14.57019],[121.06913,14.55809],[121.06474,14.56091],[121.06826,14.57439]]]}},{"type":"Feature","id":"PH1307403002","properties":{"psgc":"PH1307403002","brgy":"Bagong Katipunan","city":"City of Pasig","cityPsgc":"PH1307403","cLng":121.07486,"cLat":14.55857},"geometry":{"type":"Polygon","coordinates":[[[121.07354,14.55915],[121.07576,14.55921],[121.07526,14.55734],[121.07354,14.55915]]]}},{"type":"Feature","id":"PH1307403003","properties":{"psgc":"PH1307403003","brgy":"Bambang","city":"City of Pasig","cityPsgc":"PH1307403","cLng":121.079,"cLat":14.55506},"geometry":{"type":"Polygon","coordinates":[[[121.07519,14.55736],[121.08814,14.55285],[121.07368,14.55497],[121.07519,14.55736]]]}},{"type":"Feature","id":"PH1307403004","properties":{"psgc":"PH1307403004","brgy":"Buting","city":"City of Pasig","cityPsgc":"PH1307403","cLng":121.06986,"cLat":14.55373},"geometry":{"type":"Polygon","coordinates":[[[121.06432,14.55192],[121.07231,14.55547],[121.07294,14.5538],[121.06432,14.55192]]]}},{"type":"Feature","id":"PH1307403005","properties":{"psgc":"PH1307403005","brgy":"Caniogan","city":"City of Pasig","cityPsgc":"PH1307403","cLng":121.07894,"cLat":14.57013},"geometry":{"type":"Polygon","coordinates":[[[121.07525,14.57292],[121.08822,14.57262],[121.07335,14.56485],[121.07525,14.57292]]]}},{"type":"Feature","id":"PH1307403006","properties":{"psgc":"PH1307403006","brgy":"Dela Paz","city":"City of Pasig","cityPsgc":"PH1307403","cLng":121.09783,"cLat":14.61454},"geometry":{"type":"Polygon","coordinates":[[[121.09324,14.62132],[121.10188,14.62066],[121.10416,14.60837],[121.09199,14.6092],[121.09324,14.62132]]]}},{"type":"Feature","id":"PH1307403007","properties":{"psgc":"PH1307403007","brgy":"Kalawaan","city":"City of Pasig","cityPsgc":"PH1307403","cLng":121.08711,"cLat":14.55011},"geometry":{"type":"Polygon","coordinates":[[[121.08089,14.55377],[121.09227,14.55282],[121.09437,14.54674],[121.08109,14.54743],[121.08089,14.55377]]]}},{"type":"Feature","id":"PH1307403008","properties":{"psgc":"PH1307403008","brgy":"Kapasigan","city":"City of Pasig","cityPsgc":"PH1307403","cLng":121.07454,"cLat":14.56266},"geometry":{"type":"Polygon","coordinates":[[[121.07335,14.56485],[121.07731,14.56134],[121.07297,14.56178],[121.07335,14.56485]]]}},{"type":"Feature","id":"PH1307403009","properties":{"psgc":"PH1307403009","brgy":"Kapitolyo","city":"City of Pasig","cityPsgc":"PH1307403","cLng":121.06054,"cLat":14.57079},"geometry":{"type":"Polygon","coordinates":[[[121.05816,14.5773],[121.0665,14.5702],[121.06604,14.56744],[121.05524,14.56701],[121.05816,14.5773]]]}},{"type":"Feature","id":"PH1307403010","properties":{"psgc":"PH1307403010","brgy":"Malinao","city":"City of Pasig","cityPsgc":"PH1307403","cLng":121.07871,"cLat":14.55833},"geometry":{"type":"Polygon","coordinates":[[[121.07657,14.56076],[121.08429,14.5569],[121.07526,14.55734],[121.07657,14.56076]]]}},{"type":"Feature","id":"PH1307403011","properties":{"psgc":"PH1307403011","brgy":"Manggahan","city":"City of Pasig","cityPsgc":"PH1307403","cLng":121.0954,"cLat":14.60159},"geometry":{"type":"Polygon","coordinates":[[[121.10075,14.61283],[121.10944,14.59726],[121.08246,14.59259],[121.08281,14.6031],[121.08999,14.59925],[121.08721,14.60691],[121.10075,14.61283]]]}},{"type":"Feature","id":"PH1307403012","properties":{"psgc":"PH1307403012","brgy":"Maybunga","city":"City of Pasig","cityPsgc":"PH1307403","cLng":121.09092,"cLat":14.57636},"geometry":{"type":"Polygon","coordinates":[[[121.07857,14.57636],[121.09584,14.5819],[121.10176,14.57373],[121.08465,14.57238],[121.07857,14.57636]]]}},{"type":"Feature","id":"PH1307403013","properties":{"psgc":"PH1307403013","brgy":"Oranbo","city":"City of Pasig","cityPsgc":"PH1307403","cLng":121.06559,"cLat":14.57497},"geometry":{"type":"Polygon","coordinates":[[[121.06838,14.57985],[121.06823,14.57441],[121.0665,14.5702],[121.06098,14.57492],[121.06838,14.57985]]]}},{"type":"Feature","id":"PH1307403014","properties":{"psgc":"PH1307403014","brgy":"Palatiw","city":"City of Pasig","cityPsgc":"PH1307403","cLng":121.08646,"cLat":14.56213},"geometry":{"type":"Polygon","coordinates":[[[121.08413,14.55945],[121.08461,14.56411],[121.09065,14.56283],[121.08413,14.55945]]]}},{"type":"Feature","id":"PH1307403015","properties":{"psgc":"PH1307403015","brgy":"Pinagbuhatan","city":"City of Pasig","cityPsgc":"PH1307403","cLng":121.09963,"cLat":14.54992},"geometry":{"type":"Polygon","coordinates":[[[121.0873,14.56267],[121.09808,14.56237],[121.10972,14.54662],[121.10334,14.532],[121.0873,14.56267]]]}},{"type":"Feature","id":"PH1307403016","properties":{"psgc":"PH1307403016","brgy":"Pineda","city":"City of Pasig","cityPsgc":"PH1307403","cLng":121.06073,"cLat":14.56543},"geometry":{"type":"Polygon","coordinates":[[[121.0514,14.56794],[121.06604,14.56744],[121.06474,14.56091],[121.0514,14.56794]]]}},{"type":"Feature","id":"PH1307403017","properties":{"psgc":"PH1307403017","brgy":"Rosario","city":"City of Pasig","cityPsgc":"PH1307403","cLng":121.09346,"cLat":14.58983},"geometry":{"type":"Polygon","coordinates":[[[121.08246,14.59259],[121.10944,14.59726],[121.11045,14.59224],[121.09281,14.59006],[121.09431,14.5808],[121.08258,14.58264],[121.08246,14.59259]]]}},{"type":"Feature","id":"PH1307403018","properties":{"psgc":"PH1307403018","brgy":"Sagad","city":"City of Pasig","cityPsgc":"PH1307403","cLng":121.07782,"cLat":14.56476},"geometry":{"type":"Polygon","coordinates":[[[121.07594,14.56518],[121.08099,14.56526],[121.07654,14.56383],[121.07594,14.56518]]]}},{"type":"Feature","id":"PH1307403019","properties":{"psgc":"PH1307403019","brgy":"San Antonio","city":"City of Pasig","cityPsgc":"PH1307403","cLng":121.06076,"cLat":14.58125},"geometry":{"type":"Polygon","coordinates":[[[121.06164,14.59063],[121.06367,14.57831],[121.06098,14.57492],[121.05712,14.57813],[121.06164,14.59063]]]}},{"type":"Feature","id":"PH1307403020","properties":{"psgc":"PH1307403020","brgy":"San Joaquin","city":"City of Pasig","cityPsgc":"PH1307403","cLng":121.07704,"cLat":14.55047},"geometry":{"type":"Polygon","coordinates":[[[121.07006,14.55202],[121.08029,14.55247],[121.08078,14.54691],[121.07006,14.55202]]]}},{"type":"Feature","id":"PH1307403021","properties":{"psgc":"PH1307403021","brgy":"San Jose","city":"City of Pasig","cityPsgc":"PH1307403","cLng":121.07556,"cLat":14.56025},"geometry":{"type":"Polygon","coordinates":[[[121.07363,14.55923],[121.07656,14.56134],[121.07649,14.56018],[121.07363,14.55923]]]}},{"type":"Feature","id":"PH1307403022","properties":{"psgc":"PH1307403022","brgy":"San Miguel","city":"City of Pasig","cityPsgc":"PH1307403","cLng":121.09199,"cLat":14.56563},"geometry":{"type":"Polygon","coordinates":[[[121.08099,14.56526],[121.0969,14.56925],[121.09808,14.56237],[121.08099,14.56526]]]}},{"type":"Feature","id":"PH1307403023","properties":{"psgc":"PH1307403023","brgy":"San Nicolas (Pob.)","city":"City of Pasig","cityPsgc":"PH1307403","cLng":121.08214,"cLat":14.55909},"geometry":{"type":"Polygon","coordinates":[[[121.07657,14.56076],[121.08523,14.55903],[121.08463,14.55749],[121.07657,14.56076]]]}},{"type":"Feature","id":"PH1307403024","properties":{"psgc":"PH1307403024","brgy":"Santa Cruz","city":"City of Pasig","cityPsgc":"PH1307403","cLng":121.07908,"cLat":14.5629},"geometry":{"type":"Polygon","coordinates":[[[121.07828,14.56393],[121.08088,14.56188],[121.07807,14.5629],[121.07828,14.56393]]]}},{"type":"Feature","id":"PH1307403025","properties":{"psgc":"PH1307403025","brgy":"Santa Rosa","city":"City of Pasig","cityPsgc":"PH1307403","cLng":121.06841,"cLat":14.5574},"geometry":{"type":"Polygon","coordinates":[[[121.06702,14.55866],[121.07133,14.55582],[121.06687,14.55773],[121.06702,14.55866]]]}},{"type":"Feature","id":"PH1307403026","properties":{"psgc":"PH1307403026","brgy":"Santo Tomas","city":"City of Pasig","cityPsgc":"PH1307403","cLng":121.08139,"cLat":14.56234},"geometry":{"type":"Polygon","coordinates":[[[121.07828,14.56393],[121.08181,14.563],[121.08409,14.5601],[121.07828,14.56393]]]}},{"type":"Feature","id":"PH1307403027","properties":{"psgc":"PH1307403027","brgy":"Santolan","city":"City of Pasig","cityPsgc":"PH1307403","cLng":121.08693,"cLat":14.61596},"geometry":{"type":"Polygon","coordinates":[[[121.08425,14.6241],[121.0927,14.62176],[121.09168,14.60656],[121.07887,14.61377],[121.08425,14.6241]]]}},{"type":"Feature","id":"PH1307403028","properties":{"psgc":"PH1307403028","brgy":"Sumilang","city":"City of Pasig","cityPsgc":"PH1307403","cLng":121.0734,"cLat":14.55605},"geometry":{"type":"Polygon","coordinates":[[[121.07133,14.55582],[121.07519,14.55736],[121.07368,14.55497],[121.07133,14.55582]]]}},{"type":"Feature","id":"PH1307403029","properties":{"psgc":"PH1307403029","brgy":"Ugong","city":"City of Pasig","cityPsgc":"PH1307403","cLng":121.07323,"cLat":14.58285},"geometry":{"type":"Polygon","coordinates":[[[121.06178,14.59046],[121.08351,14.5879],[121.07439,14.57019],[121.06178,14.59046]]]}},{"type":"Feature","id":"PH1307403030","properties":{"psgc":"PH1307403030","brgy":"Santa Lucia","city":"City of Pasig","cityPsgc":"PH1307403","cLng":121.10206,"cLat":14.5834},"geometry":{"type":"Polygon","coordinates":[[[121.09326,14.59003],[121.10864,14.58772],[121.10835,14.57927],[121.10097,14.57482],[121.09326,14.59003]]]}},{"type":"Feature","id":"PH1307404001","properties":{"psgc":"PH1307404001","brgy":"Alicia","city":"Quezon City","cityPsgc":"PH1307404","cLng":121.02529,"cLat":14.661},"geometry":{"type":"Polygon","coordinates":[[[121.02207,14.66138],[121.02746,14.66158],[121.02634,14.66003],[121.02207,14.66138]]]}},{"type":"Feature","id":"PH1307404002","properties":{"psgc":"PH1307404002","brgy":"Amihan","city":"Quezon City","cityPsgc":"PH1307404","cLng":121.06839,"cLat":14.63149},"geometry":{"type":"Polygon","coordinates":[[[121.06577,14.63344],[121.07079,14.63104],[121.06861,14.62999],[121.06577,14.63344]]]}},{"type":"Feature","id":"PH1307404003","properties":{"psgc":"PH1307404003","brgy":"Apolonio Samson","city":"Quezon City","cityPsgc":"PH1307404","cLng":121.00921,"cLat":14.65523},"geometry":{"type":"Polygon","coordinates":[[[121.00628,14.66401],[121.01521,14.66081],[121.01084,14.64445],[121.00355,14.65193],[121.00628,14.66401]]]}},{"type":"Feature","id":"PH1307404004","properties":{"psgc":"PH1307404004","brgy":"Aurora","city":"Quezon City","cityPsgc":"PH1307404","cLng":121.00873,"cLat":14.61559},"geometry":{"type":"Polygon","coordinates":[[[121.00787,14.61825],[121.01047,14.61469],[121.00786,14.61382],[121.00787,14.61825]]]}},{"type":"Feature","id":"PH1307404005","properties":{"psgc":"PH1307404005","brgy":"Baesa","city":"Quezon City","cityPsgc":"PH1307404","cLng":121.0112,"cLat":14.66882},"geometry":{"type":"Polygon","coordinates":[[[121.01625,14.68059],[121.01547,14.66121],[121.00836,14.66156],[121.00295,14.66722],[121.01625,14.68059]]]}},{"type":"Feature","id":"PH1307404006","properties":{"psgc":"PH1307404006","brgy":"Bagbag","city":"Quezon City","cityPsgc":"PH1307404","cLng":121.03294,"cLat":14.69774},"geometry":{"type":"Polygon","coordinates":[[[121.02169,14.70395],[121.04455,14.69948],[121.04646,14.69428],[121.02443,14.69297],[121.02169,14.70395]]]}},{"type":"Feature","id":"PH1307404007","properties":{"psgc":"PH1307404007","brgy":"Bagumbuhay","city":"Quezon City","cityPsgc":"PH1307404","cLng":121.06502,"cLat":14.62401},"geometry":{"type":"Polygon","coordinates":[[[121.06257,14.62751],[121.06739,14.62251],[121.0651,14.622],[121.06257,14.62751]]]}},{"type":"Feature","id":"PH1307404008","properties":{"psgc":"PH1307404008","brgy":"Bagong Lipunan Ng Crame","city":"Quezon City","cityPsgc":"PH1307404","cLng":121.05067,"cLat":14.60986},"geometry":{"type":"Polygon","coordinates":[[[121.05202,14.61645],[121.05698,14.60665],[121.05207,14.60457],[121.04299,14.60962],[121.05202,14.61645]]]}},{"type":"Feature","id":"PH1307404009","properties":{"psgc":"PH1307404009","brgy":"Bagong Pag-asa","city":"Quezon City","cityPsgc":"PH1307404","cLng":121.03497,"cLat":14.65387},"geometry":{"type":"Polygon","coordinates":[[[121.03272,14.6659],[121.04079,14.64617],[121.03751,14.64417],[121.03007,14.65559],[121.03272,14.6659]]]}},{"type":"Feature","id":"PH1307404010","properties":{"psgc":"PH1307404010","brgy":"Bagong Silangan","city":"Quezon City","cityPsgc":"PH1307404","cLng":121.11537,"cLat":14.71108},"geometry":{"type":"Polygon","coordinates":[[[121.1187,14.72972],[121.13153,14.72414],[121.12376,14.70734],[121.11599,14.70923],[121.1201,14.69859],[121.09629,14.69304],[121.1187,14.72972]]]}},{"type":"Feature","id":"PH1307404011","properties":{"psgc":"PH1307404011","brgy":"Bagumbayan","city":"Quezon City","cityPsgc":"PH1307404","cLng":121.08221,"cLat":14.60579},"geometry":{"type":"Polygon","coordinates":[[[121.07853,14.6146],[121.08813,14.60607],[121.08999,14.59925],[121.07541,14.60281],[121.07853,14.6146]]]}},{"type":"Feature","id":"PH1307404012","properties":{"psgc":"PH1307404012","brgy":"Bahay Toro","city":"Quezon City","cityPsgc":"PH1307404","cLng":121.02952,"cLat":14.66571},"geometry":{"type":"Polygon","coordinates":[[[121.01649,14.667],[121.04349,14.67344],[121.04347,14.66517],[121.01561,14.65756],[121.01649,14.667]]]}},{"type":"Feature","id":"PH1307404013","properties":{"psgc":"PH1307404013","brgy":"Balingasa","city":"Quezon City","cityPsgc":"PH1307404","cLng":121.00249,"cLat":14.65048},"geometry":{"type":"Polygon","coordinates":[[[121.00377,14.65715],[121.00743,14.64669],[121.00542,14.64448],[120.99587,14.65063],[121.00377,14.65715]]]}},{"type":"Feature","id":"PH1307404014","properties":{"psgc":"PH1307404014","brgy":"Bayanihan","city":"Quezon City","cityPsgc":"PH1307404","cLng":121.06948,"cLat":14.61535},"geometry":{"type":"Polygon","coordinates":[[[121.07048,14.61772],[121.07063,14.61455],[121.06734,14.61379],[121.07048,14.61772]]]}},{"type":"Feature","id":"PH1307404015","properties":{"psgc":"PH1307404015","brgy":"Blue Ridge A","city":"Quezon City","cityPsgc":"PH1307404","cLng":121.07302,"cLat":14.61814},"geometry":{"type":"Polygon","coordinates":[[[121.0743,14.62369],[121.07413,14.61617],[121.07063,14.61455],[121.0743,14.62369]]]}},{"type":"Feature","id":"PH1307404016","properties":{"psgc":"PH1307404016","brgy":"Blue Ridge B","city":"Quezon City","cityPsgc":"PH1307404","cLng":121.07529,"cLat":14.6181},"geometry":{"type":"Polygon","coordinates":[[[121.07486,14.61996],[121.07771,14.61778],[121.07329,14.61655],[121.07486,14.61996]]]}},{"type":"Feature","id":"PH1307404017","properties":{"psgc":"PH1307404017","brgy":"Botocan","city":"Quezon City","cityPsgc":"PH1307404","cLng":121.06405,"cLat":14.63845},"geometry":{"type":"Polygon","coordinates":[[[121.06821,14.64145],[121.06382,14.63616],[121.06139,14.63595],[121.06175,14.63905],[121.06821,14.64145]]]}},{"type":"Feature","id":"PH1307404018","properties":{"psgc":"PH1307404018","brgy":"Bungad","city":"Quezon City","cityPsgc":"PH1307404","cLng":121.0248,"cLat":14.65058},"geometry":{"type":"Polygon","coordinates":[[[121.02923,14.65576],[121.02828,14.64787],[121.02002,14.6459],[121.02126,14.6528],[121.02923,14.65576]]]}},{"type":"Feature","id":"PH1307404019","properties":{"psgc":"PH1307404019","brgy":"Camp Aguinaldo","city":"Quezon City","cityPsgc":"PH1307404","cLng":121.06327,"cLat":14.60715},"geometry":{"type":"Polygon","coordinates":[[[121.06993,14.61436],[121.06866,14.60172],[121.05971,14.59967],[121.05504,14.61087],[121.06993,14.61436]]]}},{"type":"Feature","id":"PH1307404020","properties":{"psgc":"PH1307404020","brgy":"Central","city":"Quezon City","cityPsgc":"PH1307404","cLng":121.04906,"cLat":14.64661},"geometry":{"type":"Polygon","coordinates":[[[121.04079,14.64617],[121.05167,14.65243],[121.05472,14.64122],[121.04079,14.64617]]]}},{"type":"Feature","id":"PH1307404021","properties":{"psgc":"PH1307404021","brgy":"Claro","city":"Quezon City","cityPsgc":"PH1307404","cLng":121.06422,"cLat":14.63135},"geometry":{"type":"Polygon","coordinates":[[[121.06362,14.63254],[121.06658,14.63232],[121.06246,14.62918],[121.06362,14.63254]]]}},{"type":"Feature","id":"PH1307404022","properties":{"psgc":"PH1307404022","brgy":"Commonwealth","city":"Quezon City","cityPsgc":"PH1307404","cLng":121.08289,"cLat":14.70011},"geometry":{"type":"Polygon","coordinates":[[[121.08991,14.71191],[121.09281,14.69326],[121.06987,14.69312],[121.0743,14.70299],[121.08991,14.71191]]]}},{"type":"Feature","id":"PH1307404023","properties":{"psgc":"PH1307404023","brgy":"New Era (Constitution Hills)","city":"Quezon City","cityPsgc":"PH1307404","cLng":121.06235,"cLat":14.66391},"geometry":{"type":"Polygon","coordinates":[[[121.05342,14.66247],[121.06547,14.66546],[121.06816,14.6638],[121.05342,14.66247]]]}},{"type":"Feature","id":"PH1307404024","properties":{"psgc":"PH1307404024","brgy":"Kristong Hari","city":"Quezon City","cityPsgc":"PH1307404","cLng":121.0314,"cLat":14.62472},"geometry":{"type":"Polygon","coordinates":[[[121.02387,14.62607],[121.03943,14.62608],[121.04009,14.6246],[121.02642,14.62243],[121.02387,14.62607]]]}},{"type":"Feature","id":"PH1307404025","properties":{"psgc":"PH1307404025","brgy":"Culiat","city":"Quezon City","cityPsgc":"PH1307404","cLng":121.05534,"cLat":14.66666},"geometry":{"type":"Polygon","coordinates":[[[121.04331,14.6693],[121.06867,14.67186],[121.07057,14.66538],[121.05746,14.66765],[121.04909,14.65663],[121.04331,14.6693]]]}},{"type":"Feature","id":"PH1307404026","properties":{"psgc":"PH1307404026","brgy":"Damar","city":"Quezon City","cityPsgc":"PH1307404","cLng":121.00029,"cLat":14.64638},"geometry":{"type":"Polygon","coordinates":[[[120.99934,14.64883],[121.00361,14.64529],[120.99791,14.64501],[120.99934,14.64883]]]}},{"type":"Feature","id":"PH1307404027","properties":{"psgc":"PH1307404027","brgy":"Damayan","city":"Quezon City","cityPsgc":"PH1307404","cLng":121.01402,"cLat":14.63711},"geometry":{"type":"Polygon","coordinates":[[[121.01144,14.63726],[121.01653,14.63954],[121.0141,14.63453],[121.01144,14.63726]]]}},{"type":"Feature","id":"PH1307404028","properties":{"psgc":"PH1307404028","brgy":"Damayang Lagi","city":"Quezon City","cityPsgc":"PH1307404","cLng":121.02277,"cLat":14.6153},"geometry":{"type":"Polygon","coordinates":[[[121.02465,14.62062],[121.02919,14.61241],[121.02144,14.60919],[121.01627,14.61925],[121.02465,14.62062]]]}},{"type":"Feature","id":"PH1307404029","properties":{"psgc":"PH1307404029","brgy":"Del Monte","city":"Quezon City","cityPsgc":"PH1307404","cLng":121.0137,"cLat":14.64152},"geometry":{"type":"Polygon","coordinates":[[[121.01019,14.64414],[121.0182,14.64058],[121.0127,14.63985],[121.01019,14.64414]]]}},{"type":"Feature","id":"PH1307404030","properties":{"psgc":"PH1307404030","brgy":"Dioquino Zobel","city":"Quezon City","cityPsgc":"PH1307404","cLng":121.0645,"cLat":14.61943},"geometry":{"type":"Polygon","coordinates":[[[121.06339,14.62013],[121.06607,14.61952],[121.06405,14.61865],[121.06339,14.62013]]]}},{"type":"Feature","id":"PH1307404031","properties":{"psgc":"PH1307404031","brgy":"Doña Imelda","city":"Quezon City","cityPsgc":"PH1307404","cLng":121.01782,"cLat":14.61196},"geometry":{"type":"Polygon","coordinates":[[[121.01629,14.61913],[121.02242,14.60795],[121.01962,14.60306],[121.01669,14.61528],[121.00974,14.61405],[121.01629,14.61913]]]}},{"type":"Feature","id":"PH1307404032","properties":{"psgc":"PH1307404032","brgy":"Doña Josefa","city":"Quezon City","cityPsgc":"PH1307404","cLng":121.00651,"cLat":14.61987},"geometry":{"type":"Polygon","coordinates":[[[121.008,14.62347],[121.00982,14.61842],[121.00171,14.61773],[121.008,14.62347]]]}},{"type":"Feature","id":"PH1307404033","properties":{"psgc":"PH1307404033","brgy":"Don Manuel","city":"Quezon City","cityPsgc":"PH1307404","cLng":121.00266,"cLat":14.61623},"geometry":{"type":"Polygon","coordinates":[[[121.00171,14.61773],[121.00527,14.61386],[121.00099,14.6171],[121.00171,14.61773]]]}},{"type":"Feature","id":"PH1307404034","properties":{"psgc":"PH1307404034","brgy":"Duyan-duyan","city":"Quezon City","cityPsgc":"PH1307404","cLng":121.06833,"cLat":14.62942},"geometry":{"type":"Polygon","coordinates":[[[121.06524,14.62805],[121.06861,14.62999],[121.07115,14.63021],[121.06524,14.62805]]]}},{"type":"Feature","id":"PH1307404035","properties":{"psgc":"PH1307404035","brgy":"E. Rodriguez","city":"Quezon City","cityPsgc":"PH1307404","cLng":121.05141,"cLat":14.62498},"geometry":{"type":"Polygon","coordinates":[[[121.0469,14.62856],[121.05719,14.62486],[121.05015,14.62152],[121.0469,14.62856]]]}},{"type":"Feature","id":"PH1307404036","properties":{"psgc":"PH1307404036","brgy":"East Kamias","city":"Quezon City","cityPsgc":"PH1307404","cLng":121.05602,"cLat":14.63208},"geometry":{"type":"Polygon","coordinates":[[[121.06117,14.6351],[121.0559,14.62923],[121.05274,14.6304],[121.05209,14.63251],[121.06117,14.6351]]]}},{"type":"Feature","id":"PH1307404037","properties":{"psgc":"PH1307404037","brgy":"Escopa I","city":"Quezon City","cityPsgc":"PH1307404","cLng":121.07335,"cLat":14.62418},"geometry":{"type":"Polygon","coordinates":[[[121.07278,14.62499],[121.07397,14.624],[121.0733,14.62356],[121.07278,14.62499]]]}},{"type":"Feature","id":"PH1307404038","properties":{"psgc":"PH1307404038","brgy":"Escopa II","city":"Quezon City","cityPsgc":"PH1307404","cLng":121.07425,"cLat":14.62413},"geometry":{"type":"Polygon","coordinates":[[[121.07387,14.62502],[121.07527,14.62375],[121.0736,14.62361],[121.07387,14.62502]]]}},{"type":"Feature","id":"PH1307404039","properties":{"psgc":"PH1307404039","brgy":"Escopa III","city":"Quezon City","cityPsgc":"PH1307404","cLng":121.07368,"cLat":14.62615},"geometry":{"type":"Polygon","coordinates":[[[121.07278,14.62499],[121.0744,14.62848],[121.07388,14.62498],[121.07278,14.62499]]]}},{"type":"Feature","id":"PH1307404040","properties":{"psgc":"PH1307404040","brgy":"Escopa IV","city":"Quezon City","cityPsgc":"PH1307404","cLng":121.07414,"cLat":14.6258},"geometry":{"type":"Polygon","coordinates":[[[121.07481,14.62635],[121.07387,14.62502],[121.07372,14.62603],[121.07481,14.62635]]]}},{"type":"Feature","id":"PH1307404041","properties":{"psgc":"PH1307404041","brgy":"Fairview","city":"Quezon City","cityPsgc":"PH1307404","cLng":121.06905,"cLat":14.70256},"geometry":{"type":"Polygon","coordinates":[[[121.05848,14.70521],[121.08301,14.70971],[121.08123,14.70423],[121.06033,14.69299],[121.05848,14.70521]]]}},{"type":"Feature","id":"PH1307404042","properties":{"psgc":"PH1307404042","brgy":"N.S. Amoranto (Gintong Silahis)","city":"Quezon City","cityPsgc":"PH1307404","cLng":120.99357,"cLat":14.63237},"geometry":{"type":"Polygon","coordinates":[[[120.99345,14.63754],[120.99583,14.62996],[120.99498,14.62919],[120.99126,14.6305],[120.99345,14.63754]]]}},{"type":"Feature","id":"PH1307404043","properties":{"psgc":"PH1307404043","brgy":"Gulod","city":"Quezon City","cityPsgc":"PH1307404","cLng":121.04147,"cLat":14.71153},"geometry":{"type":"Polygon","coordinates":[[[121.04112,14.71906],[121.04708,14.71139],[121.04735,14.70519],[121.03352,14.71012],[121.04112,14.71906]]]}},{"type":"Feature","id":"PH1307404044","properties":{"psgc":"PH1307404044","brgy":"Horseshoe","city":"Quezon City","cityPsgc":"PH1307404","cLng":121.04067,"cLat":14.61152},"geometry":{"type":"Polygon","coordinates":[[[121.0375,14.61251],[121.04595,14.61235],[121.03857,14.60969],[121.0375,14.61251]]]}},{"type":"Feature","id":"PH1307404045","properties":{"psgc":"PH1307404045","brgy":"Immaculate Concepcion","city":"Quezon City","cityPsgc":"PH1307404","cLng":121.0419,"cLat":14.62209},"geometry":{"type":"Polygon","coordinates":[[[121.04508,14.62308],[121.04316,14.61878],[121.03746,14.62441],[121.04508,14.62308]]]}},{"type":"Feature","id":"PH1307404046","properties":{"psgc":"PH1307404046","brgy":"Kaligayahan","city":"Quezon City","cityPsgc":"PH1307404","cLng":121.04499,"cLat":14.73416},"geometry":{"type":"Polygon","coordinates":[[[121.0476,14.74216],[121.05337,14.72903],[121.03994,14.72668],[121.03859,14.74055],[121.0476,14.74216]]]}},{"type":"Feature","id":"PH1307404047","properties":{"psgc":"PH1307404047","brgy":"Kalusugan","city":"Quezon City","cityPsgc":"PH1307404","cLng":121.02013,"cLat":14.62191},"geometry":{"type":"Polygon","coordinates":[[[121.01771,14.62406],[121.02642,14.62243],[121.01627,14.61925],[121.01771,14.62406]]]}},{"type":"Feature","id":"PH1307404048","properties":{"psgc":"PH1307404048","brgy":"Kamuning","city":"Quezon City","cityPsgc":"PH1307404","cLng":121.03862,"cLat":14.62745},"geometry":{"type":"Polygon","coordinates":[[[121.04588,14.63073],[121.03789,14.62467],[121.03337,14.62607],[121.0337,14.62755],[121.04588,14.63073]]]}},{"type":"Feature","id":"PH1307404049","properties":{"psgc":"PH1307404049","brgy":"Katipunan","city":"Quezon City","cityPsgc":"PH1307404","cLng":121.01644,"cLat":14.6556},"geometry":{"type":"Polygon","coordinates":[[[121.01561,14.65756],[121.01867,14.65483],[121.01505,14.65442],[121.01561,14.65756]]]}},{"type":"Feature","id":"PH1307404050","properties":{"psgc":"PH1307404050","brgy":"Kaunlaran","city":"Quezon City","cityPsgc":"PH1307404","cLng":121.04256,"cLat":14.61614},"geometry":{"type":"Polygon","coordinates":[[[121.04413,14.61934],[121.04664,14.61402],[121.0369,14.61506],[121.04413,14.61934]]]}},{"type":"Feature","id":"PH1307404051","properties":{"psgc":"PH1307404051","brgy":"Krus Na Ligas","city":"Quezon City","cityPsgc":"PH1307404","cLng":121.06246,"cLat":14.64329},"geometry":{"type":"Polygon","coordinates":[[[121.06114,14.64706],[121.06449,14.64377],[121.06175,14.63905],[121.06114,14.64706]]]}},{"type":"Feature","id":"PH1307404052","properties":{"psgc":"PH1307404052","brgy":"Laging Handa","city":"Quezon City","cityPsgc":"PH1307404","cLng":121.02865,"cLat":14.63122},"geometry":{"type":"Polygon","coordinates":[[[121.02646,14.63455],[121.03395,14.62863],[121.02554,14.63048],[121.02646,14.63455]]]}},{"type":"Feature","id":"PH1307404053","properties":{"psgc":"PH1307404053","brgy":"Libis","city":"Quezon City","cityPsgc":"PH1307404","cLng":121.07595,"cLat":14.61538},"geometry":{"type":"Polygon","coordinates":[[[121.07458,14.61618],[121.07841,14.61511],[121.07485,14.61485],[121.07458,14.61618]]]}},{"type":"Feature","id":"PH1307404054","properties":{"psgc":"PH1307404054","brgy":"Lourdes","city":"Quezon City","cityPsgc":"PH1307404","cLng":121.00267,"cLat":14.6239},"geometry":{"type":"Polygon","coordinates":[[[120.99641,14.62878],[121.008,14.62347],[121.00359,14.61946],[120.99641,14.62878]]]}},{"type":"Feature","id":"PH1307404055","properties":{"psgc":"PH1307404055","brgy":"Loyola Heights","city":"Quezon City","cityPsgc":"PH1307404","cLng":121.07321,"cLat":14.6383},"geometry":{"type":"Polygon","coordinates":[[[121.07439,14.64633],[121.08331,14.64366],[121.07162,14.62819],[121.06379,14.63704],[121.07439,14.64633]]]}},{"type":"Feature","id":"PH1307404056","properties":{"psgc":"PH1307404056","brgy":"Maharlika","city":"Quezon City","cityPsgc":"PH1307404","cLng":120.99675,"cLat":14.63219},"geometry":{"type":"Polygon","coordinates":[[[120.99357,14.63721],[121.00028,14.63057],[120.99641,14.62878],[120.99357,14.63721]]]}},{"type":"Feature","id":"PH1307404057","properties":{"psgc":"PH1307404057","brgy":"Malaya","city":"Quezon City","cityPsgc":"PH1307404","cLng":121.05551,"cLat":14.63549},"geometry":{"type":"Polygon","coordinates":[[[121.05492,14.6393],[121.05723,14.634],[121.05437,14.63316],[121.05492,14.6393]]]}},{"type":"Feature","id":"PH1307404058","properties":{"psgc":"PH1307404058","brgy":"Manresa","city":"Quezon City","cityPsgc":"PH1307404","cLng":120.99924,"cLat":14.64034},"geometry":{"type":"Polygon","coordinates":[[[120.99498,14.6443],[121.00686,14.63907],[120.99589,14.63766],[120.99498,14.6443]]]}},{"type":"Feature","id":"PH1307404059","properties":{"psgc":"PH1307404059","brgy":"Mangga","city":"Quezon City","cityPsgc":"PH1307404","cLng":121.06182,"cLat":14.62472},"geometry":{"type":"Polygon","coordinates":[[[121.06045,14.62647],[121.06304,14.62452],[121.06199,14.62318],[121.06045,14.62647]]]}},{"type":"Feature","id":"PH1307404060","properties":{"psgc":"PH1307404060","brgy":"Mariana","city":"Quezon City","cityPsgc":"PH1307404","cLng":121.03216,"cLat":14.61779},"geometry":{"type":"Polygon","coordinates":[[[121.02406,14.62167],[121.04316,14.61878],[121.02926,14.61292],[121.02406,14.62167]]]}},{"type":"Feature","id":"PH1307404061","properties":{"psgc":"PH1307404061","brgy":"Mariblo","city":"Quezon City","cityPsgc":"PH1307404","cLng":121.0159,"cLat":14.63375},"geometry":{"type":"Polygon","coordinates":[[[121.01364,14.63351],[121.01897,14.63528],[121.01509,14.63246],[121.01364,14.63351]]]}},{"type":"Feature","id":"PH1307404062","properties":{"psgc":"PH1307404062","brgy":"Marilag","city":"Quezon City","cityPsgc":"PH1307404","cLng":121.07103,"cLat":14.62352},"geometry":{"type":"Polygon","coordinates":[[[121.06585,14.62617],[121.07422,14.6235],[121.07301,14.62088],[121.06585,14.62617]]]}},{"type":"Feature","id":"PH1307404063","properties":{"psgc":"PH1307404063","brgy":"Masagana","city":"Quezon City","cityPsgc":"PH1307404","cLng":121.06691,"cLat":14.61762},"geometry":{"type":"Polygon","coordinates":[[[121.0649,14.619],[121.06866,14.61907],[121.06718,14.61478],[121.0649,14.619]]]}},{"type":"Feature","id":"PH1307404064","properties":{"psgc":"PH1307404064","brgy":"Masambong","city":"Quezon City","cityPsgc":"PH1307404","cLng":121.01013,"cLat":14.64112},"geometry":{"type":"Polygon","coordinates":[[[121.00686,14.63907],[121.01084,14.64445],[121.0127,14.63985],[121.00686,14.63907]]]}},{"type":"Feature","id":"PH1307404065","properties":{"psgc":"PH1307404065","brgy":"Santo Domingo (Matalahib)","city":"Quezon City","cityPsgc":"PH1307404","cLng":121.00822,"cLat":14.62862},"geometry":{"type":"Polygon","coordinates":[[[121.00174,14.63265],[121.01491,14.62975],[121.008,14.62347],[121.00174,14.63265]]]}},{"type":"Feature","id":"PH1307404066","properties":{"psgc":"PH1307404066","brgy":"Matandang Balara","city":"Quezon City","cityPsgc":"PH1307404","cLng":121.08062,"cLat":14.67037},"geometry":{"type":"Polygon","coordinates":[[[121.06936,14.67812],[121.07827,14.67112],[121.08313,14.67783],[121.09621,14.67342],[121.09799,14.66391],[121.09266,14.66908],[121.06604,14.66235],[121.06936,14.67812]]]}},{"type":"Feature","id":"PH1307404067","properties":{"psgc":"PH1307404067","brgy":"Milagrosa","city":"Quezon City","cityPsgc":"PH1307404","cLng":121.06763,"cLat":14.62062},"geometry":{"type":"Polygon","coordinates":[[[121.06644,14.62252],[121.07135,14.61735],[121.0651,14.622],[121.06644,14.62252]]]}},{"type":"Feature","id":"PH1307404068","properties":{"psgc":"PH1307404068","brgy":"Nagkaisang Nayon","city":"Quezon City","cityPsgc":"PH1307404","cLng":121.02306,"cLat":14.71815},"geometry":{"type":"Polygon","coordinates":[[[121.02814,14.72795],[121.03417,14.71062],[121.02726,14.71822],[121.01716,14.707],[121.01443,14.71916],[121.02814,14.72795]]]}},{"type":"Feature","id":"PH1307404069","properties":{"psgc":"PH1307404069","brgy":"Nayong Kanluran","city":"Quezon City","cityPsgc":"PH1307404","cLng":121.0244,"cLat":14.63986},"geometry":{"type":"Polygon","coordinates":[[[121.02591,14.64246],[121.02596,14.63775],[121.02133,14.63937],[121.02591,14.64246]]]}},{"type":"Feature","id":"PH1307404070","properties":{"psgc":"PH1307404070","brgy":"Novaliches Proper","city":"Quezon City","cityPsgc":"PH1307404","cLng":121.03702,"cLat":14.71952},"geometry":{"type":"Polygon","coordinates":[[[121.03493,14.72469],[121.04108,14.71907],[121.03505,14.7148],[121.03493,14.72469]]]}},{"type":"Feature","id":"PH1307404071","properties":{"psgc":"PH1307404071","brgy":"Obrero","city":"Quezon City","cityPsgc":"PH1307404","cLng":121.03081,"cLat":14.6277},"geometry":{"type":"Polygon","coordinates":[[[121.0251,14.62841],[121.03395,14.62863],[121.03337,14.62607],[121.0251,14.62841]]]}},{"type":"Feature","id":"PH1307404072","properties":{"psgc":"PH1307404072","brgy":"Old Capitol Site","city":"Quezon City","cityPsgc":"PH1307404","cLng":121.05276,"cLat":14.64914},"geometry":{"type":"Polygon","coordinates":[[[121.05098,14.6488],[121.05511,14.65163],[121.05219,14.647],[121.05098,14.6488]]]}},{"type":"Feature","id":"PH1307404073","properties":{"psgc":"PH1307404073","brgy":"Paang Bundok","city":"Quezon City","cityPsgc":"PH1307404","cLng":120.99225,"cLat":14.62828},"geometry":{"type":"Polygon","coordinates":[[[120.99126,14.6305],[120.99498,14.62919],[120.9905,14.62515],[120.99126,14.6305]]]}},{"type":"Feature","id":"PH1307404074","properties":{"psgc":"PH1307404074","brgy":"Pag-ibig Sa Nayon","city":"Quezon City","cityPsgc":"PH1307404","cLng":120.99794,"cLat":14.6462},"geometry":{"type":"Polygon","coordinates":[[[120.99264,14.64416],[121.00065,14.64977],[121.00053,14.64467],[120.99264,14.64416]]]}},{"type":"Feature","id":"PH1307404075","properties":{"psgc":"PH1307404075","brgy":"Paligsahan","city":"Quezon City","cityPsgc":"PH1307404","cLng":121.02227,"cLat":14.632},"geometry":{"type":"Polygon","coordinates":[[[121.02619,14.63699],[121.0251,14.62841],[121.0157,14.63047],[121.01874,14.6326],[121.02619,14.63699]]]}},{"type":"Feature","id":"PH1307404076","properties":{"psgc":"PH1307404076","brgy":"Paltok","city":"Quezon City","cityPsgc":"PH1307404","cLng":121.02329,"cLat":14.64354},"geometry":{"type":"Polygon","coordinates":[[[121.02754,14.64806],[121.02711,14.64277],[121.01956,14.63789],[121.02002,14.6459],[121.02754,14.64806]]]}},{"type":"Feature","id":"PH1307404077","properties":{"psgc":"PH1307404077","brgy":"Pansol","city":"Quezon City","cityPsgc":"PH1307404","cLng":121.0828,"cLat":14.65632},"geometry":{"type":"Polygon","coordinates":[[[121.09282,14.66887],[121.08771,14.64482],[121.07439,14.64633],[121.07433,14.66315],[121.09282,14.66887]]]}},{"type":"Feature","id":"PH1307404078","properties":{"psgc":"PH1307404078","brgy":"Paraiso","city":"Quezon City","cityPsgc":"PH1307404","cLng":121.01798,"cLat":14.63676},"geometry":{"type":"Polygon","coordinates":[[[121.01541,14.6371],[121.01956,14.63789],[121.01897,14.63528],[121.01541,14.6371]]]}},{"type":"Feature","id":"PH1307404079","properties":{"psgc":"PH1307404079","brgy":"Pasong Putik Proper (Pasong Putik)","city":"Quezon City","cityPsgc":"PH1307404","cLng":121.09617,"cLat":14.74105},"geometry":{"type":"Polygon","coordinates":[[[121.13388,14.7777],[121.11268,14.72193],[121.08085,14.70976],[121.07091,14.71814],[121.07053,14.73655],[121.0555,14.7345],[121.05798,14.7267],[121.04872,14.71818],[121.05333,14.74212],[121.07504,14.74019],[121.08593,14.75868],[121.13388,14.7777]]]}},{"type":"Feature","id":"PH1307404080","properties":{"psgc":"PH1307404080","brgy":"Pasong Tamo","city":"Quezon City","cityPsgc":"PH1307404","cLng":121.05842,"cLat":14.68055},"geometry":{"type":"Polygon","coordinates":[[[121.06759,14.69351],[121.06867,14.67186],[121.04331,14.6693],[121.05567,14.69292],[121.06759,14.69351]]]}},{"type":"Feature","id":"PH1307404081","properties":{"psgc":"PH1307404081","brgy":"Phil-Am","city":"Quezon City","cityPsgc":"PH1307404","cLng":121.031,"cLat":14.64978},"geometry":{"type":"Polygon","coordinates":[[[121.03007,14.65559],[121.0351,14.6479],[121.02782,14.64585],[121.03007,14.65559]]]}},{"type":"Feature","id":"PH1307404082","properties":{"psgc":"PH1307404082","brgy":"Pinyahan","city":"Quezon City","cityPsgc":"PH1307404","cLng":121.04836,"cLat":14.63817},"geometry":{"type":"Polygon","coordinates":[[[121.04092,14.64597],[121.05472,14.64122],[121.05437,14.63316],[121.04588,14.63073],[121.04092,14.64597]]]}},{"type":"Feature","id":"PH1307404083","properties":{"psgc":"PH1307404083","brgy":"Pinagkaisahan","city":"Quezon City","cityPsgc":"PH1307404","cLng":121.04332,"cLat":14.62572},"geometry":{"type":"Polygon","coordinates":[[[121.04637,14.62859],[121.04508,14.62308],[121.04003,14.62469],[121.03943,14.62608],[121.04637,14.62859]]]}},{"type":"Feature","id":"PH1307404084","properties":{"psgc":"PH1307404084","brgy":"Project 6","city":"Quezon City","cityPsgc":"PH1307404","cLng":121.04043,"cLat":14.65472},"geometry":{"type":"Polygon","coordinates":[[[121.0382,14.66613],[121.04708,14.65007],[121.04079,14.64617],[121.03516,14.6545],[121.0382,14.66613]]]}},{"type":"Feature","id":"PH1307404085","properties":{"psgc":"PH1307404085","brgy":"Quirino 2-A","city":"Quezon City","cityPsgc":"PH1307404","cLng":121.05909,"cLat":14.63041},"geometry":{"type":"Polygon","coordinates":[[[121.05943,14.63307],[121.06193,14.62893],[121.0559,14.62923],[121.05943,14.63307]]]}},{"type":"Feature","id":"PH1307404086","properties":{"psgc":"PH1307404086","brgy":"Quirino 2-B","city":"Quezon City","cityPsgc":"PH1307404","cLng":121.06182,"cLat":14.63148},"geometry":{"type":"Polygon","coordinates":[[[121.05943,14.63307],[121.06379,14.63205],[121.06224,14.62933],[121.05943,14.63307]]]}},{"type":"Feature","id":"PH1307404087","properties":{"psgc":"PH1307404087","brgy":"Quirino 2-C","city":"Quezon City","cityPsgc":"PH1307404","cLng":121.06292,"cLat":14.63467},"geometry":{"type":"Polygon","coordinates":[[[121.06113,14.6351],[121.06393,14.63628],[121.0637,14.63264],[121.06113,14.6351]]]}},{"type":"Feature","id":"PH1307404088","properties":{"psgc":"PH1307404088","brgy":"Quirino 3-A","city":"Quezon City","cityPsgc":"PH1307404","cLng":121.06418,"cLat":14.62837},"geometry":{"type":"Polygon","coordinates":[[[121.06257,14.62751],[121.06472,14.62954],[121.06524,14.62805],[121.06257,14.62751]]]}},{"type":"Feature","id":"PH1307404089","properties":{"psgc":"PH1307404089","brgy":"Ramon Magsaysay","city":"Quezon City","cityPsgc":"PH1307404","cLng":121.02413,"cLat":14.65855},"geometry":{"type":"Polygon","coordinates":[[[121.0189,14.65761],[121.02746,14.66158],[121.02603,14.65646],[121.0189,14.65761]]]}},{"type":"Feature","id":"PH1307404090","properties":{"psgc":"PH1307404090","brgy":"Roxas","city":"Quezon City","cityPsgc":"PH1307404","cLng":121.02256,"cLat":14.62756},"geometry":{"type":"Polygon","coordinates":[[[121.01675,14.63026],[121.02917,14.62753],[121.02933,14.62669],[121.02006,14.62538],[121.01675,14.63026]]]}},{"type":"Feature","id":"PH1307404091","properties":{"psgc":"PH1307404091","brgy":"Sacred Heart","city":"Quezon City","cityPsgc":"PH1307404","cLng":121.04147,"cLat":14.63044},"geometry":{"type":"Polygon","coordinates":[[[121.0337,14.62755],[121.04496,14.63274],[121.04574,14.63104],[121.0337,14.62755]]]}},{"type":"Feature","id":"PH1307404092","properties":{"psgc":"PH1307404092","brgy":"Saint Ignatius","city":"Quezon City","cityPsgc":"PH1307404","cLng":121.07209,"cLat":14.61193},"geometry":{"type":"Polygon","coordinates":[[[121.06991,14.61444],[121.07578,14.61069],[121.07058,14.61067],[121.06991,14.61444]]]}},{"type":"Feature","id":"PH1307404093","properties":{"psgc":"PH1307404093","brgy":"Saint Peter","city":"Quezon City","cityPsgc":"PH1307404","cLng":120.9998,"cLat":14.63327},"geometry":{"type":"Polygon","coordinates":[[[120.99682,14.63778],[121.00231,14.63145],[121.00028,14.63057],[120.99682,14.63778]]]}},{"type":"Feature","id":"PH1307404094","properties":{"psgc":"PH1307404094","brgy":"Salvacion","city":"Quezon City","cityPsgc":"PH1307404","cLng":120.99298,"cLat":14.62619},"geometry":{"type":"Polygon","coordinates":[[[120.99583,14.62996],[120.99262,14.62347],[120.9905,14.62515],[120.99583,14.62996]]]}},{"type":"Feature","id":"PH1307404095","properties":{"psgc":"PH1307404095","brgy":"San Agustin","city":"Quezon City","cityPsgc":"PH1307404","cLng":121.03482,"cLat":14.72958},"geometry":{"type":"Polygon","coordinates":[[[121.03943,14.73576],[121.03962,14.72676],[121.0343,14.72179],[121.02779,14.73265],[121.03943,14.73576]]]}},{"type":"Feature","id":"PH1307404096","properties":{"psgc":"PH1307404096","brgy":"San Antonio","city":"Quezon City","cityPsgc":"PH1307404","cLng":121.01565,"cLat":14.64853},"geometry":{"type":"Polygon","coordinates":[[[121.01461,14.65404],[121.02002,14.6459],[121.01232,14.64564],[121.01461,14.65404]]]}},{"type":"Feature","id":"PH1307404097","properties":{"psgc":"PH1307404097","brgy":"San Bartolome","city":"Quezon City","cityPsgc":"PH1307404","cLng":121.03187,"cLat":14.70686},"geometry":{"type":"Polygon","coordinates":[[[121.02533,14.71688],[121.04547,14.70525],[121.04829,14.70003],[121.01805,14.7034],[121.02533,14.71688]]]}},{"type":"Feature","id":"PH1307404098","properties":{"psgc":"PH1307404098","brgy":"San Isidro","city":"Quezon City","cityPsgc":"PH1307404","cLng":121.00852,"cLat":14.61247},"geometry":{"type":"Polygon","coordinates":[[[121.00527,14.61386],[121.011,14.61289],[121.0093,14.61067],[121.00527,14.61386]]]}},{"type":"Feature","id":"PH1307404099","properties":{"psgc":"PH1307404099","brgy":"San Isidro Labrador","city":"Quezon City","cityPsgc":"PH1307404","cLng":120.99527,"cLat":14.62391},"geometry":{"type":"Polygon","coordinates":[[[120.99703,14.62749],[120.99616,14.62077],[120.99262,14.62347],[120.99703,14.62749]]]}},{"type":"Feature","id":"PH1307404100","properties":{"psgc":"PH1307404100","brgy":"San Jose","city":"Quezon City","cityPsgc":"PH1307404","cLng":120.99395,"cLat":14.64005},"geometry":{"type":"Polygon","coordinates":[[[120.995,14.64402],[120.99589,14.63766],[120.99357,14.63721],[120.99127,14.6399],[120.995,14.64402]]]}},{"type":"Feature","id":"PH1307404101","properties":{"psgc":"PH1307404101","brgy":"San Martin de Porres","city":"Quezon City","cityPsgc":"PH1307404","cLng":121.04977,"cLat":14.61729},"geometry":{"type":"Polygon","coordinates":[[[121.04883,14.62096],[121.05248,14.61642],[121.04801,14.61448],[121.04883,14.62096]]]}},{"type":"Feature","id":"PH1307404102","properties":{"psgc":"PH1307404102","brgy":"San Roque","city":"Quezon City","cityPsgc":"PH1307404","cLng":121.0635,"cLat":14.61728},"geometry":{"type":"Polygon","coordinates":[[[121.06057,14.62619],[121.06405,14.61865],[121.06734,14.61379],[121.06276,14.6127],[121.06057,14.62619]]]}},{"type":"Feature","id":"PH1307404103","properties":{"psgc":"PH1307404103","brgy":"San Vicente","city":"Quezon City","cityPsgc":"PH1307404","cLng":121.0564,"cLat":14.65294},"geometry":{"type":"Polygon","coordinates":[[[121.05265,14.6535],[121.05797,14.65416],[121.05857,14.65115],[121.05265,14.6535]]]}},{"type":"Feature","id":"PH1307404104","properties":{"psgc":"PH1307404104","brgy":"Santa Cruz","city":"Quezon City","cityPsgc":"PH1307404","cLng":121.0187,"cLat":14.63311},"geometry":{"type":"Polygon","coordinates":[[[121.01509,14.63246],[121.0261,14.63713],[121.01491,14.62975],[121.01509,14.63246]]]}},{"type":"Feature","id":"PH1307404105","properties":{"psgc":"PH1307404105","brgy":"Santa Lucia","city":"Quezon City","cityPsgc":"PH1307404","cLng":121.05047,"cLat":14.70547},"geometry":{"type":"Polygon","coordinates":[[[121.04601,14.70986],[121.05709,14.70452],[121.04832,14.70204],[121.04601,14.70986]]]}},{"type":"Feature","id":"PH1307404106","properties":{"psgc":"PH1307404106","brgy":"Santa Monica","city":"Quezon City","cityPsgc":"PH1307404","cLng":121.04705,"cLat":14.71865},"geometry":{"type":"Polygon","coordinates":[[[121.04167,14.72825],[121.04966,14.72671],[121.05337,14.70866],[121.04302,14.71239],[121.04167,14.72825]]]}},{"type":"Feature","id":"PH1307404107","properties":{"psgc":"PH1307404107","brgy":"Santa Teresita","city":"Quezon City","cityPsgc":"PH1307404","cLng":120.99946,"cLat":14.62075},"geometry":{"type":"Polygon","coordinates":[[[121.00124,14.62437],[121.00099,14.6171],[120.99616,14.62077],[121.00124,14.62437]]]}},{"type":"Feature","id":"PH1307404108","properties":{"psgc":"PH1307404108","brgy":"Santo Cristo","city":"Quezon City","cityPsgc":"PH1307404","cLng":121.02892,"cLat":14.66037},"geometry":{"type":"Polygon","coordinates":[[[121.03235,14.66557],[121.03007,14.65559],[121.02603,14.65646],[121.02648,14.66302],[121.03235,14.66557]]]}},{"type":"Feature","id":"PH1307404109","properties":{"psgc":"PH1307404109","brgy":"Santo Niño","city":"Quezon City","cityPsgc":"PH1307404","cLng":121.01233,"cLat":14.60894},"geometry":{"type":"Polygon","coordinates":[[[121.0093,14.61067],[121.01369,14.60899],[121.01399,14.60715],[121.0093,14.61067]]]}},{"type":"Feature","id":"PH1307404110","properties":{"psgc":"PH1307404110","brgy":"Santol","city":"Quezon City","cityPsgc":"PH1307404","cLng":121.01609,"cLat":14.60819},"geometry":{"type":"Polygon","coordinates":[[[121.01207,14.61455],[121.01871,14.6056],[121.0175,14.60442],[121.01207,14.61455]]]}},{"type":"Feature","id":"PH1307404111","properties":{"psgc":"PH1307404111","brgy":"Sauyo","city":"Quezon City","cityPsgc":"PH1307404","cLng":121.04669,"cLat":14.69495},"geometry":{"type":"Polygon","coordinates":[[[121.05842,14.70585],[121.06033,14.69299],[121.04618,14.69292],[121.03199,14.68211],[121.03294,14.69282],[121.05842,14.70585]]]}},{"type":"Feature","id":"PH1307404112","properties":{"psgc":"PH1307404112","brgy":"Sienna","city":"Quezon City","cityPsgc":"PH1307404","cLng":121.00382,"cLat":14.63561},"geometry":{"type":"Polygon","coordinates":[[[121.00095,14.63832],[121.00877,14.63586],[121.00174,14.63265],[121.00095,14.63832]]]}},{"type":"Feature","id":"PH1307404113","properties":{"psgc":"PH1307404113","brgy":"Sikatuna Village","city":"Quezon City","cityPsgc":"PH1307404","cLng":121.05927,"cLat":14.63791},"geometry":{"type":"Polygon","coordinates":[[[121.06151,14.64248],[121.06159,14.63527],[121.05723,14.634],[121.05641,14.63935],[121.06151,14.64248]]]}},{"type":"Feature","id":"PH1307404114","properties":{"psgc":"PH1307404114","brgy":"Silangan","city":"Quezon City","cityPsgc":"PH1307404","cLng":121.0583,"cLat":14.62713},"geometry":{"type":"Polygon","coordinates":[[[121.05515,14.62901],[121.06257,14.62751],[121.05719,14.62486],[121.05515,14.62901]]]}},{"type":"Feature","id":"PH1307404115","properties":{"psgc":"PH1307404115","brgy":"Socorro","city":"Quezon City","cityPsgc":"PH1307404","cLng":121.0564,"cLat":14.61737},"geometry":{"type":"Polygon","coordinates":[[[121.05744,14.62433],[121.06276,14.6127],[121.05504,14.61087],[121.05015,14.62152],[121.05744,14.62433]]]}},{"type":"Feature","id":"PH1307404116","properties":{"psgc":"PH1307404116","brgy":"South Triangle","city":"Quezon City","cityPsgc":"PH1307404","cLng":121.03619,"cLat":14.63801},"geometry":{"type":"Polygon","coordinates":[[[121.03751,14.64417],[121.04496,14.63274],[121.0261,14.63713],[121.03751,14.64417]]]}},{"type":"Feature","id":"PH1307404117","properties":{"psgc":"PH1307404117","brgy":"Tagumpay","city":"Quezon City","cityPsgc":"PH1307404","cLng":121.06375,"cLat":14.62155},"geometry":{"type":"Polygon","coordinates":[[[121.06199,14.62318],[121.06586,14.62134],[121.06339,14.62013],[121.06199,14.62318]]]}},{"type":"Feature","id":"PH1307404118","properties":{"psgc":"PH1307404118","brgy":"Talayan","city":"Quezon City","cityPsgc":"PH1307404","cLng":121.01138,"cLat":14.63348},"geometry":{"type":"Polygon","coordinates":[[[121.00686,14.63907],[121.01544,14.63149],[121.01183,14.62989],[121.00686,14.63907]]]}},{"type":"Feature","id":"PH1307404119","properties":{"psgc":"PH1307404119","brgy":"Talipapa","city":"Quezon City","cityPsgc":"PH1307404","cLng":121.02466,"cLat":14.68496},"geometry":{"type":"Polygon","coordinates":[[[121.02514,14.69294],[121.03199,14.68211],[121.01537,14.68062],[121.02265,14.68714],[121.02514,14.69294]]]}},{"type":"Feature","id":"PH1307404120","properties":{"psgc":"PH1307404120","brgy":"Tandang Sora","city":"Quezon City","cityPsgc":"PH1307404","cLng":121.04194,"cLat":14.68157},"geometry":{"type":"Polygon","coordinates":[[[121.05018,14.69294],[121.05565,14.68818],[121.04349,14.67344],[121.02385,14.67484],[121.05018,14.69294]]]}},{"type":"Feature","id":"PH1307404121","properties":{"psgc":"PH1307404121","brgy":"Tatalon","city":"Quezon City","cityPsgc":"PH1307404","cLng":121.01345,"cLat":14.62417},"geometry":{"type":"Polygon","coordinates":[[[121.015,14.62955],[121.02,14.62516],[121.00982,14.61842],[121.008,14.62347],[121.015,14.62955]]]}},{"type":"Feature","id":"PH1307404122","properties":{"psgc":"PH1307404122","brgy":"Teachers Village East","city":"Quezon City","cityPsgc":"PH1307404","cLng":121.05977,"cLat":14.64295},"geometry":{"type":"Polygon","coordinates":[[[121.05818,14.64095],[121.06115,14.64682],[121.05999,14.64108],[121.05818,14.64095]]]}},{"type":"Feature","id":"PH1307404123","properties":{"psgc":"PH1307404123","brgy":"Teachers Village West","city":"Quezon City","cityPsgc":"PH1307404","cLng":121.05658,"cLat":14.64159},"geometry":{"type":"Polygon","coordinates":[[[121.05492,14.6393],[121.05725,14.64611],[121.05757,14.63936],[121.05492,14.6393]]]}},{"type":"Feature","id":"PH1307404124","properties":{"psgc":"PH1307404124","brgy":"U.P. Campus","city":"Quezon City","cityPsgc":"PH1307404","cLng":121.06543,"cLat":14.65462},"geometry":{"type":"Polygon","coordinates":[[[121.07374,14.66348],[121.07618,14.64947],[121.06245,14.6391],[121.06466,14.64764],[121.0482,14.66098],[121.07374,14.66348]]]}},{"type":"Feature","id":"PH1307404125","properties":{"psgc":"PH1307404125","brgy":"U.P. Village","city":"Quezon City","cityPsgc":"PH1307404","cLng":121.05741,"cLat":14.64796},"geometry":{"type":"Polygon","coordinates":[[[121.05402,14.64565],[121.05842,14.65137],[121.05979,14.64685],[121.05402,14.64565]]]}},{"type":"Feature","id":"PH1307404126","properties":{"psgc":"PH1307404126","brgy":"Ugong Norte","city":"Quezon City","cityPsgc":"PH1307404","cLng":121.07019,"cLat":14.59544},"geometry":{"type":"Polygon","coordinates":[[[121.07868,14.60299],[121.08304,14.59023],[121.05729,14.58962],[121.05965,14.59986],[121.07868,14.60299]]]}},{"type":"Feature","id":"PH1307404127","properties":{"psgc":"PH1307404127","brgy":"Unang Sigaw","city":"Quezon City","cityPsgc":"PH1307404","cLng":121.00224,"cLat":14.65797},"geometry":{"type":"Polygon","coordinates":[[[120.99898,14.65732],[121.00395,14.65918],[121.00378,14.6574],[120.99898,14.65732]]]}},{"type":"Feature","id":"PH1307404128","properties":{"psgc":"PH1307404128","brgy":"Valencia","city":"Quezon City","cityPsgc":"PH1307404","cLng":121.03701,"cLat":14.60925},"geometry":{"type":"Polygon","coordinates":[[[121.03117,14.61218],[121.04214,14.60927],[121.03773,14.60629],[121.03117,14.61218]]]}},{"type":"Feature","id":"PH1307404129","properties":{"psgc":"PH1307404129","brgy":"Vasra","city":"Quezon City","cityPsgc":"PH1307404","cLng":121.04623,"cLat":14.65662},"geometry":{"type":"Polygon","coordinates":[[[121.04362,14.66514],[121.04598,14.6597],[121.05265,14.6535],[121.04308,14.65277],[121.04362,14.66514]]]}},{"type":"Feature","id":"PH1307404130","properties":{"psgc":"PH1307404130","brgy":"Veterans Village","city":"Quezon City","cityPsgc":"PH1307404","cLng":121.02512,"cLat":14.6538},"geometry":{"type":"Polygon","coordinates":[[[121.01867,14.65483],[121.02893,14.65582],[121.02776,14.65074],[121.01867,14.65483]]]}},{"type":"Feature","id":"PH1307404131","properties":{"psgc":"PH1307404131","brgy":"Villa Maria Clara","city":"Quezon City","cityPsgc":"PH1307404","cLng":121.06806,"cLat":14.61535},"geometry":{"type":"Polygon","coordinates":[[[121.06742,14.6159],[121.06958,14.61538],[121.06718,14.61478],[121.06742,14.6159]]]}},{"type":"Feature","id":"PH1307404132","properties":{"psgc":"PH1307404132","brgy":"West Kamias","city":"Quezon City","cityPsgc":"PH1307404","cLng":121.04882,"cLat":14.63054},"geometry":{"type":"Polygon","coordinates":[[[121.05209,14.63251],[121.0485,14.62838],[121.04588,14.63073],[121.05209,14.63251]]]}},{"type":"Feature","id":"PH1307404133","properties":{"psgc":"PH1307404133","brgy":"West Triangle","city":"Quezon City","cityPsgc":"PH1307404","cLng":121.03048,"cLat":14.64238},"geometry":{"type":"Polygon","coordinates":[[[121.02782,14.64585],[121.03751,14.64417],[121.0261,14.63713],[121.02782,14.64585]]]}},{"type":"Feature","id":"PH1307404134","properties":{"psgc":"PH1307404134","brgy":"White Plains","city":"Quezon City","cityPsgc":"PH1307404","cLng":121.0715,"cLat":14.60496},"geometry":{"type":"Polygon","coordinates":[[[121.07058,14.61067],[121.07521,14.60235],[121.06872,14.60187],[121.07058,14.61067]]]}},{"type":"Feature","id":"PH1307404135","properties":{"psgc":"PH1307404135","brgy":"Balong Bato","city":"Quezon City","cityPsgc":"PH1307404","cLng":121.0034,"cLat":14.66237},"geometry":{"type":"Polygon","coordinates":[[[121.00031,14.66339],[121.00593,14.66455],[121.00395,14.65918],[121.00031,14.66339]]]}},{"type":"Feature","id":"PH1307404136","properties":{"psgc":"PH1307404136","brgy":"Capri","city":"Quezon City","cityPsgc":"PH1307404","cLng":121.02863,"cLat":14.71601},"geometry":{"type":"Polygon","coordinates":[[[121.02628,14.71655],[121.03026,14.71678],[121.02936,14.7147],[121.02628,14.71655]]]}},{"type":"Feature","id":"PH1307404137","properties":{"psgc":"PH1307404137","brgy":"Sangandaan","city":"Quezon City","cityPsgc":"PH1307404","cLng":121.01946,"cLat":14.67371},"geometry":{"type":"Polygon","coordinates":[[[121.01689,14.68051],[121.02538,14.67365],[121.01752,14.66773],[121.01602,14.66858],[121.01689,14.68051]]]}},{"type":"Feature","id":"PH1307404138","properties":{"psgc":"PH1307404138","brgy":"Payatas","city":"Quezon City","cityPsgc":"PH1307404","cLng":121.10027,"cLat":14.71118},"geometry":{"type":"Polygon","coordinates":[[[121.10557,14.72347],[121.11176,14.71443],[121.09535,14.69587],[121.09027,14.714],[121.10557,14.72347]]]}},{"type":"Feature","id":"PH1307404139","properties":{"psgc":"PH1307404139","brgy":"Batasan Hills","city":"Quezon City","cityPsgc":"PH1307404","cLng":121.09726,"cLat":14.68361},"geometry":{"type":"Polygon","coordinates":[[[121.09479,14.69641],[121.11134,14.69275],[121.09912,14.66879],[121.08313,14.67783],[121.09479,14.69641]]]}},{"type":"Feature","id":"PH1307404140","properties":{"psgc":"PH1307404140","brgy":"Holy Spirit","city":"Quezon City","cityPsgc":"PH1307404","cLng":121.0767,"cLat":14.68331},"geometry":{"type":"Polygon","coordinates":[[[121.06955,14.69307],[121.08726,14.68868],[121.07827,14.67112],[121.06933,14.67812],[121.06955,14.69307]]]}},{"type":"Feature","id":"PH1307404141","properties":{"psgc":"PH1307404141","brgy":"Greater Lagro","city":"Quezon City","cityPsgc":"PH1307404","cLng":121.0635,"cLat":14.72441},"geometry":{"type":"Polygon","coordinates":[[[121.07065,14.73652],[121.07091,14.71814],[121.07965,14.71083],[121.06732,14.7105],[121.06408,14.72399],[121.04872,14.71532],[121.0555,14.7345],[121.07065,14.73652]]]}},{"type":"Feature","id":"PH1307404142","properties":{"psgc":"PH1307404142","brgy":"North Fairview","city":"Quezon City","cityPsgc":"PH1307404","cLng":121.06081,"cLat":14.71262},"geometry":{"type":"Polygon","coordinates":[[[121.06409,14.7237],[121.06664,14.70612],[121.0573,14.70529],[121.05338,14.71264],[121.06409,14.7237]]]}},{"type":"Feature","id":"PH1307405001","properties":{"psgc":"PH1307405001","brgy":"Addition Hills","city":"City of San Juan","cityPsgc":"PH1307405","cLng":121.03685,"cLat":14.59291},"geometry":{"type":"Polygon","coordinates":[[[121.03706,14.594],[121.04159,14.59211],[121.0319,14.59261],[121.03706,14.594]]]}},{"type":"Feature","id":"PH1307405002","properties":{"psgc":"PH1307405002","brgy":"Balong-Bato","city":"City of San Juan","cityPsgc":"PH1307405","cLng":121.02498,"cLat":14.60839},"geometry":{"type":"Polygon","coordinates":[[[121.02229,14.6091],[121.02966,14.60952],[121.02298,14.60656],[121.02229,14.6091]]]}},{"type":"Feature","id":"PH1307405003","properties":{"psgc":"PH1307405003","brgy":"Batis","city":"City of San Juan","cityPsgc":"PH1307405","cLng":121.02501,"cLat":14.59857},"geometry":{"type":"Polygon","coordinates":[[[121.02029,14.6016],[121.02898,14.59851],[121.02575,14.59559],[121.02029,14.6016]]]}},{"type":"Feature","id":"PH1307405004","properties":{"psgc":"PH1307405004","brgy":"Corazon de Jesus","city":"City of San Juan","cityPsgc":"PH1307405","cLng":121.03173,"cLat":14.60598},"geometry":{"type":"Polygon","coordinates":[[[121.03012,14.6096],[121.03512,14.60554],[121.03725,14.60588],[121.02936,14.60311],[121.03012,14.6096]]]}},{"type":"Feature","id":"PH1307405005","properties":{"psgc":"PH1307405005","brgy":"Ermitaño","city":"City of San Juan","cityPsgc":"PH1307405","cLng":121.03008,"cLat":14.61059},"geometry":{"type":"Polygon","coordinates":[[[121.0279,14.61141],[121.03268,14.61083],[121.02966,14.60952],[121.0279,14.61141]]]}},{"type":"Feature","id":"PH1307405006","properties":{"psgc":"PH1307405006","brgy":"Halo-halo (St. Joseph)","city":"City of San Juan","cityPsgc":"PH1307405","cLng":121.03211,"cLat":14.60295},"geometry":{"type":"Polygon","coordinates":[[[121.03145,14.6039],[121.03355,14.6028],[121.03133,14.60216],[121.03145,14.6039]]]}},{"type":"Feature","id":"PH1307405007","properties":{"psgc":"PH1307405007","brgy":"Isabelita","city":"City of San Juan","cityPsgc":"PH1307405","cLng":121.0307,"cLat":14.60249},"geometry":{"type":"Polygon","coordinates":[[[121.03051,14.6038],[121.0315,14.60172],[121.03008,14.60194],[121.03051,14.6038]]]}},{"type":"Feature","id":"PH1307405008","properties":{"psgc":"PH1307405008","brgy":"Kabayanan","city":"City of San Juan","cityPsgc":"PH1307405","cLng":121.02825,"cLat":14.59601},"geometry":{"type":"Polygon","coordinates":[[[121.02898,14.59851],[121.02973,14.59471],[121.02604,14.5948],[121.02898,14.59851]]]}},{"type":"Feature","id":"PH1307405009","properties":{"psgc":"PH1307405009","brgy":"Little Baguio","city":"City of San Juan","cityPsgc":"PH1307405","cLng":121.03746,"cLat":14.60061},"geometry":{"type":"Polygon","coordinates":[[[121.0326,14.6044],[121.04193,14.60031],[121.03784,14.59713],[121.0326,14.6044]]]}},{"type":"Feature","id":"PH1307405010","properties":{"psgc":"PH1307405010","brgy":"Maytunas","city":"City of San Juan","cityPsgc":"PH1307405","cLng":121.03211,"cLat":14.59467},"geometry":{"type":"Polygon","coordinates":[[[121.03078,14.59591],[121.03582,14.59339],[121.02973,14.59471],[121.03078,14.59591]]]}},{"type":"Feature","id":"PH1307405011","properties":{"psgc":"PH1307405011","brgy":"Onse","city":"City of San Juan","cityPsgc":"PH1307405","cLng":121.03164,"cLat":14.60036},"geometry":{"type":"Polygon","coordinates":[[[121.03008,14.60194],[121.0335,14.6001],[121.03134,14.59904],[121.03008,14.60194]]]}},{"type":"Feature","id":"PH1307405012","properties":{"psgc":"PH1307405012","brgy":"Pasadeña","city":"City of San Juan","cityPsgc":"PH1307405","cLng":121.03485,"cLat":14.60816},"geometry":{"type":"Polygon","coordinates":[[[121.02996,14.60973],[121.03687,14.60845],[121.03773,14.60629],[121.02996,14.60973]]]}},{"type":"Feature","id":"PH1307405013","properties":{"psgc":"PH1307405013","brgy":"Pedro Cruz","city":"City of San Juan","cityPsgc":"PH1307405","cLng":121.02504,"cLat":14.60498},"geometry":{"type":"Polygon","coordinates":[[[121.02368,14.60615],[121.02885,14.60403],[121.02259,14.60476],[121.02368,14.60615]]]}},{"type":"Feature","id":"PH1307405014","properties":{"psgc":"PH1307405014","brgy":"Progreso","city":"City of San Juan","cityPsgc":"PH1307405","cLng":121.02059,"cLat":14.6029},"geometry":{"type":"Polygon","coordinates":[[[121.01965,14.60333],[121.02185,14.60377],[121.02029,14.6016],[121.01965,14.60333]]]}},{"type":"Feature","id":"PH1307405015","properties":{"psgc":"PH1307405015","brgy":"Rivera","city":"City of San Juan","cityPsgc":"PH1307405","cLng":121.02197,"cLat":14.60499},"geometry":{"type":"Polygon","coordinates":[[[121.02054,14.60515],[121.02354,14.60606],[121.02185,14.60377],[121.02054,14.60515]]]}},{"type":"Feature","id":"PH1307405016","properties":{"psgc":"PH1307405016","brgy":"Salapan","city":"City of San Juan","cityPsgc":"PH1307405","cLng":121.02381,"cLat":14.60988},"geometry":{"type":"Polygon","coordinates":[[[121.02151,14.60973],[121.02798,14.61115],[121.02193,14.60875],[121.02151,14.60973]]]}},{"type":"Feature","id":"PH1307405017","properties":{"psgc":"PH1307405017","brgy":"San Perfecto","city":"City of San Juan","cityPsgc":"PH1307405","cLng":121.02303,"cLat":14.60335},"geometry":{"type":"Polygon","coordinates":[[[121.02259,14.60476],[121.02603,14.60341],[121.02046,14.60187],[121.02259,14.60476]]]}},{"type":"Feature","id":"PH1307405018","properties":{"psgc":"PH1307405018","brgy":"Santa Lucia","city":"City of San Juan","cityPsgc":"PH1307405","cLng":121.03389,"cLat":14.59798},"geometry":{"type":"Polygon","coordinates":[[[121.03275,14.60124],[121.03784,14.59713],[121.03107,14.59557],[121.03275,14.60124]]]}},{"type":"Feature","id":"PH1307405019","properties":{"psgc":"PH1307405019","brgy":"Tibagan","city":"City of San Juan","cityPsgc":"PH1307405","cLng":121.02914,"cLat":14.60019},"geometry":{"type":"Polygon","coordinates":[[[121.02613,14.60332],[121.03134,14.59904],[121.02994,14.59821],[121.02613,14.60332]]]}},{"type":"Feature","id":"PH1307405020","properties":{"psgc":"PH1307405020","brgy":"West Crame","city":"City of San Juan","cityPsgc":"PH1307405","cLng":121.04857,"cLat":14.60737},"geometry":{"type":"Polygon","coordinates":[[[121.05003,14.60966],[121.05001,14.60381],[121.04567,14.60864],[121.05003,14.60966]]]}},{"type":"Feature","id":"PH1307405021","properties":{"psgc":"PH1307405021","brgy":"Greenhills","city":"City of San Juan","cityPsgc":"PH1307405","cLng":121.04789,"cLat":14.60178},"geometry":{"type":"Polygon","coordinates":[[[121.03773,14.60629],[121.05698,14.60665],[121.05924,14.60164],[121.04264,14.59376],[121.03773,14.60629]]]}},{"type":"Feature","id":"PH1307501001","properties":{"psgc":"PH1307501001","brgy":"Barangay 1","city":"Caloocan City","cityPsgc":"PH1307501","cLng":120.97308,"cLat":14.65849},"geometry":{"type":"Polygon","coordinates":[[[120.97263,14.66039],[120.97384,14.6575],[120.97278,14.65759],[120.97263,14.66039]]]}},{"type":"Feature","id":"PH1307501002","properties":{"psgc":"PH1307501002","brgy":"Barangay 2","city":"Caloocan City","cityPsgc":"PH1307501","cLng":120.97168,"cLat":14.66037},"geometry":{"type":"Polygon","coordinates":[[[120.97071,14.66093],[120.97358,14.66044],[120.97073,14.65973],[120.97071,14.66093]]]}},{"type":"Feature","id":"PH1307501003","properties":{"psgc":"PH1307501003","brgy":"Barangay 3","city":"Caloocan City","cityPsgc":"PH1307501","cLng":120.97206,"cLat":14.65906},"geometry":{"type":"Polygon","coordinates":[[[120.97267,14.65987],[120.97278,14.65759],[120.97073,14.65973],[120.97267,14.65987]]]}},{"type":"Feature","id":"PH1307501004","properties":{"psgc":"PH1307501004","brgy":"Barangay 4","city":"Caloocan City","cityPsgc":"PH1307501","cLng":120.96871,"cLat":14.65879},"geometry":{"type":"Polygon","coordinates":[[[120.96707,14.65989],[120.97134,14.65794],[120.96773,14.65853],[120.96707,14.65989]]]}},{"type":"Feature","id":"PH1307501005","properties":{"psgc":"PH1307501005","brgy":"Barangay 5","city":"Caloocan City","cityPsgc":"PH1307501","cLng":120.97328,"cLat":14.65605},"geometry":{"type":"Polygon","coordinates":[[[120.97185,14.65519],[120.97384,14.6575],[120.97415,14.65546],[120.97185,14.65519]]]}},{"type":"Feature","id":"PH1307501006","properties":{"psgc":"PH1307501006","brgy":"Barangay 6","city":"Caloocan City","cityPsgc":"PH1307501","cLng":120.97081,"cLat":14.65715},"geometry":{"type":"Polygon","coordinates":[[[120.96947,14.65691],[120.97134,14.65794],[120.97161,14.6566],[120.96947,14.65691]]]}},{"type":"Feature","id":"PH1307501007","properties":{"psgc":"PH1307501007","brgy":"Barangay 7","city":"Caloocan City","cityPsgc":"PH1307501","cLng":120.97026,"cLat":14.65572},"geometry":{"type":"Polygon","coordinates":[[[120.96947,14.65691],[120.97183,14.65531],[120.96947,14.65493],[120.96947,14.65691]]]}},{"type":"Feature","id":"PH1307501008","properties":{"psgc":"PH1307501008","brgy":"Barangay 8","city":"Caloocan City","cityPsgc":"PH1307501","cLng":120.96754,"cLat":14.65616},"geometry":{"type":"Polygon","coordinates":[[[120.96358,14.65471],[120.96972,14.6582],[120.96932,14.65558],[120.96358,14.65471]]]}},{"type":"Feature","id":"PH1307501009","properties":{"psgc":"PH1307501009","brgy":"Barangay 9","city":"Caloocan City","cityPsgc":"PH1307501","cLng":120.97347,"cLat":14.65251},"geometry":{"type":"Polygon","coordinates":[[[120.97185,14.65519],[120.97496,14.65133],[120.97361,14.65101],[120.97185,14.65519]]]}},{"type":"Feature","id":"PH1307501010","properties":{"psgc":"PH1307501010","brgy":"Barangay 10","city":"Caloocan City","cityPsgc":"PH1307501","cLng":120.97143,"cLat":14.65379},"geometry":{"type":"Polygon","coordinates":[[[120.97057,14.65476],[120.97204,14.65331],[120.97165,14.65329],[120.97057,14.65476]]]}},{"type":"Feature","id":"PH1307501011","properties":{"psgc":"PH1307501011","brgy":"Barangay 11","city":"Caloocan City","cityPsgc":"PH1307501","cLng":120.97061,"cLat":14.65337},"geometry":{"type":"Polygon","coordinates":[[[120.96947,14.65493],[120.97172,14.65276],[120.97064,14.65241],[120.96947,14.65493]]]}},{"type":"Feature","id":"PH1307501012","properties":{"psgc":"PH1307501012","brgy":"Barangay 12","city":"Caloocan City","cityPsgc":"PH1307501","cLng":120.96593,"cLat":14.6521},"geometry":{"type":"Polygon","coordinates":[[[120.96219,14.65349],[120.97073,14.65217],[120.96486,14.65065],[120.96219,14.65349]]]}},{"type":"Feature","id":"PH1307501013","properties":{"psgc":"PH1307501013","brgy":"Barangay 13","city":"Caloocan City","cityPsgc":"PH1307501","cLng":120.97253,"cLat":14.65212},"geometry":{"type":"Polygon","coordinates":[[[120.97075,14.65211],[120.97322,14.65323],[120.97361,14.65101],[120.97075,14.65211]]]}},{"type":"Feature","id":"PH1307501014","properties":{"psgc":"PH1307501014","brgy":"Barangay 14","city":"Caloocan City","cityPsgc":"PH1307501","cLng":120.96536,"cLat":14.64787},"geometry":{"type":"Polygon","coordinates":[[[120.96781,14.65275],[120.96782,14.64507],[120.96242,14.64471],[120.96206,14.64819],[120.96781,14.65275]]]}},{"type":"Feature","id":"PH1307501015","properties":{"psgc":"PH1307501015","brgy":"Barangay 15","city":"Caloocan City","cityPsgc":"PH1307501","cLng":120.97303,"cLat":14.64938},"geometry":{"type":"Polygon","coordinates":[[[120.97204,14.65081],[120.97351,14.64986],[120.97354,14.64747],[120.97204,14.65081]]]}},{"type":"Feature","id":"PH1307501016","properties":{"psgc":"PH1307501016","brgy":"Barangay 16","city":"Caloocan City","cityPsgc":"PH1307501","cLng":120.9693,"cLat":14.64988},"geometry":{"type":"Polygon","coordinates":[[[120.96771,14.65006],[120.97211,14.65054],[120.96807,14.64904],[120.96771,14.65006]]]}},{"type":"Feature","id":"PH1307501017","properties":{"psgc":"PH1307501017","brgy":"Barangay 17","city":"Caloocan City","cityPsgc":"PH1307501","cLng":120.97446,"cLat":14.64839},"geometry":{"type":"Polygon","coordinates":[[[120.97351,14.64986],[120.97571,14.64768],[120.97416,14.64763],[120.97351,14.64986]]]}},{"type":"Feature","id":"PH1307501018","properties":{"psgc":"PH1307501018","brgy":"Barangay 18","city":"Caloocan City","cityPsgc":"PH1307501","cLng":120.9698,"cLat":14.64851},"geometry":{"type":"Polygon","coordinates":[[[120.96807,14.64904],[120.97318,14.6486],[120.96814,14.6479],[120.96807,14.64904]]]}},{"type":"Feature","id":"PH1307501019","properties":{"psgc":"PH1307501019","brgy":"Barangay 19","city":"Caloocan City","cityPsgc":"PH1307501","cLng":120.97535,"cLat":14.64633},"geometry":{"type":"Polygon","coordinates":[[[120.97422,14.64571],[120.97571,14.64768],[120.97612,14.64559],[120.97422,14.64571]]]}},{"type":"Feature","id":"PH1307501020","properties":{"psgc":"PH1307501020","brgy":"Barangay 20","city":"Caloocan City","cityPsgc":"PH1307501","cLng":120.96939,"cLat":14.64699},"geometry":{"type":"Polygon","coordinates":[[[120.96814,14.6479],[120.97201,14.64613],[120.96802,14.64693],[120.96814,14.6479]]]}},{"type":"Feature","id":"PH1307501021","properties":{"psgc":"PH1307501021","brgy":"Barangay 21","city":"Caloocan City","cityPsgc":"PH1307501","cLng":120.97537,"cLat":14.64404},"geometry":{"type":"Polygon","coordinates":[[[120.97422,14.64571],[120.97658,14.64334],[120.97529,14.64307],[120.97422,14.64571]]]}},{"type":"Feature","id":"PH1307501022","properties":{"psgc":"PH1307501022","brgy":"Barangay 22","city":"Caloocan City","cityPsgc":"PH1307501","cLng":120.97205,"cLat":14.64548},"geometry":{"type":"Polygon","coordinates":[[[120.96782,14.64507],[120.97383,14.6467],[120.97449,14.64467],[120.96782,14.64507]]]}},{"type":"Feature","id":"PH1307501023","properties":{"psgc":"PH1307501023","brgy":"Barangay 23","city":"Caloocan City","cityPsgc":"PH1307501","cLng":120.9749,"cLat":14.6426},"geometry":{"type":"Polygon","coordinates":[[[120.9739,14.64247],[120.97529,14.64307],[120.9755,14.64225],[120.9739,14.64247]]]}},{"type":"Feature","id":"PH1307501024","properties":{"psgc":"PH1307501024","brgy":"Barangay 24","city":"Caloocan City","cityPsgc":"PH1307501","cLng":120.97276,"cLat":14.64307},"geometry":{"type":"Polygon","coordinates":[[[120.97229,14.64417],[120.9739,14.64247],[120.97209,14.64258],[120.97229,14.64417]]]}},{"type":"Feature","id":"PH1307501025","properties":{"psgc":"PH1307501025","brgy":"Barangay 25","city":"Caloocan City","cityPsgc":"PH1307501","cLng":120.97598,"cLat":14.64172},"geometry":{"type":"Polygon","coordinates":[[[120.97529,14.64307],[120.97699,14.64122],[120.97567,14.64087],[120.97529,14.64307]]]}},{"type":"Feature","id":"PH1307501026","properties":{"psgc":"PH1307501026","brgy":"Barangay 26","city":"Caloocan City","cityPsgc":"PH1307501","cLng":120.97505,"cLat":14.64092},"geometry":{"type":"Polygon","coordinates":[[[120.97396,14.64015],[120.9755,14.64225],[120.97568,14.64037],[120.97396,14.64015]]]}},{"type":"Feature","id":"PH1307501027","properties":{"psgc":"PH1307501027","brgy":"Barangay 27","city":"Caloocan City","cityPsgc":"PH1307501","cLng":120.97335,"cLat":14.6411},"geometry":{"type":"Polygon","coordinates":[[[120.97222,14.64069],[120.97385,14.64247],[120.97396,14.64015],[120.97222,14.64069]]]}},{"type":"Feature","id":"PH1307501028","properties":{"psgc":"PH1307501028","brgy":"Barangay 28","city":"Caloocan City","cityPsgc":"PH1307501","cLng":120.96812,"cLat":14.64328},"geometry":{"type":"Polygon","coordinates":[[[120.96064,14.6433],[120.97205,14.64495],[120.97167,14.64159],[120.96064,14.6433]]]}},{"type":"Feature","id":"PH1307501029","properties":{"psgc":"PH1307501029","brgy":"Barangay 29","city":"Caloocan City","cityPsgc":"PH1307501","cLng":120.97617,"cLat":14.64013},"geometry":{"type":"Polygon","coordinates":[[[120.97567,14.64087],[120.97717,14.63975],[120.97568,14.63977],[120.97567,14.64087]]]}},{"type":"Feature","id":"PH1307501030","properties":{"psgc":"PH1307501030","brgy":"Barangay 30","city":"Caloocan City","cityPsgc":"PH1307501","cLng":120.97399,"cLat":14.63868},"geometry":{"type":"Polygon","coordinates":[[[120.97309,14.64015],[120.97558,14.63786],[120.97329,14.63803],[120.97309,14.64015]]]}},{"type":"Feature","id":"PH1307501031","properties":{"psgc":"PH1307501031","brgy":"Barangay 31","city":"Caloocan City","cityPsgc":"PH1307501","cLng":120.97057,"cLat":14.64022},"geometry":{"type":"Polygon","coordinates":[[[120.96972,14.641],[120.97307,14.63972],[120.96893,14.63994],[120.96972,14.641]]]}},{"type":"Feature","id":"PH1307501032","properties":{"psgc":"PH1307501032","brgy":"Barangay 32","city":"Caloocan City","cityPsgc":"PH1307501","cLng":120.97608,"cLat":14.63817},"geometry":{"type":"Polygon","coordinates":[[[120.97568,14.63977],[120.97704,14.63768],[120.97551,14.63706],[120.97568,14.63977]]]}},{"type":"Feature","id":"PH1307501033","properties":{"psgc":"PH1307501033","brgy":"Barangay 33","city":"Caloocan City","cityPsgc":"PH1307501","cLng":120.976,"cLat":14.63611},"geometry":{"type":"Polygon","coordinates":[[[120.97423,14.63548],[120.97704,14.63768],[120.97672,14.63518],[120.97423,14.63548]]]}},{"type":"Feature","id":"PH1307501034","properties":{"psgc":"PH1307501034","brgy":"Barangay 34","city":"Caloocan City","cityPsgc":"PH1307501","cLng":120.97262,"cLat":14.63623},"geometry":{"type":"Polygon","coordinates":[[[120.97208,14.63719],[120.97431,14.6358],[120.97149,14.6357],[120.97208,14.63719]]]}},{"type":"Feature","id":"PH1307501035","properties":{"psgc":"PH1307501035","brgy":"Barangay 35","city":"Caloocan City","cityPsgc":"PH1307501","cLng":120.9717,"cLat":14.63759},"geometry":{"type":"Polygon","coordinates":[[[120.96862,14.63559],[120.97323,14.63971],[120.97326,14.63746],[120.96862,14.63559]]]}},{"type":"Feature","id":"PH1307501036","properties":{"psgc":"PH1307501036","brgy":"Barangay 36","city":"Caloocan City","cityPsgc":"PH1307501","cLng":120.97864,"cLat":14.636},"geometry":{"type":"Polygon","coordinates":[[[120.97672,14.63518],[120.9793,14.63728],[120.97991,14.63553],[120.97672,14.63518]]]}},{"type":"Feature","id":"PH1307501037","properties":{"psgc":"PH1307501037","brgy":"Barangay 37","city":"Caloocan City","cityPsgc":"PH1307501","cLng":120.97841,"cLat":14.63748},"geometry":{"type":"Polygon","coordinates":[[[120.977,14.63734],[120.97904,14.63789],[120.97917,14.63721],[120.977,14.63734]]]}},{"type":"Feature","id":"PH1307501038","properties":{"psgc":"PH1307501038","brgy":"Barangay 38","city":"Caloocan City","cityPsgc":"PH1307501","cLng":120.97884,"cLat":14.63922},"geometry":{"type":"Polygon","coordinates":[[[120.97783,14.63999],[120.97979,14.63957],[120.97892,14.63811],[120.97783,14.63999]]]}},{"type":"Feature","id":"PH1307501039","properties":{"psgc":"PH1307501039","brgy":"Barangay 39","city":"Caloocan City","cityPsgc":"PH1307501","cLng":120.9827,"cLat":14.6371},"geometry":{"type":"Polygon","coordinates":[[[120.98222,14.63665],[120.98326,14.63809],[120.98257,14.63654],[120.98222,14.63665]]]}},{"type":"Feature","id":"PH1307501040","properties":{"psgc":"PH1307501040","brgy":"Barangay 40","city":"Caloocan City","cityPsgc":"PH1307501","cLng":120.98285,"cLat":14.63839},"geometry":{"type":"Polygon","coordinates":[[[120.98189,14.63814],[120.9834,14.63894],[120.98326,14.63809],[120.98189,14.63814]]]}},{"type":"Feature","id":"PH1307501041","properties":{"psgc":"PH1307501041","brgy":"Barangay 41","city":"Caloocan City","cityPsgc":"PH1307501","cLng":120.98269,"cLat":14.63943},"geometry":{"type":"Polygon","coordinates":[[[120.98122,14.63901],[120.98344,14.64034],[120.9834,14.63894],[120.98122,14.63901]]]}},{"type":"Feature","id":"PH1307501042","properties":{"psgc":"PH1307501042","brgy":"Barangay 42","city":"Caloocan City","cityPsgc":"PH1307501","cLng":120.98075,"cLat":14.63948},"geometry":{"type":"Polygon","coordinates":[[[120.97982,14.63902],[120.98123,14.64041],[120.98122,14.63901],[120.97982,14.63902]]]}},{"type":"Feature","id":"PH1307501043","properties":{"psgc":"PH1307501043","brgy":"Barangay 43","city":"Caloocan City","cityPsgc":"PH1307501","cLng":120.97773,"cLat":14.64057},"geometry":{"type":"Polygon","coordinates":[[[120.97694,14.64147],[120.97908,14.64049],[120.97717,14.63975],[120.97694,14.64147]]]}},{"type":"Feature","id":"PH1307501044","properties":{"psgc":"PH1307501044","brgy":"Barangay 44","city":"Caloocan City","cityPsgc":"PH1307501","cLng":120.98053,"cLat":14.6409},"geometry":{"type":"Polygon","coordinates":[[[120.97908,14.64049],[120.98127,14.64179],[120.98123,14.64041],[120.97908,14.64049]]]}},{"type":"Feature","id":"PH1307501045","properties":{"psgc":"PH1307501045","brgy":"Barangay 45","city":"Caloocan City","cityPsgc":"PH1307501","cLng":120.98272,"cLat":14.64083},"geometry":{"type":"Polygon","coordinates":[[[120.98123,14.64041],[120.98349,14.64173],[120.98344,14.64034],[120.98123,14.64041]]]}},{"type":"Feature","id":"PH1307501046","properties":{"psgc":"PH1307501046","brgy":"Barangay 46","city":"Caloocan City","cityPsgc":"PH1307501","cLng":120.9784,"cLat":14.64219},"geometry":{"type":"Polygon","coordinates":[[[120.97694,14.64147],[120.97917,14.64325],[120.97911,14.64186],[120.97694,14.64147]]]}},{"type":"Feature","id":"PH1307501047","properties":{"psgc":"PH1307501047","brgy":"Barangay 47","city":"Caloocan City","cityPsgc":"PH1307501","cLng":120.98057,"cLat":14.64228},"geometry":{"type":"Polygon","coordinates":[[[120.97911,14.64186],[120.98133,14.64319],[120.98127,14.64179],[120.97911,14.64186]]]}},{"type":"Feature","id":"PH1307501048","properties":{"psgc":"PH1307501048","brgy":"Barangay 48","city":"Caloocan City","cityPsgc":"PH1307501","cLng":120.98276,"cLat":14.64221},"geometry":{"type":"Polygon","coordinates":[[[120.98127,14.64179],[120.98353,14.64312],[120.98349,14.64173],[120.98127,14.64179]]]}},{"type":"Feature","id":"PH1307501049","properties":{"psgc":"PH1307501049","brgy":"Barangay 49","city":"Caloocan City","cityPsgc":"PH1307501","cLng":120.97696,"cLat":14.64407},"geometry":{"type":"Polygon","coordinates":[[[120.97612,14.64559],[120.97817,14.64328],[120.97658,14.64334],[120.97612,14.64559]]]}},{"type":"Feature","id":"PH1307501050","properties":{"psgc":"PH1307501050","brgy":"Barangay 50","city":"Caloocan City","cityPsgc":"PH1307501","cLng":120.97933,"cLat":14.64371},"geometry":{"type":"Polygon","coordinates":[[[120.97817,14.64328],[120.97994,14.64462],[120.9799,14.64323],[120.97817,14.64328]]]}},{"type":"Feature","id":"PH1307501051","properties":{"psgc":"PH1307501051","brgy":"Barangay 51","city":"Caloocan City","cityPsgc":"PH1307501","cLng":120.98234,"cLat":14.64357},"geometry":{"type":"Polygon","coordinates":[[[120.9799,14.64323],[120.98358,14.64435],[120.98353,14.64312],[120.9799,14.64323]]]}},{"type":"Feature","id":"PH1307501052","properties":{"psgc":"PH1307501052","brgy":"Barangay 52","city":"Caloocan City","cityPsgc":"PH1307501","cLng":120.97657,"cLat":14.64637},"geometry":{"type":"Polygon","coordinates":[[[120.97576,14.64743],[120.97781,14.64609],[120.97612,14.64559],[120.97576,14.64743]]]}},{"type":"Feature","id":"PH1307501053","properties":{"psgc":"PH1307501053","brgy":"Barangay 53","city":"Caloocan City","cityPsgc":"PH1307501","cLng":120.97875,"cLat":14.6456},"geometry":{"type":"Polygon","coordinates":[[[120.97776,14.64471],[120.9793,14.64745],[120.9792,14.64465],[120.97776,14.64471]]]}},{"type":"Feature","id":"PH1307501054","properties":{"psgc":"PH1307501054","brgy":"Barangay 54","city":"Caloocan City","cityPsgc":"PH1307501","cLng":120.98218,"cLat":14.64636},"geometry":{"type":"Polygon","coordinates":[[[120.97925,14.64604],[120.98367,14.64731],[120.98362,14.64572],[120.97925,14.64604]]]}},{"type":"Feature","id":"PH1307501055","properties":{"psgc":"PH1307501055","brgy":"Barangay 55","city":"Caloocan City","cityPsgc":"PH1307501","cLng":120.98213,"cLat":14.64491},"geometry":{"type":"Polygon","coordinates":[[[120.9792,14.64465],[120.98362,14.64572],[120.98358,14.64435],[120.9792,14.64465]]]}},{"type":"Feature","id":"PH1307501056","properties":{"psgc":"PH1307501056","brgy":"Barangay 56","city":"Caloocan City","cityPsgc":"PH1307501","cLng":120.97637,"cLat":14.64793},"geometry":{"type":"Polygon","coordinates":[[[120.97547,14.64887],[120.97786,14.64749],[120.97576,14.64743],[120.97547,14.64887]]]}},{"type":"Feature","id":"PH1307501057","properties":{"psgc":"PH1307501057","brgy":"Barangay 57","city":"Caloocan City","cityPsgc":"PH1307501","cLng":120.97981,"cLat":14.64789},"geometry":{"type":"Polygon","coordinates":[[[120.97786,14.64749],[120.98081,14.6488],[120.98075,14.64738],[120.97786,14.64749]]]}},{"type":"Feature","id":"PH1307501058","properties":{"psgc":"PH1307501058","brgy":"Barangay 58","city":"Caloocan City","cityPsgc":"PH1307501","cLng":120.98271,"cLat":14.6478},"geometry":{"type":"Polygon","coordinates":[[[120.98075,14.64738],[120.98371,14.64872],[120.98367,14.64731],[120.98075,14.64738]]]}},{"type":"Feature","id":"PH1307501059","properties":{"psgc":"PH1307501059","brgy":"Barangay 59","city":"Caloocan City","cityPsgc":"PH1307501","cLng":120.97711,"cLat":14.64935},"geometry":{"type":"Polygon","coordinates":[[[120.97547,14.64887],[120.97795,14.65029],[120.97791,14.64889],[120.97547,14.64887]]]}},{"type":"Feature","id":"PH1307501060","properties":{"psgc":"PH1307501060","brgy":"Barangay 60","city":"Caloocan City","cityPsgc":"PH1307501","cLng":120.97891,"cLat":14.6498},"geometry":{"type":"Polygon","coordinates":[[[120.97791,14.64889],[120.97946,14.65165],[120.97936,14.64885],[120.97791,14.64889]]]}},{"type":"Feature","id":"PH1307501061","properties":{"psgc":"PH1307501061","brgy":"Barangay 61","city":"Caloocan City","cityPsgc":"PH1307501","cLng":120.98228,"cLat":14.64922},"geometry":{"type":"Polygon","coordinates":[[[120.97936,14.64885],[120.98376,14.6501],[120.98371,14.64872],[120.97936,14.64885]]]}},{"type":"Feature","id":"PH1307501062","properties":{"psgc":"PH1307501062","brgy":"Barangay 62","city":"Caloocan City","cityPsgc":"PH1307501","cLng":120.98232,"cLat":14.65062},"geometry":{"type":"Polygon","coordinates":[[[120.9794,14.65024],[120.98381,14.65153],[120.98376,14.6501],[120.9794,14.65024]]]}},{"type":"Feature","id":"PH1307501063","properties":{"psgc":"PH1307501063","brgy":"Barangay 63","city":"Caloocan City","cityPsgc":"PH1307501","cLng":120.97604,"cLat":14.65057},"geometry":{"type":"Polygon","coordinates":[[[120.97496,14.65133],[120.97795,14.65029],[120.97522,14.65009],[120.97496,14.65133]]]}},{"type":"Feature","id":"PH1307501064","properties":{"psgc":"PH1307501064","brgy":"Barangay 64","city":"Caloocan City","cityPsgc":"PH1307501","cLng":120.97527,"cLat":14.65204},"geometry":{"type":"Polygon","coordinates":[[[120.97462,14.65305],[120.97623,14.65173],[120.97496,14.65133],[120.97462,14.65305]]]}},{"type":"Feature","id":"PH1307501065","properties":{"psgc":"PH1307501065","brgy":"Barangay 65","city":"Caloocan City","cityPsgc":"PH1307501","cLng":120.97651,"cLat":14.65225},"geometry":{"type":"Polygon","coordinates":[[[120.97593,14.65329],[120.97739,14.65172],[120.97623,14.65173],[120.97593,14.65329]]]}},{"type":"Feature","id":"PH1307501066","properties":{"psgc":"PH1307501066","brgy":"Barangay 66","city":"Caloocan City","cityPsgc":"PH1307501","cLng":120.9787,"cLat":14.65212},"geometry":{"type":"Polygon","coordinates":[[[120.97739,14.65172],[120.97924,14.65299],[120.97946,14.65165],[120.97739,14.65172]]]}},{"type":"Feature","id":"PH1307501067","properties":{"psgc":"PH1307501067","brgy":"Barangay 67","city":"Caloocan City","cityPsgc":"PH1307501","cLng":120.9801,"cLat":14.65207},"geometry":{"type":"Polygon","coordinates":[[[120.97924,14.65299],[120.98161,14.65158],[120.97946,14.65165],[120.97924,14.65299]]]}},{"type":"Feature","id":"PH1307501068","properties":{"psgc":"PH1307501068","brgy":"Barangay 68","city":"Caloocan City","cityPsgc":"PH1307501","cLng":120.98244,"cLat":14.65222},"geometry":{"type":"Polygon","coordinates":[[[120.98191,14.65354],[120.98381,14.65153],[120.98161,14.65158],[120.98191,14.65354]]]}},{"type":"Feature","id":"PH1307501069","properties":{"psgc":"PH1307501069","brgy":"Barangay 69","city":"Caloocan City","cityPsgc":"PH1307501","cLng":120.9782,"cLat":14.65364},"geometry":{"type":"Polygon","coordinates":[[[120.97672,14.65512],[120.97924,14.65299],[120.97865,14.6528],[120.97672,14.65512]]]}},{"type":"Feature","id":"PH1307501070","properties":{"psgc":"PH1307501070","brgy":"Barangay 70","city":"Caloocan City","cityPsgc":"PH1307501","cLng":120.97934,"cLat":14.65423},"geometry":{"type":"Polygon","coordinates":[[[120.97845,14.65547],[120.98033,14.65424],[120.97924,14.65299],[120.97845,14.65547]]]}},{"type":"Feature","id":"PH1307501071","properties":{"psgc":"PH1307501071","brgy":"Barangay 71","city":"Caloocan City","cityPsgc":"PH1307501","cLng":120.98188,"cLat":14.65419},"geometry":{"type":"Polygon","coordinates":[[[120.98191,14.65522],[120.98389,14.65401],[120.97985,14.65335],[120.98191,14.65522]]]}},{"type":"Feature","id":"PH1307501072","properties":{"psgc":"PH1307501072","brgy":"Barangay 72","city":"Caloocan City","cityPsgc":"PH1307501","cLng":120.98176,"cLat":14.65469},"geometry":{"type":"Polygon","coordinates":[[[120.98045,14.65453],[120.98394,14.65565],[120.9809,14.6539],[120.98045,14.65453]]]}},{"type":"Feature","id":"PH1307501073","properties":{"psgc":"PH1307501073","brgy":"Barangay 73","city":"Caloocan City","cityPsgc":"PH1307501","cLng":120.97516,"cLat":14.65468},"geometry":{"type":"Polygon","coordinates":[[[120.97384,14.6575],[120.97703,14.65348],[120.97462,14.65305],[120.97384,14.6575]]]}},{"type":"Feature","id":"PH1307501074","properties":{"psgc":"PH1307501074","brgy":"Barangay 74","city":"Caloocan City","cityPsgc":"PH1307501","cLng":120.97906,"cLat":14.65602},"geometry":{"type":"Polygon","coordinates":[[[120.97672,14.65512],[120.98043,14.65712],[120.98004,14.65581],[120.97672,14.65512]]]}},{"type":"Feature","id":"PH1307501075","properties":{"psgc":"PH1307501075","brgy":"Barangay 75","city":"Caloocan City","cityPsgc":"PH1307501","cLng":120.98058,"cLat":14.65562},"geometry":{"type":"Polygon","coordinates":[[[120.97981,14.65686],[120.98146,14.65623],[120.98046,14.65378],[120.97981,14.65686]]]}},{"type":"Feature","id":"PH1307501076","properties":{"psgc":"PH1307501076","brgy":"Barangay 76","city":"Caloocan City","cityPsgc":"PH1307501","cLng":120.98283,"cLat":14.65634},"geometry":{"type":"Polygon","coordinates":[[[120.98227,14.6571],[120.98395,14.65593],[120.98227,14.656],[120.98227,14.6571]]]}},{"type":"Feature","id":"PH1307501077","properties":{"psgc":"PH1307501077","brgy":"Barangay 77","city":"Caloocan City","cityPsgc":"PH1307501","cLng":120.9815,"cLat":14.65767},"geometry":{"type":"Polygon","coordinates":[[[120.97953,14.65718],[120.98251,14.65874],[120.98247,14.6571],[120.97953,14.65718]]]}},{"type":"Feature","id":"PH1307501078","properties":{"psgc":"PH1307501078","brgy":"Barangay 78","city":"Caloocan City","cityPsgc":"PH1307501","cLng":120.98301,"cLat":14.65822},"geometry":{"type":"Polygon","coordinates":[[[120.98256,14.66045],[120.98399,14.65711],[120.98247,14.6571],[120.98256,14.66045]]]}},{"type":"Feature","id":"PH1307501079","properties":{"psgc":"PH1307501079","brgy":"Barangay 79","city":"Caloocan City","cityPsgc":"PH1307501","cLng":120.98058,"cLat":14.65962},"geometry":{"type":"Polygon","coordinates":[[[120.97966,14.6613],[120.98251,14.65874],[120.97958,14.65882],[120.97966,14.6613]]]}},{"type":"Feature","id":"PH1307501080","properties":{"psgc":"PH1307501080","brgy":"Barangay 80","city":"Caloocan City","cityPsgc":"PH1307501","cLng":120.97561,"cLat":14.65889},"geometry":{"type":"Polygon","coordinates":[[[120.97346,14.66199],[120.97953,14.65718],[120.97384,14.6575],[120.97346,14.66199]]]}},{"type":"Feature","id":"PH1307501081","properties":{"psgc":"PH1307501081","brgy":"Barangay 81","city":"Caloocan City","cityPsgc":"PH1307501","cLng":120.98452,"cLat":14.65849},"geometry":{"type":"Polygon","coordinates":[[[120.98412,14.66123],[120.98546,14.65712],[120.98399,14.65711],[120.98412,14.66123]]]}},{"type":"Feature","id":"PH1307501082","properties":{"psgc":"PH1307501082","brgy":"Barangay 82","city":"Caloocan City","cityPsgc":"PH1307501","cLng":120.98899,"cLat":14.6615},"geometry":{"type":"Polygon","coordinates":[[[120.98775,14.66251],[120.99013,14.661],[120.98909,14.66099],[120.98775,14.66251]]]}},{"type":"Feature","id":"PH1307501083","properties":{"psgc":"PH1307501083","brgy":"Barangay 83","city":"Caloocan City","cityPsgc":"PH1307501","cLng":120.98869,"cLat":14.65879},"geometry":{"type":"Polygon","coordinates":[[[120.9888,14.66207],[120.98914,14.65716],[120.98814,14.65715],[120.9888,14.66207]]]}},{"type":"Feature","id":"PH1307501084","properties":{"psgc":"PH1307501084","brgy":"Barangay 84","city":"Caloocan City","cityPsgc":"PH1307501","cLng":120.98633,"cLat":14.65857},"geometry":{"type":"Polygon","coordinates":[[[120.98538,14.66144],[120.98814,14.65715],[120.98546,14.65712],[120.98538,14.66144]]]}},{"type":"Feature","id":"PH1307501085","properties":{"psgc":"PH1307501085","brgy":"Barangay 85","city":"Caloocan City","cityPsgc":"PH1307501","cLng":120.98947,"cLat":14.65844},"geometry":{"type":"Polygon","coordinates":[[[120.98909,14.66099],[120.99018,14.65717],[120.98914,14.65716],[120.98909,14.66099]]]}},{"type":"Feature","id":"PH1307501086","properties":{"psgc":"PH1307501086","brgy":"Barangay 86","city":"Caloocan City","cityPsgc":"PH1307501","cLng":120.98541,"cLat":14.65624},"geometry":{"type":"Polygon","coordinates":[[[120.98399,14.65711],[120.98828,14.65563],[120.98395,14.65599],[120.98399,14.65711]]]}},{"type":"Feature","id":"PH1307501087","properties":{"psgc":"PH1307501087","brgy":"Barangay 87","city":"Caloocan City","cityPsgc":"PH1307501","cLng":120.98973,"cLat":14.65616},"geometry":{"type":"Polygon","coordinates":[[[120.98824,14.65716],[120.99269,14.6557],[120.98828,14.65563],[120.98824,14.65716]]]}},{"type":"Feature","id":"PH1307501088","properties":{"psgc":"PH1307501088","brgy":"Barangay 88","city":"Caloocan City","cityPsgc":"PH1307501","cLng":120.98536,"cLat":14.65473},"geometry":{"type":"Polygon","coordinates":[[[120.98395,14.65599],[120.98827,14.65465],[120.98387,14.65355],[120.98395,14.65599]]]}},{"type":"Feature","id":"PH1307501089","properties":{"psgc":"PH1307501089","brgy":"Barangay 89","city":"Caloocan City","cityPsgc":"PH1307501","cLng":120.98897,"cLat":14.65371},"geometry":{"type":"Polygon","coordinates":[[[120.98828,14.65563],[120.99037,14.65271],[120.98825,14.65279],[120.98828,14.65563]]]}},{"type":"Feature","id":"PH1307501090","properties":{"psgc":"PH1307501090","brgy":"Barangay 90","city":"Caloocan City","cityPsgc":"PH1307501","cLng":120.98532,"cLat":14.65309},"geometry":{"type":"Polygon","coordinates":[[[120.98387,14.65355],[120.98825,14.65279],[120.98385,14.65292],[120.98387,14.65355]]]}},{"type":"Feature","id":"PH1307501091","properties":{"psgc":"PH1307501091","brgy":"Barangay 91","city":"Caloocan City","cityPsgc":"PH1307501","cLng":120.98722,"cLat":14.65188},"geometry":{"type":"Polygon","coordinates":[[[120.98381,14.65153],[120.98894,14.65277],[120.98892,14.65135],[120.98381,14.65153]]]}},{"type":"Feature","id":"PH1307501092","properties":{"psgc":"PH1307501092","brgy":"Barangay 92","city":"Caloocan City","cityPsgc":"PH1307501","cLng":120.99135,"cLat":14.65382},"geometry":{"type":"Polygon","coordinates":[[[120.99046,14.65566],[120.99258,14.65404],[120.99252,14.65265],[120.99037,14.65271],[120.99046,14.65566]]]}},{"type":"Feature","id":"PH1307501093","properties":{"psgc":"PH1307501093","brgy":"Barangay 93","city":"Caloocan City","cityPsgc":"PH1307501","cLng":120.99131,"cLat":14.65175},"geometry":{"type":"Polygon","coordinates":[[[120.98892,14.65135],[120.99252,14.65265],[120.99248,14.65124],[120.98892,14.65135]]]}},{"type":"Feature","id":"PH1307501094","properties":{"psgc":"PH1307501094","brgy":"Barangay 94","city":"Caloocan City","cityPsgc":"PH1307501","cLng":120.99358,"cLat":14.65622},"geometry":{"type":"Polygon","coordinates":[[[120.99267,14.65722],[120.99539,14.65573],[120.99269,14.6557],[120.99267,14.65722]]]}},{"type":"Feature","id":"PH1307501095","properties":{"psgc":"PH1307501095","brgy":"Barangay 95","city":"Caloocan City","cityPsgc":"PH1307501","cLng":120.99507,"cLat":14.65635},"geometry":{"type":"Polygon","coordinates":[[[120.99441,14.65725],[120.99636,14.65524],[120.99444,14.65657],[120.99441,14.65725]]]}},{"type":"Feature","id":"PH1307501096","properties":{"psgc":"PH1307501096","brgy":"Barangay 96","city":"Caloocan City","cityPsgc":"PH1307501","cLng":120.99226,"cLat":14.65428},"geometry":{"type":"Polygon","coordinates":[[[120.99119,14.65567],[120.99446,14.65309],[120.99113,14.65409],[120.99119,14.65567]]]}},{"type":"Feature","id":"PH1307501097","properties":{"psgc":"PH1307501097","brgy":"Barangay 97","city":"Caloocan City","cityPsgc":"PH1307501","cLng":120.993,"cLat":14.65216},"geometry":{"type":"Polygon","coordinates":[[[120.99258,14.65404],[120.99396,14.6512],[120.99248,14.65124],[120.99258,14.65404]]]}},{"type":"Feature","id":"PH1307501098","properties":{"psgc":"PH1307501098","brgy":"Barangay 98","city":"Caloocan City","cityPsgc":"PH1307501","cLng":120.9947,"cLat":14.65168},"geometry":{"type":"Polygon","coordinates":[[[120.99396,14.6512],[120.99524,14.65268],[120.99489,14.65117],[120.99396,14.6512]]]}},{"type":"Feature","id":"PH1307501099","properties":{"psgc":"PH1307501099","brgy":"Barangay 99","city":"Caloocan City","cityPsgc":"PH1307501","cLng":120.99728,"cLat":14.65475},"geometry":{"type":"Polygon","coordinates":[[[120.99641,14.65525],[120.99882,14.65579],[120.99661,14.6532],[120.99641,14.65525]]]}},{"type":"Feature","id":"PH1307501100","properties":{"psgc":"PH1307501100","brgy":"Barangay 100","city":"Caloocan City","cityPsgc":"PH1307501","cLng":120.99589,"cLat":14.65268},"geometry":{"type":"Polygon","coordinates":[[[120.99446,14.65309],[120.99688,14.65263],[120.99631,14.65231],[120.99446,14.65309]]]}},{"type":"Feature","id":"PH1307501101","properties":{"psgc":"PH1307501101","brgy":"Barangay 101","city":"Caloocan City","cityPsgc":"PH1307501","cLng":120.99261,"cLat":14.65011},"geometry":{"type":"Polygon","coordinates":[[[120.99105,14.65128],[120.99585,14.65058],[120.99094,14.64848],[120.99105,14.65128]]]}},{"type":"Feature","id":"PH1307501102","properties":{"psgc":"PH1307501102","brgy":"Barangay 102","city":"Caloocan City","cityPsgc":"PH1307501","cLng":120.99346,"cLat":14.64923},"geometry":{"type":"Polygon","coordinates":[[[120.99242,14.64928],[120.99575,14.64978],[120.99223,14.64864],[120.99242,14.64928]]]}},{"type":"Feature","id":"PH1307501103","properties":{"psgc":"PH1307501103","brgy":"Barangay 103","city":"Caloocan City","cityPsgc":"PH1307501","cLng":120.98999,"cLat":14.64851},"geometry":{"type":"Polygon","coordinates":[[[120.98961,14.65134],[120.9909,14.64707],[120.98946,14.64711],[120.98961,14.65134]]]}},{"type":"Feature","id":"PH1307501104","properties":{"psgc":"PH1307501104","brgy":"Barangay 104","city":"Caloocan City","cityPsgc":"PH1307501","cLng":120.98904,"cLat":14.64854},"geometry":{"type":"Polygon","coordinates":[[[120.98804,14.64717],[120.98961,14.65134],[120.98946,14.64711],[120.98804,14.64717]]]}},{"type":"Feature","id":"PH1307501105","properties":{"psgc":"PH1307501105","brgy":"Barangay 105","city":"Caloocan City","cityPsgc":"PH1307501","cLng":120.99196,"cLat":14.64747},"geometry":{"type":"Polygon","coordinates":[[[120.99094,14.64848],[120.99403,14.64686],[120.9909,14.64707],[120.99094,14.64848]]]}},{"type":"Feature","id":"PH1307501106","properties":{"psgc":"PH1307501106","brgy":"Barangay 106","city":"Caloocan City","cityPsgc":"PH1307501","cLng":120.98424,"cLat":14.64964},"geometry":{"type":"Polygon","coordinates":[[[120.98381,14.65153],[120.98521,14.64867],[120.98371,14.64872],[120.98381,14.65153]]]}},{"type":"Feature","id":"PH1307501107","properties":{"psgc":"PH1307501107","brgy":"Barangay 107","city":"Caloocan City","cityPsgc":"PH1307501","cLng":120.98572,"cLat":14.64959},"geometry":{"type":"Polygon","coordinates":[[[120.9853,14.65146],[120.98664,14.64863],[120.98521,14.64867],[120.9853,14.65146]]]}},{"type":"Feature","id":"PH1307501108","properties":{"psgc":"PH1307501108","brgy":"Barangay 108","city":"Caloocan City","cityPsgc":"PH1307501","cLng":120.98764,"cLat":14.64952},"geometry":{"type":"Polygon","coordinates":[[[120.98664,14.64863],[120.98818,14.65137],[120.98808,14.64857],[120.98664,14.64863]]]}},{"type":"Feature","id":"PH1307501109","properties":{"psgc":"PH1307501109","brgy":"Barangay 109","city":"Caloocan City","cityPsgc":"PH1307501","cLng":120.9866,"cLat":14.64768},"geometry":{"type":"Polygon","coordinates":[[[120.98367,14.64731],[120.98808,14.64857],[120.98804,14.64717],[120.98367,14.64731]]]}},{"type":"Feature","id":"PH1307501110","properties":{"psgc":"PH1307501110","brgy":"Barangay 110","city":"Caloocan City","cityPsgc":"PH1307501","cLng":120.98414,"cLat":14.64629},"geometry":{"type":"Polygon","coordinates":[[[120.98367,14.64731],[120.98512,14.64585],[120.98362,14.64572],[120.98367,14.64731]]]}},{"type":"Feature","id":"PH1307501111","properties":{"psgc":"PH1307501111","brgy":"Barangay 111","city":"Caloocan City","cityPsgc":"PH1307501","cLng":120.98608,"cLat":14.64629},"geometry":{"type":"Polygon","coordinates":[[[120.98512,14.64585],[120.98659,14.64723],[120.98654,14.6458],[120.98512,14.64585]]]}},{"type":"Feature","id":"PH1307501112","properties":{"psgc":"PH1307501112","brgy":"Barangay 112","city":"Caloocan City","cityPsgc":"PH1307501","cLng":120.98753,"cLat":14.64624},"geometry":{"type":"Polygon","coordinates":[[[120.98654,14.6458],[120.98804,14.64717],[120.988,14.64575],[120.98654,14.6458]]]}},{"type":"Feature","id":"PH1307501113","properties":{"psgc":"PH1307501113","brgy":"Barangay 113","city":"Caloocan City","cityPsgc":"PH1307501","cLng":120.98409,"cLat":14.64481},"geometry":{"type":"Polygon","coordinates":[[[120.98362,14.64572],[120.98507,14.64437],[120.98358,14.64435],[120.98362,14.64572]]]}},{"type":"Feature","id":"PH1307501114","properties":{"psgc":"PH1307501114","brgy":"Barangay 114","city":"Caloocan City","cityPsgc":"PH1307501","cLng":120.98555,"cLat":14.64485},"geometry":{"type":"Polygon","coordinates":[[[120.98507,14.64437],[120.98582,14.64583],[120.98578,14.64435],[120.98507,14.64437]]]}},{"type":"Feature","id":"PH1307501115","properties":{"psgc":"PH1307501115","brgy":"Barangay 115","city":"Caloocan City","cityPsgc":"PH1307501","cLng":120.98629,"cLat":14.64483},"geometry":{"type":"Polygon","coordinates":[[[120.98578,14.64435],[120.98654,14.6458],[120.98651,14.64433],[120.98578,14.64435]]]}},{"type":"Feature","id":"PH1307501116","properties":{"psgc":"PH1307501116","brgy":"Barangay 116","city":"Caloocan City","cityPsgc":"PH1307501","cLng":120.98749,"cLat":14.64478},"geometry":{"type":"Polygon","coordinates":[[[120.98651,14.64433],[120.988,14.64575],[120.98794,14.64425],[120.98651,14.64433]]]}},{"type":"Feature","id":"PH1307501117","properties":{"psgc":"PH1307501117","brgy":"Barangay 117","city":"Caloocan City","cityPsgc":"PH1307501","cLng":120.98428,"cLat":14.64351},"geometry":{"type":"Polygon","coordinates":[[[120.98358,14.64435],[120.98574,14.64305],[120.98353,14.64312],[120.98358,14.64435]]]}},{"type":"Feature","id":"PH1307501118","properties":{"psgc":"PH1307501118","brgy":"Barangay 118","city":"Caloocan City","cityPsgc":"PH1307501","cLng":120.98839,"cLat":14.64116},"geometry":{"type":"Polygon","coordinates":[[[120.98568,14.63966],[120.99062,14.64402],[120.98887,14.6398],[120.98568,14.63966]]]}},{"type":"Feature","id":"PH1307501119","properties":{"psgc":"PH1307501119","brgy":"Barangay 119","city":"Caloocan City","cityPsgc":"PH1307501","cLng":120.98474,"cLat":14.64215},"geometry":{"type":"Polygon","coordinates":[[[120.98349,14.64173],[120.98539,14.64306],[120.98534,14.64166],[120.98349,14.64173]]]}},{"type":"Feature","id":"PH1307501120","properties":{"psgc":"PH1307501120","brgy":"Barangay 120","city":"Caloocan City","cityPsgc":"PH1307501","cLng":120.98368,"cLat":14.63845},"geometry":{"type":"Polygon","coordinates":[[[120.98349,14.64173],[120.98497,14.63709],[120.98257,14.63654],[120.98349,14.64173]]]}},{"type":"Feature","id":"PH1307501121","properties":{"psgc":"PH1307501121","brgy":"Barangay 121","city":"Caloocan City","cityPsgc":"PH1307501","cLng":120.98991,"cLat":14.64616},"geometry":{"type":"Polygon","coordinates":[[[120.988,14.64575],[120.9909,14.64707],[120.99084,14.64567],[120.988,14.64575]]]}},{"type":"Feature","id":"PH1307501122","properties":{"psgc":"PH1307501122","brgy":"Barangay 122","city":"Caloocan City","cityPsgc":"PH1307501","cLng":120.99263,"cLat":14.64583},"geometry":{"type":"Polygon","coordinates":[[[120.99084,14.64567],[120.99391,14.64687],[120.99313,14.64496],[120.99084,14.64567]]]}},{"type":"Feature","id":"PH1307501123","properties":{"psgc":"PH1307501123","brgy":"Barangay 123","city":"Caloocan City","cityPsgc":"PH1307501","cLng":120.98844,"cLat":14.64473},"geometry":{"type":"Polygon","coordinates":[[[120.988,14.64575],[120.98938,14.64419],[120.98794,14.64425],[120.988,14.64575]]]}},{"type":"Feature","id":"PH1307501124","properties":{"psgc":"PH1307501124","brgy":"Barangay 124","city":"Caloocan City","cityPsgc":"PH1307501","cLng":120.99034,"cLat":14.64461},"geometry":{"type":"Polygon","coordinates":[[[120.98938,14.64419],[120.99084,14.64567],[120.99079,14.64396],[120.98938,14.64419]]]}},{"type":"Feature","id":"PH1307501125","properties":{"psgc":"PH1307501125","brgy":"Barangay 125","city":"Caloocan City","cityPsgc":"PH1307501","cLng":120.99213,"cLat":14.64422},"geometry":{"type":"Polygon","coordinates":[[[120.99079,14.64396],[120.99313,14.64496],[120.99246,14.64374],[120.99079,14.64396]]]}},{"type":"Feature","id":"PH1307501126","properties":{"psgc":"PH1307501126","brgy":"Barangay 126","city":"Caloocan City","cityPsgc":"PH1307501","cLng":120.99168,"cLat":14.64278},"geometry":{"type":"Polygon","coordinates":[[[120.98997,14.64265],[120.99295,14.64377],[120.99213,14.64193],[120.98997,14.64265]]]}},{"type":"Feature","id":"PH1307501127","properties":{"psgc":"PH1307501127","brgy":"Barangay 127","city":"Caloocan City","cityPsgc":"PH1307501","cLng":120.99091,"cLat":14.64099},"geometry":{"type":"Polygon","coordinates":[[[120.98923,14.64086],[120.99213,14.64193],[120.99137,14.64018],[120.98923,14.64086]]]}},{"type":"Feature","id":"PH1307501128","properties":{"psgc":"PH1307501128","brgy":"Barangay 128","city":"Caloocan City","cityPsgc":"PH1307501","cLng":120.99074,"cLat":14.63941},"geometry":{"type":"Polygon","coordinates":[[[120.98879,14.63952],[120.99137,14.64018],[120.99205,14.63852],[120.98879,14.63952]]]}},{"type":"Feature","id":"PH1307501129","properties":{"psgc":"PH1307501129","brgy":"Barangay 129","city":"Caloocan City","cityPsgc":"PH1307501","cLng":120.99003,"cLat":14.63846},"geometry":{"type":"Polygon","coordinates":[[[120.98852,14.6386],[120.99093,14.63884],[120.99063,14.63794],[120.98852,14.6386]]]}},{"type":"Feature","id":"PH1307501130","properties":{"psgc":"PH1307501130","brgy":"Barangay 130","city":"Caloocan City","cityPsgc":"PH1307501","cLng":120.98974,"cLat":14.63757},"geometry":{"type":"Polygon","coordinates":[[[120.98821,14.63773],[120.99063,14.63794],[120.99035,14.63704],[120.98821,14.63773]]]}},{"type":"Feature","id":"PH1307501131","properties":{"psgc":"PH1307501131","brgy":"Barangay 131","city":"Caloocan City","cityPsgc":"PH1307501","cLng":120.99232,"cLat":14.63686},"geometry":{"type":"Polygon","coordinates":[[[120.99035,14.63704],[120.99346,14.63736],[120.99314,14.63617],[120.99035,14.63704]]]}},{"type":"Feature","id":"PH1307501132","properties":{"psgc":"PH1307501132","brgy":"Barangay 132","city":"Caloocan City","cityPsgc":"PH1307501","cLng":120.9906,"cLat":14.66276},"geometry":{"type":"Polygon","coordinates":[[[120.99006,14.66451],[120.99164,14.6619],[120.99012,14.66187],[120.99006,14.66451]]]}},{"type":"Feature","id":"PH1307501133","properties":{"psgc":"PH1307501133","brgy":"Barangay 133","city":"Caloocan City","cityPsgc":"PH1307501","cLng":120.9923,"cLat":14.66261},"geometry":{"type":"Polygon","coordinates":[[[120.99164,14.66365],[120.99362,14.66228],[120.99164,14.6619],[120.99164,14.66365]]]}},{"type":"Feature","id":"PH1307501134","properties":{"psgc":"PH1307501134","brgy":"Barangay 134","city":"Caloocan City","cityPsgc":"PH1307501","cLng":120.99067,"cLat":14.65875},"geometry":{"type":"Polygon","coordinates":[[[120.99012,14.66187],[120.99171,14.6572],[120.99018,14.65717],[120.99012,14.66187]]]}},{"type":"Feature","id":"PH1307501135","properties":{"psgc":"PH1307501135","brgy":"Barangay 135","city":"Caloocan City","cityPsgc":"PH1307501","cLng":120.9922,"cLat":14.65878},"geometry":{"type":"Polygon","coordinates":[[[120.99164,14.6619],[120.99326,14.65723],[120.99171,14.6572],[120.99164,14.6619]]]}},{"type":"Feature","id":"PH1307501136","properties":{"psgc":"PH1307501136","brgy":"Barangay 136","city":"Caloocan City","cityPsgc":"PH1307501","cLng":120.99425,"cLat":14.65882},"geometry":{"type":"Polygon","coordinates":[[[120.99629,14.65963],[120.99326,14.65723],[120.99321,14.65959],[120.99629,14.65963]]]}},{"type":"Feature","id":"PH1307501137","properties":{"psgc":"PH1307501137","brgy":"Barangay 137","city":"Caloocan City","cityPsgc":"PH1307501","cLng":120.99421,"cLat":14.66038},"geometry":{"type":"Polygon","coordinates":[[[120.99314,14.66191],[120.99629,14.65963],[120.99321,14.65959],[120.99314,14.66191]]]}},{"type":"Feature","id":"PH1307501138","properties":{"psgc":"PH1307501138","brgy":"Barangay 138","city":"Caloocan City","cityPsgc":"PH1307501","cLng":120.99681,"cLat":14.65884},"geometry":{"type":"Polygon","coordinates":[[[120.99625,14.66194],[120.99784,14.6573],[120.99632,14.65728],[120.99625,14.66194]]]}},{"type":"Feature","id":"PH1307501139","properties":{"psgc":"PH1307501139","brgy":"Barangay 139","city":"Caloocan City","cityPsgc":"PH1307501","cLng":120.99853,"cLat":14.65935},"geometry":{"type":"Polygon","coordinates":[[[120.99778,14.66196],[120.99997,14.6588],[120.99784,14.6573],[120.99778,14.66196]]]}},{"type":"Feature","id":"PH1307501140","properties":{"psgc":"PH1307501140","brgy":"Barangay 140","city":"Caloocan City","cityPsgc":"PH1307501","cLng":120.99507,"cLat":14.66272},"geometry":{"type":"Polygon","coordinates":[[[120.99616,14.6643],[120.99591,14.66194],[120.99314,14.66191],[120.99616,14.6643]]]}},{"type":"Feature","id":"PH1307501141","properties":{"psgc":"PH1307501141","brgy":"Barangay 141","city":"Caloocan City","cityPsgc":"PH1307501","cLng":120.99816,"cLat":14.66274},"geometry":{"type":"Polygon","coordinates":[[[120.99893,14.66443],[120.99965,14.66184],[120.99591,14.66194],[120.99893,14.66443]]]}},{"type":"Feature","id":"PH1307501142","properties":{"psgc":"PH1307501142","brgy":"Barangay 142","city":"Caloocan City","cityPsgc":"PH1307501","cLng":120.99233,"cLat":14.66436},"geometry":{"type":"Polygon","coordinates":[[[120.99148,14.66474],[120.99386,14.66468],[120.99164,14.66365],[120.99148,14.66474]]]}},{"type":"Feature","id":"PH1307501143","properties":{"psgc":"PH1307501143","brgy":"Barangay 143","city":"Caloocan City","cityPsgc":"PH1307501","cLng":120.99348,"cLat":14.66307},"geometry":{"type":"Polygon","coordinates":[[[120.99238,14.66401],[120.99444,14.66293],[120.99362,14.66228],[120.99238,14.66401]]]}},{"type":"Feature","id":"PH1307501144","properties":{"psgc":"PH1307501144","brgy":"Barangay 144","city":"Caloocan City","cityPsgc":"PH1307501","cLng":120.99442,"cLat":14.66374},"geometry":{"type":"Polygon","coordinates":[[[120.99325,14.66445],[120.99558,14.66383],[120.99444,14.66293],[120.99325,14.66445]]]}},{"type":"Feature","id":"PH1307501145","properties":{"psgc":"PH1307501145","brgy":"Barangay 145","city":"Caloocan City","cityPsgc":"PH1307501","cLng":120.99393,"cLat":14.66534},"geometry":{"type":"Polygon","coordinates":[[[120.99282,14.66574],[120.99509,14.6656],[120.99386,14.66468],[120.99282,14.66574]]]}},{"type":"Feature","id":"PH1307501146","properties":{"psgc":"PH1307501146","brgy":"Barangay 146","city":"Caloocan City","cityPsgc":"PH1307501","cLng":120.99506,"cLat":14.66484},"geometry":{"type":"Polygon","coordinates":[[[120.99509,14.6656],[120.99558,14.66383],[120.99451,14.6651],[120.99509,14.6656]]]}},{"type":"Feature","id":"PH1307501147","properties":{"psgc":"PH1307501147","brgy":"Barangay 147","city":"Caloocan City","cityPsgc":"PH1307501","cLng":120.99705,"cLat":14.66432},"geometry":{"type":"Polygon","coordinates":[[[120.99783,14.66559],[120.99718,14.66308],[120.99616,14.6643],[120.99783,14.66559]]]}},{"type":"Feature","id":"PH1307501148","properties":{"psgc":"PH1307501148","brgy":"Barangay 148","city":"Caloocan City","cityPsgc":"PH1307501","cLng":120.99608,"cLat":14.66577},"geometry":{"type":"Polygon","coordinates":[[[120.99568,14.66488],[120.99584,14.66673],[120.99671,14.66569],[120.99568,14.66488]]]}},{"type":"Feature","id":"PH1307501149","properties":{"psgc":"PH1307501149","brgy":"Barangay 149","city":"Caloocan City","cityPsgc":"PH1307501","cLng":120.99542,"cLat":14.66737},"geometry":{"type":"Polygon","coordinates":[[[120.99594,14.66835],[120.99596,14.66658],[120.99435,14.66718],[120.99594,14.66835]]]}},{"type":"Feature","id":"PH1307501150","properties":{"psgc":"PH1307501150","brgy":"Barangay 150","city":"Caloocan City","cityPsgc":"PH1307501","cLng":120.99723,"cLat":14.66594},"geometry":{"type":"Polygon","coordinates":[[[120.99596,14.66658],[120.99854,14.66615],[120.9972,14.6651],[120.99596,14.66658]]]}},{"type":"Feature","id":"PH1307501151","properties":{"psgc":"PH1307501151","brgy":"Barangay 151","city":"Caloocan City","cityPsgc":"PH1307501","cLng":120.99948,"cLat":14.66447},"geometry":{"type":"Polygon","coordinates":[[[120.99783,14.66559],[121.00032,14.66491],[121.0003,14.66291],[120.99783,14.66559]]]}},{"type":"Feature","id":"PH1307501152","properties":{"psgc":"PH1307501152","brgy":"Barangay 152","city":"Caloocan City","cityPsgc":"PH1307501","cLng":120.99728,"cLat":14.66835},"geometry":{"type":"Polygon","coordinates":[[[120.99774,14.66912],[120.99756,14.66732],[120.99653,14.66861],[120.99774,14.66912]]]}},{"type":"Feature","id":"PH1307501153","properties":{"psgc":"PH1307501153","brgy":"Barangay 153","city":"Caloocan City","cityPsgc":"PH1307501","cLng":120.99866,"cLat":14.6669},"geometry":{"type":"Polygon","coordinates":[[[120.99756,14.66732],[120.99987,14.66722],[120.99854,14.66615],[120.99756,14.66732]]]}},{"type":"Feature","id":"PH1307501154","properties":{"psgc":"PH1307501154","brgy":"Barangay 154","city":"Caloocan City","cityPsgc":"PH1307501","cLng":120.99957,"cLat":14.6652},"geometry":{"type":"Polygon","coordinates":[[[120.99852,14.66613],[121.00032,14.66491],[120.99989,14.66456],[120.99852,14.66613]]]}},{"type":"Feature","id":"PH1307501155","properties":{"psgc":"PH1307501155","brgy":"Barangay 155","city":"Caloocan City","cityPsgc":"PH1307501","cLng":120.99951,"cLat":14.66798},"geometry":{"type":"Polygon","coordinates":[[[120.99834,14.66915],[121.00036,14.66757],[120.99987,14.66722],[120.99834,14.66915]]]}},{"type":"Feature","id":"PH1307501156","properties":{"psgc":"PH1307501156","brgy":"Barangay 156","city":"Caloocan City","cityPsgc":"PH1307501","cLng":121.00107,"cLat":14.66633},"geometry":{"type":"Polygon","coordinates":[[[121.00037,14.66772],[121.00252,14.66667],[121.00032,14.6646],[121.00037,14.66772]]]}},{"type":"Feature","id":"PH1307501157","properties":{"psgc":"PH1307501157","brgy":"Barangay 157","city":"Caloocan City","cityPsgc":"PH1307501","cLng":121.00115,"cLat":14.66815},"geometry":{"type":"Polygon","coordinates":[[[121.0004,14.66941],[121.00218,14.66769],[121.00087,14.66735],[121.0004,14.66941]]]}},{"type":"Feature","id":"PH1307501158","properties":{"psgc":"PH1307501158","brgy":"Barangay 158","city":"Caloocan City","cityPsgc":"PH1307501","cLng":121.00325,"cLat":14.66947},"geometry":{"type":"Polygon","coordinates":[[[121.00042,14.67055],[121.00681,14.67113],[121.00251,14.66672],[121.00042,14.67055]]]}},{"type":"Feature","id":"PH1307501159","properties":{"psgc":"PH1307501159","brgy":"Barangay 159","city":"Caloocan City","cityPsgc":"PH1307501","cLng":121.00668,"cLat":14.67445},"geometry":{"type":"Polygon","coordinates":[[[121.00455,14.67608],[121.00887,14.67425],[121.00662,14.67302],[121.00455,14.67608]]]}},{"type":"Feature","id":"PH1307501160","properties":{"psgc":"PH1307501160","brgy":"Barangay 160","city":"Caloocan City","cityPsgc":"PH1307501","cLng":121.00341,"cLat":14.67903},"geometry":{"type":"Polygon","coordinates":[[[121.00132,14.68481],[121.0037,14.67948],[121.00995,14.67487],[121.0006,14.67812],[121.00132,14.68481]]]}},{"type":"Feature","id":"PH1307501161","properties":{"psgc":"PH1307501161","brgy":"Barangay 161","city":"Caloocan City","cityPsgc":"PH1307501","cLng":121.00042,"cLat":14.67552},"geometry":{"type":"Polygon","coordinates":[[[120.99902,14.68108],[121.00548,14.67468],[121.00042,14.67055],[120.99615,14.67531],[120.99902,14.68108]]]}},{"type":"Feature","id":"PH1307501162","properties":{"psgc":"PH1307501162","brgy":"Barangay 162","city":"Caloocan City","cityPsgc":"PH1307501","cLng":121.00607,"cLat":14.68201},"geometry":{"type":"Polygon","coordinates":[[[121.00125,14.68502],[121.01063,14.68285],[121.00634,14.67816],[121.00125,14.68502]]]}},{"type":"Feature","id":"PH1307501163","properties":{"psgc":"PH1307501163","brgy":"Barangay 163","city":"Caloocan City","cityPsgc":"PH1307501","cLng":121.01099,"cLat":14.68007},"geometry":{"type":"Polygon","coordinates":[[[121.01372,14.68553],[121.0127,14.67638],[121.00654,14.67829],[121.01372,14.68553]]]}},{"type":"Feature","id":"PH1307501164","properties":{"psgc":"PH1307501164","brgy":"Barangay 164","city":"Caloocan City","cityPsgc":"PH1307501","cLng":121.01648,"cLat":14.68756},"geometry":{"type":"Polygon","coordinates":[[[121.01308,14.69002],[121.02265,14.68714],[121.01372,14.68553],[121.01308,14.69002]]]}},{"type":"Feature","id":"PH1307501165","properties":{"psgc":"PH1307501165","brgy":"Barangay 165","city":"Caloocan City","cityPsgc":"PH1307501","cLng":121.00526,"cLat":14.71717},"geometry":{"type":"Polygon","coordinates":[[[121.00025,14.71425],[121.00588,14.72631],[121.00964,14.71095],[121.00025,14.71425]]]}},{"type":"Feature","id":"PH1307501166","properties":{"psgc":"PH1307501166","brgy":"Barangay 166","city":"Caloocan City","cityPsgc":"PH1307501","cLng":121.01231,"cLat":14.71904},"geometry":{"type":"Polygon","coordinates":[[[121.01929,14.72717],[121.01467,14.7093],[121.01136,14.70799],[121.00457,14.72454],[121.01929,14.72717]]]}},{"type":"Feature","id":"PH1307501167","properties":{"psgc":"PH1307501167","brgy":"Barangay 167","city":"Caloocan City","cityPsgc":"PH1307501","cLng":121.01275,"cLat":14.73262},"geometry":{"type":"Polygon","coordinates":[[[121.00731,14.74546],[121.01363,14.73573],[121.02903,14.72831],[121.00457,14.72673],[121.00731,14.74546]]]}},{"type":"Feature","id":"PH1307501168","properties":{"psgc":"PH1307501168","brgy":"Barangay 168","city":"Caloocan City","cityPsgc":"PH1307501","cLng":121.02147,"cLat":14.73962},"geometry":{"type":"Polygon","coordinates":[[[121.00933,14.74623],[121.0201,14.74199],[121.03476,14.74431],[121.02725,14.73405],[121.01363,14.73573],[121.00933,14.74623]]]}},{"type":"Feature","id":"PH1307501169","properties":{"psgc":"PH1307501169","brgy":"Barangay 169","city":"Caloocan City","cityPsgc":"PH1307501","cLng":121.02493,"cLat":14.73212},"geometry":{"type":"Polygon","coordinates":[[[121.02198,14.72934],[121.0255,14.73581],[121.02731,14.73121],[121.02198,14.72934]]]}},{"type":"Feature","id":"PH1307501170","properties":{"psgc":"PH1307501170","brgy":"Barangay 170","city":"Caloocan City","cityPsgc":"PH1307501","cLng":121.03305,"cLat":14.73718},"geometry":{"type":"Polygon","coordinates":[[[121.0348,14.74406],[121.03942,14.7376],[121.02732,14.73057],[121.02725,14.73405],[121.0348,14.74406]]]}},{"type":"Feature","id":"PH1307501171","properties":{"psgc":"PH1307501171","brgy":"Barangay 171","city":"Caloocan City","cityPsgc":"PH1307501","cLng":121.02141,"cLat":14.75511},"geometry":{"type":"Polygon","coordinates":[[[121.02992,14.77631],[121.03473,14.7448],[121.00296,14.74874],[121.00087,14.75352],[121.02402,14.76303],[121.02992,14.77631]]]}},{"type":"Feature","id":"PH1307501172","properties":{"psgc":"PH1307501172","brgy":"Barangay 172","city":"Caloocan City","cityPsgc":"PH1307501","cLng":121.04056,"cLat":14.74594},"geometry":{"type":"Polygon","coordinates":[[[121.04051,14.75464],[121.04631,14.74288],[121.03486,14.74029],[121.04051,14.75464]]]}},{"type":"Feature","id":"PH1307501173","properties":{"psgc":"PH1307501173","brgy":"Barangay 173","city":"Caloocan City","cityPsgc":"PH1307501","cLng":121.03487,"cLat":14.75334},"geometry":{"type":"Polygon","coordinates":[[[121.03373,14.76101],[121.04006,14.75383],[121.03476,14.74431],[121.03014,14.75603],[121.03373,14.76101]]]}},{"type":"Feature","id":"PH1307501174","properties":{"psgc":"PH1307501174","brgy":"Barangay 174","city":"Caloocan City","cityPsgc":"PH1307501","cLng":121.04864,"cLat":14.76042},"geometry":{"type":"Polygon","coordinates":[[[121.05124,14.76765],[121.05312,14.75679],[121.0437,14.75603],[121.04377,14.7602],[121.05124,14.76765]]]}},{"type":"Feature","id":"PH1307501175","properties":{"psgc":"PH1307501175","brgy":"Barangay 175","city":"Caloocan City","cityPsgc":"PH1307501","cLng":121.03837,"cLat":14.76553},"geometry":{"type":"Polygon","coordinates":[[[121.03052,14.7761],[121.0486,14.76726],[121.04006,14.75383],[121.03106,14.76474],[121.03052,14.7761]]]}},{"type":"Feature","id":"PH1307501176","properties":{"psgc":"PH1307501176","brgy":"Barangay 176","city":"Caloocan City","cityPsgc":"PH1307501","cLng":121.04604,"cLat":14.77601},"geometry":{"type":"Polygon","coordinates":[[[121.03842,14.78525],[121.05553,14.78251],[121.06283,14.7736],[121.0542,14.76517],[121.02582,14.77625],[121.03842,14.78525]]]}},{"type":"Feature","id":"PH1307501177","properties":{"psgc":"PH1307501177","brgy":"Barangay 177","city":"Caloocan City","cityPsgc":"PH1307501","cLng":121.05372,"cLat":14.74723},"geometry":{"type":"Polygon","coordinates":[[[121.0437,14.75603],[121.06727,14.74708],[121.06725,14.7422],[121.04408,14.74217],[121.0437,14.75603]]]}},{"type":"Feature","id":"PH1307501178","properties":{"psgc":"PH1307501178","brgy":"Barangay 178","city":"Caloocan City","cityPsgc":"PH1307501","cLng":121.0605,"cLat":14.75665},"geometry":{"type":"Polygon","coordinates":[[[121.05315,14.76556],[121.06744,14.76166],[121.06727,14.74708],[121.05364,14.75224],[121.05315,14.76556]]]}},{"type":"Feature","id":"PH1307501179","properties":{"psgc":"PH1307501179","brgy":"Barangay 179","city":"Caloocan City","cityPsgc":"PH1307501","cLng":121.07389,"cLat":14.74929},"geometry":{"type":"Polygon","coordinates":[[[121.06822,14.75912],[121.08467,14.75382],[121.07504,14.74019],[121.06723,14.7392],[121.06822,14.75912]]]}},{"type":"Feature","id":"PH1307501180","properties":{"psgc":"PH1307501180","brgy":"Barangay 180","city":"Caloocan City","cityPsgc":"PH1307501","cLng":121.07744,"cLat":14.76172},"geometry":{"type":"Polygon","coordinates":[[[121.08119,14.76829],[121.0815,14.75881],[121.06748,14.75983],[121.07691,14.76257],[121.08119,14.76829]]]}},{"type":"Feature","id":"PH1307501181","properties":{"psgc":"PH1307501181","brgy":"Barangay 181","city":"Caloocan City","cityPsgc":"PH1307501","cLng":121.08965,"cLat":14.76638},"geometry":{"type":"Polygon","coordinates":[[[121.08259,14.77489],[121.08689,14.76803],[121.09503,14.77087],[121.09612,14.76554],[121.08654,14.76021],[121.08259,14.77489]]]}},{"type":"Feature","id":"PH1307501182","properties":{"psgc":"PH1307501182","brgy":"Barangay 182","city":"Caloocan City","cityPsgc":"PH1307501","cLng":121.09385,"cLat":14.76441},"geometry":{"type":"Polygon","coordinates":[[[121.09892,14.77153],[121.09973,14.76256],[121.08593,14.75868],[121.08814,14.76431],[121.09892,14.77153]]]}},{"type":"Feature","id":"PH1307501183","properties":{"psgc":"PH1307501183","brgy":"Barangay 183","city":"Caloocan City","cityPsgc":"PH1307501","cLng":121.08243,"cLat":14.75382},"geometry":{"type":"Polygon","coordinates":[[[121.08142,14.76311],[121.08465,14.75144],[121.08121,14.7469],[121.08142,14.76311]]]}},{"type":"Feature","id":"PH1307501184","properties":{"psgc":"PH1307501184","brgy":"Barangay 184","city":"Caloocan City","cityPsgc":"PH1307501","cLng":121.08301,"cLat":14.76509},"geometry":{"type":"Polygon","coordinates":[[[121.08118,14.77113],[121.08172,14.76803],[121.08656,14.76313],[121.08142,14.76311],[121.08118,14.77113]]]}},{"type":"Feature","id":"PH1307501185","properties":{"psgc":"PH1307501185","brgy":"Barangay 185","city":"Caloocan City","cityPsgc":"PH1307501","cLng":121.07699,"cLat":14.76985},"geometry":{"type":"Polygon","coordinates":[[[121.07729,14.77662],[121.08119,14.76829],[121.07691,14.76271],[121.0727,14.77199],[121.07729,14.77662]]]}},{"type":"Feature","id":"PH1307501186","properties":{"psgc":"PH1307501186","brgy":"Barangay 186","city":"Caloocan City","cityPsgc":"PH1307501","cLng":121.07039,"cLat":14.76745},"geometry":{"type":"Polygon","coordinates":[[[121.07107,14.77605],[121.07691,14.76257],[121.06701,14.76161],[121.06476,14.76929],[121.07107,14.77605]]]}},{"type":"Feature","id":"PH1307501187","properties":{"psgc":"PH1307501187","brgy":"Barangay 187","city":"Caloocan City","cityPsgc":"PH1307501","cLng":121.06038,"cLat":14.76557},"geometry":{"type":"Polygon","coordinates":[[[121.05611,14.76854],[121.06769,14.76581],[121.06793,14.76466],[121.05515,14.76308],[121.05611,14.76854]]]}},{"type":"Feature","id":"PH1307501188","properties":{"psgc":"PH1307501188","brgy":"Barangay 188","city":"Caloocan City","cityPsgc":"PH1307501","cLng":121.06203,"cLat":14.77071},"geometry":{"type":"Polygon","coordinates":[[[121.06566,14.77753],[121.06586,14.76588],[121.05705,14.7674],[121.05642,14.77087],[121.06566,14.77753]]]}},{"type":"Feature","id":"PH1307502001","properties":{"psgc":"PH1307502001","brgy":"Acacia","city":"City of Malabon","cityPsgc":"PH1307502","cLng":120.9688,"cLat":14.66832},"geometry":{"type":"Polygon","coordinates":[[[120.97281,14.67054],[120.96783,14.66636],[120.96575,14.66806],[120.97281,14.67054]]]}},{"type":"Feature","id":"PH1307502002","properties":{"psgc":"PH1307502002","brgy":"Baritan","city":"City of Malabon","cityPsgc":"PH1307502","cLng":120.94645,"cLat":14.67255},"geometry":{"type":"Polygon","coordinates":[[[120.9449,14.67394],[120.9522,14.6719],[120.94224,14.67182],[120.9449,14.67394]]]}},{"type":"Feature","id":"PH1307502003","properties":{"psgc":"PH1307502003","brgy":"Bayan-bayanan","city":"City of Malabon","cityPsgc":"PH1307502","cLng":120.94548,"cLat":14.67491},"geometry":{"type":"Polygon","coordinates":[[[120.94408,14.67648],[120.94733,14.67468],[120.94503,14.67358],[120.94408,14.67648]]]}},{"type":"Feature","id":"PH1307502004","properties":{"psgc":"PH1307502004","brgy":"Catmon","city":"City of Malabon","cityPsgc":"PH1307502","cLng":120.961,"cLat":14.66788},"geometry":{"type":"Polygon","coordinates":[[[120.9528,14.67056],[120.96453,14.66994],[120.96568,14.66314],[120.9528,14.67056]]]}},{"type":"Feature","id":"PH1307502005","properties":{"psgc":"PH1307502005","brgy":"Concepcion","city":"City of Malabon","cityPsgc":"PH1307502","cLng":120.95001,"cLat":14.66902},"geometry":{"type":"Polygon","coordinates":[[[120.9522,14.6719],[120.95316,14.66576],[120.94468,14.66941],[120.9522,14.6719]]]}},{"type":"Feature","id":"PH1307502006","properties":{"psgc":"PH1307502006","brgy":"Dampalit","city":"City of Malabon","cityPsgc":"PH1307502","cLng":120.9361,"cLat":14.69215},"geometry":{"type":"Polygon","coordinates":[[[120.92898,14.70248],[120.9454,14.68843],[120.95037,14.67893],[120.9283,14.69357],[120.92351,14.69917],[120.92898,14.70248]]]}},{"type":"Feature","id":"PH1307502007","properties":{"psgc":"PH1307502007","brgy":"Flores","city":"City of Malabon","cityPsgc":"PH1307502","cLng":120.94245,"cLat":14.67383},"geometry":{"type":"Polygon","coordinates":[[[120.94035,14.67525],[120.9449,14.67394],[120.9421,14.67231],[120.94035,14.67525]]]}},{"type":"Feature","id":"PH1307502008","properties":{"psgc":"PH1307502008","brgy":"Hulong Duhat","city":"City of Malabon","cityPsgc":"PH1307502","cLng":120.94172,"cLat":14.67962},"geometry":{"type":"Polygon","coordinates":[[[120.93814,14.68464],[120.94286,14.68223],[120.94622,14.67773],[120.94035,14.67525],[120.93814,14.68464]]]}},{"type":"Feature","id":"PH1307502009","properties":{"psgc":"PH1307502009","brgy":"Ibaba","city":"City of Malabon","cityPsgc":"PH1307502","cLng":120.94994,"cLat":14.66393},"geometry":{"type":"Polygon","coordinates":[[[120.94744,14.66552],[120.95366,14.66448],[120.94871,14.6618],[120.94744,14.66552]]]}},{"type":"Feature","id":"PH1307502010","properties":{"psgc":"PH1307502010","brgy":"Longos","city":"City of Malabon","cityPsgc":"PH1307502","cLng":120.9599,"cLat":14.65325},"geometry":{"type":"Polygon","coordinates":[[[120.95676,14.66026],[120.96358,14.65471],[120.96226,14.64502],[120.95599,14.65412],[120.95676,14.66026]]]}},{"type":"Feature","id":"PH1307502011","properties":{"psgc":"PH1307502011","brgy":"Maysilo","city":"City of Malabon","cityPsgc":"PH1307502","cLng":120.9593,"cLat":14.67755},"geometry":{"type":"Polygon","coordinates":[[[120.96317,14.6844],[120.96456,14.67405],[120.95373,14.67365],[120.95178,14.67606],[120.96317,14.6844]]]}},{"type":"Feature","id":"PH1307502012","properties":{"psgc":"PH1307502012","brgy":"Muzon","city":"City of Malabon","cityPsgc":"PH1307502","cLng":120.95112,"cLat":14.67373},"geometry":{"type":"Polygon","coordinates":[[[120.94675,14.67596],[120.95373,14.67365],[120.95289,14.67157],[120.94675,14.67596]]]}},{"type":"Feature","id":"PH1307502013","properties":{"psgc":"PH1307502013","brgy":"Niugan","city":"City of Malabon","cityPsgc":"PH1307502","cLng":120.95593,"cLat":14.66458},"geometry":{"type":"Polygon","coordinates":[[[120.95316,14.66576],[120.95916,14.66816],[120.95546,14.65982],[120.95316,14.66576]]]}},{"type":"Feature","id":"PH1307502014","properties":{"psgc":"PH1307502014","brgy":"Panghulo","city":"City of Malabon","cityPsgc":"PH1307502","cLng":120.95258,"cLat":14.68491},"geometry":{"type":"Polygon","coordinates":[[[120.9536,14.69414],[120.95999,14.68175],[120.95178,14.67606],[120.945,14.68722],[120.9536,14.69414]]]}},{"type":"Feature","id":"PH1307502015","properties":{"psgc":"PH1307502015","brgy":"Potrero","city":"City of Malabon","cityPsgc":"PH1307502","cLng":120.98391,"cLat":14.66911},"geometry":{"type":"Polygon","coordinates":[[[120.97375,14.67819],[120.9857,14.66879],[120.99615,14.67531],[121.0004,14.66943],[120.9741,14.66146],[120.97375,14.67819]]]}},{"type":"Feature","id":"PH1307502016","properties":{"psgc":"PH1307502016","brgy":"San Agustin","city":"City of Malabon","cityPsgc":"PH1307502","cLng":120.95121,"cLat":14.65998},"geometry":{"type":"Polygon","coordinates":[[[120.94871,14.6618],[120.95546,14.65982],[120.94945,14.65832],[120.94871,14.6618]]]}},{"type":"Feature","id":"PH1307502017","properties":{"psgc":"PH1307502017","brgy":"Santolan","city":"City of Malabon","cityPsgc":"PH1307502","cLng":120.95917,"cLat":14.68783},"geometry":{"type":"Polygon","coordinates":[[[120.95626,14.69552],[120.96102,14.6864],[120.96222,14.68558],[120.96248,14.68483],[120.95894,14.68365],[120.95626,14.69552]]]}},{"type":"Feature","id":"PH1307502018","properties":{"psgc":"PH1307502018","brgy":"Tañong (Pob.)","city":"City of Malabon","cityPsgc":"PH1307502","cLng":120.95288,"cLat":14.65489},"geometry":{"type":"Polygon","coordinates":[[[120.94945,14.65832],[120.95625,14.65447],[120.95293,14.65187],[120.94945,14.65832]]]}},{"type":"Feature","id":"PH1307502019","properties":{"psgc":"PH1307502019","brgy":"Tinajeros","city":"City of Malabon","cityPsgc":"PH1307502","cLng":120.96709,"cLat":14.67304},"geometry":{"type":"Polygon","coordinates":[[[120.96943,14.67893],[120.97281,14.67054],[120.96454,14.66786],[120.96111,14.67434],[120.96943,14.67893]]]}},{"type":"Feature","id":"PH1307502020","properties":{"psgc":"PH1307502020","brgy":"Tonsuya","city":"City of Malabon","cityPsgc":"PH1307502","cLng":120.96167,"cLat":14.66258},"geometry":{"type":"Polygon","coordinates":[[[120.95927,14.66811],[120.96613,14.66306],[120.96686,14.65868],[120.95661,14.66028],[120.95927,14.66811]]]}},{"type":"Feature","id":"PH1307502021","properties":{"psgc":"PH1307502021","brgy":"Tugatog","city":"City of Malabon","cityPsgc":"PH1307502","cLng":120.96947,"cLat":14.66392},"geometry":{"type":"Polygon","coordinates":[[[120.9658,14.66794],[120.97303,14.66727],[120.97344,14.66192],[120.96686,14.65868],[120.9658,14.66794]]]}},{"type":"Feature","id":"PH1307503001","properties":{"psgc":"PH1307503001","brgy":"Sipac-Almacen","city":"City of Navotas","cityPsgc":"PH1307503","cLng":120.94649,"cLat":14.65641},"geometry":{"type":"Polygon","coordinates":[[[120.94376,14.6578],[120.94983,14.65615],[120.94588,14.65527],[120.94376,14.6578]]]}},{"type":"Feature","id":"PH1307503002","properties":{"psgc":"PH1307503002","brgy":"Bagumbayan North","city":"City of Navotas","cityPsgc":"PH1307503","cLng":120.94773,"cLat":14.65129},"geometry":{"type":"Polygon","coordinates":[[[120.94812,14.65293],[120.94819,14.64988],[120.94688,14.65107],[120.94812,14.65293]]]}},{"type":"Feature","id":"PH1307503003","properties":{"psgc":"PH1307503003","brgy":"Bagumbayan South","city":"City of Navotas","cityPsgc":"PH1307503","cLng":120.94963,"cLat":14.6512},"geometry":{"type":"Polygon","coordinates":[[[120.94792,14.65118],[120.95293,14.65187],[120.94803,14.65054],[120.94792,14.65118]]]}},{"type":"Feature","id":"PH1307503004","properties":{"psgc":"PH1307503004","brgy":"Bangculasi","city":"City of Navotas","cityPsgc":"PH1307503","cLng":120.9525,"cLat":14.6479},"geometry":{"type":"Polygon","coordinates":[[[120.9484,14.65],[120.95611,14.64816],[120.95299,14.64553],[120.9484,14.65]]]}},{"type":"Feature","id":"PH1307503005","properties":{"psgc":"PH1307503005","brgy":"Daanghari","city":"City of Navotas","cityPsgc":"PH1307503","cLng":120.94054,"cLat":14.6668},"geometry":{"type":"Polygon","coordinates":[[[120.93694,14.6678],[120.94573,14.66801],[120.93896,14.66459],[120.93694,14.6678]]]}},{"type":"Feature","id":"PH1307503006","properties":{"psgc":"PH1307503006","brgy":"Navotas East","city":"City of Navotas","cityPsgc":"PH1307503","cLng":120.94965,"cLat":14.65394},"geometry":{"type":"Polygon","coordinates":[[[120.94805,14.65546],[120.95125,14.65347],[120.94963,14.65288],[120.94805,14.65546]]]}},{"type":"Feature","id":"PH1307503007","properties":{"psgc":"PH1307503007","brgy":"Navotas West","city":"City of Navotas","cityPsgc":"PH1307503","cLng":120.94833,"cLat":14.65369},"geometry":{"type":"MultiPolygon","coordinates":[[[[120.94718,14.65319],[120.94763,14.65252],[120.94705,14.65325],[120.94718,14.65319]]],[[[120.94779,14.65267],[120.94805,14.65546],[120.94916,14.65293],[120.94779,14.65267]]]]}},{"type":"Feature","id":"PH1307503008","properties":{"psgc":"PH1307503008","brgy":"North Bay Blvd., North","city":"City of Navotas","cityPsgc":"PH1307503","cLng":120.95022,"cLat":14.64616},"geometry":{"type":"Polygon","coordinates":[[[120.94873,14.64953],[120.95299,14.64553],[120.94763,14.6429],[120.94904,14.644],[120.94873,14.64953]]]}},{"type":"Feature","id":"PH1307503009","properties":{"psgc":"PH1307503009","brgy":"NBBS Kaunlaran","city":"City of Navotas","cityPsgc":"PH1307503","cLng":120.95769,"cLat":14.63954},"geometry":{"type":"Polygon","coordinates":[[[120.95215,14.64479],[120.96295,14.63989],[120.95796,14.63395],[120.95215,14.64479]]]}},{"type":"Feature","id":"PH1307503010","properties":{"psgc":"PH1307503010","brgy":"San Jose (Pob.)","city":"City of Navotas","cityPsgc":"PH1307503","cLng":120.94393,"cLat":14.66239},"geometry":{"type":"Polygon","coordinates":[[[120.94577,14.66796],[120.94887,14.66062],[120.94376,14.6578],[120.93782,14.66193],[120.94577,14.66796]]]}},{"type":"Feature","id":"PH1307503011","properties":{"psgc":"PH1307503011","brgy":"San Rafael Village","city":"City of Navotas","cityPsgc":"PH1307503","cLng":120.96502,"cLat":14.6386},"geometry":{"type":"Polygon","coordinates":[[[120.96315,14.64375],[120.96891,14.63824],[120.96863,14.63517],[120.96135,14.6364],[120.96315,14.64375]]]}},{"type":"Feature","id":"PH1307503012","properties":{"psgc":"PH1307503012","brgy":"San Roque","city":"City of Navotas","cityPsgc":"PH1307503","cLng":120.93835,"cLat":14.66927},"geometry":{"type":"Polygon","coordinates":[[[120.93482,14.66941],[120.94348,14.67093],[120.93676,14.66747],[120.93482,14.66941]]]}},{"type":"Feature","id":"PH1307503013","properties":{"psgc":"PH1307503013","brgy":"Tangos South","city":"City of Navotas","cityPsgc":"PH1307503","cLng":120.93454,"cLat":14.67141},"geometry":{"type":"Polygon","coordinates":[[[120.93154,14.67261],[120.93725,14.67221],[120.93482,14.66941],[120.93154,14.67261]]]}},{"type":"Feature","id":"PH1307503014","properties":{"psgc":"PH1307503014","brgy":"Tanza 1","city":"City of Navotas","cityPsgc":"PH1307503","cLng":120.92104,"cLat":14.69625},"geometry":{"type":"Polygon","coordinates":[[[120.92356,14.70849],[120.92351,14.69917],[120.94224,14.67182],[120.9064,14.70069],[120.91491,14.71234],[120.92356,14.70849]]]}},{"type":"Feature","id":"PH1307503015","properties":{"psgc":"PH1307503015","brgy":"NBBS Dagat-dagatan","city":"City of Navotas","cityPsgc":"PH1307503","cLng":120.95866,"cLat":14.64663},"geometry":{"type":"Polygon","coordinates":[[[120.95293,14.65187],[120.96242,14.64471],[120.96064,14.6433],[120.95293,14.65187]]]}},{"type":"Feature","id":"PH1307503016","properties":{"psgc":"PH1307503016","brgy":"NBBS Proper","city":"City of Navotas","cityPsgc":"PH1307503","cLng":120.95424,"cLat":14.63744},"geometry":{"type":"Polygon","coordinates":[[[120.95215,14.64479],[120.95796,14.63395],[120.94716,14.63684],[120.95424,14.63618],[120.95215,14.64479]]]}},{"type":"Feature","id":"PH1307503017","properties":{"psgc":"PH1307503017","brgy":"Tangos North","city":"City of Navotas","cityPsgc":"PH1307503","cLng":120.93591,"cLat":14.67284},"geometry":{"type":"Polygon","coordinates":[[[120.93146,14.67289],[120.93842,14.67359],[120.93785,14.67205],[120.93146,14.67289]]]}},{"type":"Feature","id":"PH1307503018","properties":{"psgc":"PH1307503018","brgy":"Tanza 2","city":"City of Navotas","cityPsgc":"PH1307503","cLng":120.93483,"cLat":14.67636},"geometry":{"type":"Polygon","coordinates":[[[120.92657,14.68041],[120.93968,14.67497],[120.93824,14.6737],[120.92657,14.68041]]]}},{"type":"Feature","id":"PH1307504001","properties":{"psgc":"PH1307504001","brgy":"Arkong Bato","city":"City of Valenzuela","cityPsgc":"PH1307504","cLng":120.95235,"cLat":14.69737},"geometry":{"type":"Polygon","coordinates":[[[120.9477,14.70044],[120.95621,14.69742],[120.95313,14.69424],[120.9477,14.70044]]]}},{"type":"Feature","id":"PH1307504002","properties":{"psgc":"PH1307504002","brgy":"Bagbaguin","city":"City of Valenzuela","cityPsgc":"PH1307504","cLng":121.00153,"cLat":14.71468},"geometry":{"type":"Polygon","coordinates":[[[121.00161,14.72778],[121.00025,14.71425],[121.00859,14.70602],[121.00241,14.70803],[120.99774,14.71723],[121.00161,14.72778]]]}},{"type":"Feature","id":"PH1307504003","properties":{"psgc":"PH1307504003","brgy":"Balangkas","city":"City of Valenzuela","cityPsgc":"PH1307504","cLng":120.93507,"cLat":14.72141},"geometry":{"type":"Polygon","coordinates":[[[120.93345,14.72862],[120.93701,14.71975],[120.9457,14.7093],[120.92938,14.72431],[120.93345,14.72862]]]}},{"type":"Feature","id":"PH1307504004","properties":{"psgc":"PH1307504004","brgy":"Parada","city":"City of Valenzuela","cityPsgc":"PH1307504","cLng":120.99267,"cLat":14.69621},"geometry":{"type":"Polygon","coordinates":[[[120.98105,14.69346],[120.99649,14.70173],[121.00046,14.69343],[120.98105,14.69346]]]}},{"type":"Feature","id":"PH1307504005","properties":{"psgc":"PH1307504005","brgy":"Bignay","city":"City of Valenzuela","cityPsgc":"PH1307504","cLng":120.99573,"cLat":14.74706},"geometry":{"type":"Polygon","coordinates":[[[120.99795,14.75824],[121.00705,14.74578],[121.00456,14.73563],[120.98314,14.74289],[120.98908,14.75734],[120.99795,14.75824]]]}},{"type":"Feature","id":"PH1307504006","properties":{"psgc":"PH1307504006","brgy":"Bisig","city":"City of Valenzuela","cityPsgc":"PH1307504","cLng":120.94594,"cLat":14.71224},"geometry":{"type":"Polygon","coordinates":[[[120.94347,14.71491],[120.94802,14.71172],[120.94632,14.71009],[120.94347,14.71491]]]}},{"type":"Feature","id":"PH1307504007","properties":{"psgc":"PH1307504007","brgy":"Canumay West (Canumay)","city":"City of Valenzuela","cityPsgc":"PH1307504","cLng":120.98182,"cLat":14.71109},"geometry":{"type":"Polygon","coordinates":[[[120.98254,14.71839],[120.98963,14.70632],[120.9733,14.70857],[120.98254,14.71839]]]}},{"type":"Feature","id":"PH1307504008","properties":{"psgc":"PH1307504008","brgy":"Karuhatan","city":"City of Valenzuela","cityPsgc":"PH1307504","cLng":120.9749,"cLat":14.68816},"geometry":{"type":"Polygon","coordinates":[[[120.98052,14.69475],[120.98118,14.68348],[120.97057,14.6821],[120.96696,14.69129],[120.98052,14.69475]]]}},{"type":"Feature","id":"PH1307504009","properties":{"psgc":"PH1307504009","brgy":"Coloong","city":"City of Valenzuela","cityPsgc":"PH1307504","cLng":120.9448,"cLat":14.72384},"geometry":{"type":"Polygon","coordinates":[[[120.93539,14.7339],[120.95103,14.72456],[120.94798,14.71307],[120.93539,14.7339]]]}},{"type":"Feature","id":"PH1307504010","properties":{"psgc":"PH1307504010","brgy":"Dalandanan","city":"City of Valenzuela","cityPsgc":"PH1307504","cLng":120.9597,"cLat":14.70669},"geometry":{"type":"Polygon","coordinates":[[[120.95112,14.71339],[120.9642,14.70979],[120.96377,14.6969],[120.95112,14.71339]]]}},{"type":"Feature","id":"PH1307504011","properties":{"psgc":"PH1307504011","brgy":"Gen. T. de Leon","city":"City of Valenzuela","cityPsgc":"PH1307504","cLng":120.9941,"cLat":14.68812},"geometry":{"type":"Polygon","coordinates":[[[121.00309,14.6969],[121.00638,14.68635],[120.99816,14.68022],[120.9813,14.68267],[120.98311,14.69246],[121.00309,14.6969]]]}},{"type":"Feature","id":"PH1307504012","properties":{"psgc":"PH1307504012","brgy":"Isla","city":"City of Valenzuela","cityPsgc":"PH1307504","cLng":120.95243,"cLat":14.70356},"geometry":{"type":"Polygon","coordinates":[[[120.94911,14.71054],[120.9569,14.69923],[120.95621,14.69726],[120.94909,14.70503],[120.94911,14.71054]]]}},{"type":"Feature","id":"PH1307504013","properties":{"psgc":"PH1307504013","brgy":"Lawang Bato","city":"City of Valenzuela","cityPsgc":"PH1307504","cLng":120.99255,"cLat":14.72998},"geometry":{"type":"Polygon","coordinates":[[[120.99882,14.73856],[121.00369,14.7279],[120.9855,14.72198],[120.9813,14.73114],[120.99882,14.73856]]]}},{"type":"Feature","id":"PH1307504014","properties":{"psgc":"PH1307504014","brgy":"Lingunan","city":"City of Valenzuela","cityPsgc":"PH1307504","cLng":120.97653,"cLat":14.71715},"geometry":{"type":"Polygon","coordinates":[[[120.97013,14.72198],[120.98635,14.72043],[120.9731,14.70905],[120.97013,14.72198]]]}},{"type":"Feature","id":"PH1307504015","properties":{"psgc":"PH1307504015","brgy":"Mabolo","city":"City of Valenzuela","cityPsgc":"PH1307504","cLng":120.94812,"cLat":14.70982},"geometry":{"type":"Polygon","coordinates":[[[120.94632,14.71009],[120.95021,14.71049],[120.94783,14.70887],[120.94632,14.71009]]]}},{"type":"Feature","id":"PH1307504016","properties":{"psgc":"PH1307504016","brgy":"Malanday","city":"City of Valenzuela","cityPsgc":"PH1307504","cLng":120.95504,"cLat":14.72002},"geometry":{"type":"Polygon","coordinates":[[[120.94836,14.73429],[120.96253,14.71976],[120.96007,14.70847],[120.95033,14.71462],[120.94836,14.73429]]]}},{"type":"Feature","id":"PH1307504017","properties":{"psgc":"PH1307504017","brgy":"Malinta","city":"City of Valenzuela","cityPsgc":"PH1307504","cLng":120.96538,"cLat":14.68779},"geometry":{"type":"Polygon","coordinates":[[[120.96799,14.70129],[120.97134,14.67829],[120.96486,14.675],[120.95791,14.69298],[120.96799,14.70129]]]}},{"type":"Feature","id":"PH1307504018","properties":{"psgc":"PH1307504018","brgy":"Mapulang Lupa","city":"City of Valenzuela","cityPsgc":"PH1307504","cLng":121.00404,"cLat":14.70409},"geometry":{"type":"Polygon","coordinates":[[[121.0013,14.71195],[121.01192,14.70501],[121.00692,14.69701],[120.99649,14.70173],[121.0013,14.71195]]]}},{"type":"Feature","id":"PH1307504019","properties":{"psgc":"PH1307504019","brgy":"Marulas","city":"City of Valenzuela","cityPsgc":"PH1307504","cLng":120.98571,"cLat":14.6759},"geometry":{"type":"Polygon","coordinates":[[[120.97128,14.67808],[120.98467,14.67963],[120.99761,14.68047],[120.99838,14.67871],[120.9857,14.66879],[120.97128,14.67808]]]}},{"type":"Feature","id":"PH1307504020","properties":{"psgc":"PH1307504020","brgy":"Maysan","city":"City of Valenzuela","cityPsgc":"PH1307504","cLng":120.97719,"cLat":14.70042},"geometry":{"type":"Polygon","coordinates":[[[120.96734,14.70737],[120.97447,14.70403],[120.98972,14.70579],[120.98344,14.69644],[120.97059,14.6932],[120.96734,14.70737]]]}},{"type":"Feature","id":"PH1307504021","properties":{"psgc":"PH1307504021","brgy":"Palasan","city":"City of Valenzuela","cityPsgc":"PH1307504","cLng":120.94748,"cLat":14.703},"geometry":{"type":"Polygon","coordinates":[[[120.94346,14.70573],[120.95128,14.70284],[120.9477,14.70044],[120.94346,14.70573]]]}},{"type":"Feature","id":"PH1307504022","properties":{"psgc":"PH1307504022","brgy":"Pariancillo Villa","city":"City of Valenzuela","cityPsgc":"PH1307504","cLng":120.94372,"cLat":14.70702},"geometry":{"type":"Polygon","coordinates":[[[120.94177,14.70791],[120.94615,14.70746],[120.94324,14.7057],[120.94177,14.70791]]]}},{"type":"Feature","id":"PH1307504023","properties":{"psgc":"PH1307504023","brgy":"Paso de Blas","city":"City of Valenzuela","cityPsgc":"PH1307504","cLng":120.99439,"cLat":14.70732},"geometry":{"type":"Polygon","coordinates":[[[120.999,14.71477],[121.00093,14.70554],[120.98536,14.7005],[120.99174,14.71053],[120.999,14.71477]]]}},{"type":"Feature","id":"PH1307504024","properties":{"psgc":"PH1307504024","brgy":"Pasolo","city":"City of Valenzuela","cityPsgc":"PH1307504","cLng":120.95364,"cLat":14.70702},"geometry":{"type":"Polygon","coordinates":[[[120.95057,14.71429],[120.95859,14.70333],[120.95591,14.701],[120.9497,14.70855],[120.95057,14.71429]]]}},{"type":"Feature","id":"PH1307504025","properties":{"psgc":"PH1307504025","brgy":"Poblacion","city":"City of Valenzuela","cityPsgc":"PH1307504","cLng":120.94626,"cLat":14.70847},"geometry":{"type":"Polygon","coordinates":[[[120.94497,14.70893],[120.94764,14.70902],[120.94615,14.70746],[120.94497,14.70893]]]}},{"type":"Feature","id":"PH1307504026","properties":{"psgc":"PH1307504026","brgy":"Pulo","city":"City of Valenzuela","cityPsgc":"PH1307504","cLng":120.9476,"cLat":14.70639},"geometry":{"type":"Polygon","coordinates":[[[120.9465,14.70786],[120.94873,14.7058],[120.94757,14.7055],[120.9465,14.70786]]]}},{"type":"Feature","id":"PH1307504027","properties":{"psgc":"PH1307504027","brgy":"Punturin","city":"City of Valenzuela","cityPsgc":"PH1307504","cLng":120.98779,"cLat":14.73765},"geometry":{"type":"Polygon","coordinates":[[[120.99197,14.7444],[120.99582,14.73543],[120.98106,14.7302],[120.98271,14.74239],[120.99197,14.7444]]]}},{"type":"Feature","id":"PH1307504028","properties":{"psgc":"PH1307504028","brgy":"Rincon","city":"City of Valenzuela","cityPsgc":"PH1307504","cLng":120.95851,"cLat":14.69676},"geometry":{"type":"Polygon","coordinates":[[[120.95591,14.701],[120.96171,14.6963],[120.95791,14.69298],[120.95591,14.701]]]}},{"type":"Feature","id":"PH1307504029","properties":{"psgc":"PH1307504029","brgy":"Tagalag","city":"City of Valenzuela","cityPsgc":"PH1307504","cLng":120.93994,"cLat":14.72349},"geometry":{"type":"Polygon","coordinates":[[[120.9361,14.7338],[120.94159,14.72608],[120.94603,14.716],[120.93701,14.71975],[120.9361,14.7338]]]}},{"type":"Feature","id":"PH1307504030","properties":{"psgc":"PH1307504030","brgy":"Ugong","city":"City of Valenzuela","cityPsgc":"PH1307504","cLng":121.01216,"cLat":14.69696},"geometry":{"type":"Polygon","coordinates":[[[121.00982,14.71026],[121.02463,14.69377],[121.01389,14.6909],[121.01179,14.68222],[121.00309,14.6969],[121.00982,14.71026]]]}},{"type":"Feature","id":"PH1307504031","properties":{"psgc":"PH1307504031","brgy":"Viente Reales","city":"City of Valenzuela","cityPsgc":"PH1307504","cLng":120.96837,"cLat":14.7121},"geometry":{"type":"Polygon","coordinates":[[[120.96775,14.72389],[120.97636,14.70585],[120.97447,14.70403],[120.96022,14.70889],[120.96775,14.72389]]]}},{"type":"Feature","id":"PH1307504032","properties":{"psgc":"PH1307504032","brgy":"Wawang Pulo","city":"City of Valenzuela","cityPsgc":"PH1307504","cLng":120.9295,"cLat":14.7295},"geometry":{"type":"Polygon","coordinates":[[[120.92574,14.73264],[120.93349,14.72905],[120.92928,14.72681],[120.92574,14.73264]]]}},{"type":"Feature","id":"PH1307504033","properties":{"psgc":"PH1307504033","brgy":"Canumay East (Canumay)","city":"City of Valenzuela","cityPsgc":"PH1307504","cLng":120.99311,"cLat":14.71812},"geometry":{"type":"Polygon","coordinates":[[[120.99782,14.72412],[120.99895,14.71486],[120.99174,14.71053],[120.9855,14.72198],[120.99782,14.72412]]]}},{"type":"Feature","id":"PH1307601001","properties":{"psgc":"PH1307601001","brgy":"Almanza Uno","city":"City of Las Piñas","cityPsgc":"PH1307601","cLng":121.01513,"cLat":14.43117},"geometry":{"type":"MultiPolygon","coordinates":[[[[120.99803,14.41364],[121.00039,14.41125],[120.99384,14.41279],[120.99803,14.41364]]],[[[120.99897,14.42119],[121.00191,14.42205],[121.00174,14.41971],[120.99897,14.42119]]],[[[121.01743,14.44055],[121.02249,14.42781],[121.00952,14.42075],[121.01327,14.42675],[121.00654,14.43253],[121.01743,14.44055]]]]}},{"type":"Feature","id":"PH1307601002","properties":{"psgc":"PH1307601002","brgy":"Daniel Fajardo","city":"City of Las Piñas","cityPsgc":"PH1307601","cLng":120.98195,"cLat":14.47944},"geometry":{"type":"MultiPolygon","coordinates":[[[[120.9777,14.48221],[120.98517,14.47948],[120.98297,14.47662],[120.9777,14.48221]]],[[[120.97371,14.48662],[120.97395,14.4839],[120.97311,14.48445],[120.97371,14.48662]]]]}},{"type":"Feature","id":"PH1307601003","properties":{"psgc":"PH1307601003","brgy":"Elias Aldana","city":"City of Las Piñas","cityPsgc":"PH1307601","cLng":120.97756,"cLat":14.47657},"geometry":{"type":"MultiPolygon","coordinates":[[[[120.97154,14.47741],[120.98086,14.47758],[120.98027,14.47471],[120.97154,14.47741]]],[[[120.97311,14.48445],[120.9725,14.48167],[120.97202,14.4814],[120.97311,14.48445]]]]}},{"type":"Feature","id":"PH1307601004","properties":{"psgc":"PH1307601004","brgy":"Ilaya","city":"City of Las Piñas","cityPsgc":"PH1307601","cLng":120.98002,"cLat":14.47888},"geometry":{"type":"Polygon","coordinates":[[[120.9766,14.48078],[120.98085,14.47965],[120.9826,14.4762],[120.9766,14.48078]]]}},{"type":"Feature","id":"PH1307601005","properties":{"psgc":"PH1307601005","brgy":"Manuyo Uno","city":"City of Las Piñas","cityPsgc":"PH1307601","cLng":120.98644,"cLat":14.4808},"geometry":{"type":"MultiPolygon","coordinates":[[[[120.98122,14.4872],[120.99279,14.48295],[120.99167,14.47691],[120.98227,14.47525],[120.98122,14.4872]]],[[[120.97616,14.48999],[120.97855,14.48826],[120.97371,14.48662],[120.97616,14.48999]]]]}},{"type":"Feature","id":"PH1307601006","properties":{"psgc":"PH1307601006","brgy":"Pamplona Uno","city":"City of Las Piñas","cityPsgc":"PH1307601","cLng":120.97235,"cLat":14.45688},"geometry":{"type":"Polygon","coordinates":[[[120.96755,14.46068],[120.976,14.4596],[120.9735,14.45035],[120.96755,14.46068]]]}},{"type":"Feature","id":"PH1307601007","properties":{"psgc":"PH1307601007","brgy":"Pulang Lupa Uno","city":"City of Las Piñas","cityPsgc":"PH1307601","cLng":120.97857,"cLat":14.47222},"geometry":{"type":"MultiPolygon","coordinates":[[[[120.96759,14.46978],[120.98174,14.47682],[120.98637,14.47007],[120.96759,14.46978]]],[[[120.97154,14.47741],[120.97115,14.47741],[120.97131,14.47778],[120.97154,14.47741]]]]}},{"type":"Feature","id":"PH1307601008","properties":{"psgc":"PH1307601008","brgy":"Talon Uno","city":"City of Las Piñas","cityPsgc":"PH1307601","cLng":121.00366,"cLat":14.43793},"geometry":{"type":"MultiPolygon","coordinates":[[[[120.99381,14.41847],[121.00469,14.41759],[120.99577,14.41311],[120.99381,14.41847]]],[[[121.003,14.42585],[120.99924,14.42411],[121.00204,14.42623],[121.003,14.42585]]],[[[120.99738,14.44688],[121.01013,14.43705],[121.00774,14.43264],[121.00205,14.4318],[120.99738,14.44688]]]]}},{"type":"Feature","id":"PH1307601009","properties":{"psgc":"PH1307601009","brgy":"Zapote","city":"City of Las Piñas","cityPsgc":"PH1307601","cLng":120.97174,"cLat":14.46591},"geometry":{"type":"Polygon","coordinates":[[[120.96957,14.46839],[120.97951,14.46496],[120.96613,14.46439],[120.96957,14.46839]]]}},{"type":"Feature","id":"PH1307601010","properties":{"psgc":"PH1307601010","brgy":"Almanza Dos","city":"City of Las Piñas","cityPsgc":"PH1307601","cLng":121.00835,"cLat":14.40346},"geometry":{"type":"Polygon","coordinates":[[[121.01635,14.42952],[121.02251,14.42266],[121.01269,14.4069],[121.00932,14.39141],[121.01351,14.37985],[121.01078,14.37485],[120.99468,14.41016],[121.01267,14.41327],[121.01635,14.42952]]]}},{"type":"Feature","id":"PH1307601011","properties":{"psgc":"PH1307601011","brgy":"B. F. International Village","city":"City of Las Piñas","cityPsgc":"PH1307601","cLng":121.00384,"cLat":14.45172},"geometry":{"type":"Polygon","coordinates":[[[120.99622,14.46264],[121.01121,14.45259],[121.01564,14.43984],[120.99317,14.45275],[120.99622,14.46264]]]}},{"type":"Feature","id":"PH1307601012","properties":{"psgc":"PH1307601012","brgy":"Manuyo Dos","city":"City of Las Piñas","cityPsgc":"PH1307601","cLng":120.99376,"cLat":14.46823},"geometry":{"type":"Polygon","coordinates":[[[120.98499,14.47495],[121.00221,14.46726],[121.00155,14.46279],[120.98838,14.46666],[120.98499,14.47495]]]}},{"type":"Feature","id":"PH1307601013","properties":{"psgc":"PH1307601013","brgy":"Pamplona Dos","city":"City of Las Piñas","cityPsgc":"PH1307601","cLng":120.97713,"cLat":14.44778},"geometry":{"type":"Polygon","coordinates":[[[120.97501,14.45363],[120.98312,14.44885],[120.98156,14.44227],[120.96993,14.44663],[120.97501,14.45363]]]}},{"type":"Feature","id":"PH1307601014","properties":{"psgc":"PH1307601014","brgy":"Pamplona Tres","city":"City of Las Piñas","cityPsgc":"PH1307601","cLng":120.98369,"cLat":14.45466},"geometry":{"type":"Polygon","coordinates":[[[120.97727,14.46397],[120.9898,14.45741],[120.99391,14.44453],[120.97396,14.45432],[120.97727,14.46397]]]}},{"type":"Feature","id":"PH1307601015","properties":{"psgc":"PH1307601015","brgy":"Pilar","city":"City of Las Piñas","cityPsgc":"PH1307601","cLng":121.0065,"cLat":14.41827},"geometry":{"type":"Polygon","coordinates":[[[121.00867,14.43154],[121.01267,14.41327],[121.00479,14.40907],[120.99907,14.4152],[121.00867,14.43154]]]}},{"type":"Feature","id":"PH1307601016","properties":{"psgc":"PH1307601016","brgy":"Pulang Lupa Dos","city":"City of Las Piñas","cityPsgc":"PH1307601","cLng":120.98793,"cLat":14.46234},"geometry":{"type":"Polygon","coordinates":[[[120.98652,14.46997],[120.99585,14.46467],[120.99289,14.45263],[120.97704,14.46428],[120.98652,14.46997]]]}},{"type":"Feature","id":"PH1307601017","properties":{"psgc":"PH1307601017","brgy":"Talon Dos","city":"City of Las Piñas","cityPsgc":"PH1307601","cLng":120.98783,"cLat":14.4365},"geometry":{"type":"Polygon","coordinates":[[[120.9832,14.44881],[120.99821,14.4409],[120.9989,14.42768],[120.98736,14.42478],[120.97394,14.43922],[120.9832,14.44881]]]}},{"type":"Feature","id":"PH1307601018","properties":{"psgc":"PH1307601018","brgy":"Talon Tres","city":"City of Las Piñas","cityPsgc":"PH1307601","cLng":121.00241,"cLat":14.44579},"geometry":{"type":"Polygon","coordinates":[[[120.99331,14.45275],[121.00505,14.44964],[121.0134,14.44036],[120.99823,14.44153],[120.99331,14.45275]]]}},{"type":"Feature","id":"PH1307601019","properties":{"psgc":"PH1307601019","brgy":"Talon Kuatro","city":"City of Las Piñas","cityPsgc":"PH1307601","cLng":121.00012,"cLat":14.43414},"geometry":{"type":"Polygon","coordinates":[[[120.99384,14.43741],[121.00585,14.43604],[121.00066,14.42896],[120.99384,14.43741]]]}},{"type":"Feature","id":"PH1307601020","properties":{"psgc":"PH1307601020","brgy":"Talon Singko","city":"City of Las Piñas","cityPsgc":"PH1307601","cLng":120.99654,"cLat":14.42355},"geometry":{"type":"Polygon","coordinates":[[[121.00636,14.43197],[121.00339,14.4192],[121.00204,14.42623],[120.99384,14.41279],[120.98693,14.42499],[121.00636,14.43197]]]}},{"type":"Feature","id":"PH1307602001","properties":{"psgc":"PH1307602001","brgy":"Bangkal","city":"City of Makati","cityPsgc":"PH1307602","cLng":121.01299,"cLat":14.54232},"geometry":{"type":"Polygon","coordinates":[[[121.00858,14.54616],[121.01958,14.54205],[121.01082,14.53875],[121.00858,14.54616]]]}},{"type":"Feature","id":"PH1307602002","properties":{"psgc":"PH1307602002","brgy":"Bel-Air","city":"City of Makati","cityPsgc":"PH1307602","cLng":121.02808,"cLat":14.55931},"geometry":{"type":"Polygon","coordinates":[[[121.0154,14.56195],[121.02875,14.56211],[121.04074,14.55981],[121.0349,14.55487],[121.02783,14.5614],[121.02437,14.55465],[121.0154,14.56195]]]}},{"type":"Feature","id":"PH1307602003","properties":{"psgc":"PH1307602003","brgy":"Cembo","city":"City of Makati","cityPsgc":"PH1307602","cLng":121.05182,"cLat":14.56448},"geometry":{"type":"Polygon","coordinates":[[[121.04952,14.56856],[121.05462,14.56584],[121.05409,14.56153],[121.04974,14.56146],[121.04952,14.56856]]]}},{"type":"Feature","id":"PH1307602004","properties":{"psgc":"PH1307602004","brgy":"Comembo","city":"City of Makati","cityPsgc":"PH1307602","cLng":121.06394,"cLat":14.54718},"geometry":{"type":"Polygon","coordinates":[[[121.06093,14.54947],[121.06747,14.54937],[121.06342,14.54269],[121.06093,14.54947]]]}},{"type":"Feature","id":"PH1307602005","properties":{"psgc":"PH1307602005","brgy":"Carmona","city":"City of Makati","cityPsgc":"PH1307602","cLng":121.01868,"cLat":14.57508},"geometry":{"type":"Polygon","coordinates":[[[121.0152,14.57663],[121.02203,14.57674],[121.01882,14.57187],[121.0152,14.57663]]]}},{"type":"Feature","id":"PH1307602006","properties":{"psgc":"PH1307602006","brgy":"Dasmariñas","city":"City of Makati","cityPsgc":"PH1307602","cLng":121.02786,"cLat":14.5402},"geometry":{"type":"Polygon","coordinates":[[[121.02958,14.54994],[121.0363,14.53586],[121.02496,14.5321],[121.01958,14.54205],[121.02958,14.54994]]]}},{"type":"Feature","id":"PH1307602007","properties":{"psgc":"PH1307602007","brgy":"East Rembo","city":"City of Makati","cityPsgc":"PH1307602","cLng":121.0625,"cLat":14.55333},"geometry":{"type":"Polygon","coordinates":[[[121.06618,14.55854],[121.06376,14.54937],[121.0604,14.54851],[121.05927,14.55503],[121.06618,14.55854]]]}},{"type":"Feature","id":"PH1307602008","properties":{"psgc":"PH1307602008","brgy":"Forbes Park","city":"City of Makati","cityPsgc":"PH1307602","cLng":121.0375,"cLat":14.54616},"geometry":{"type":"Polygon","coordinates":[[[121.03723,14.55655],[121.04639,14.54284],[121.0363,14.53586],[121.02937,14.55022],[121.03723,14.55655]]]}},{"type":"Feature","id":"PH1307602009","properties":{"psgc":"PH1307602009","brgy":"Guadalupe Nuevo","city":"City of Makati","cityPsgc":"PH1307602","cLng":121.04571,"cLat":14.56212},"geometry":{"type":"Polygon","coordinates":[[[121.04606,14.56842],[121.05001,14.56271],[121.04702,14.5571],[121.04068,14.55976],[121.04606,14.56842]]]}},{"type":"Feature","id":"PH1307602010","properties":{"psgc":"PH1307602010","brgy":"Guadalupe Viejo","city":"City of Makati","cityPsgc":"PH1307602","cLng":121.04106,"cLat":14.56402},"geometry":{"type":"Polygon","coordinates":[[[121.0375,14.56745],[121.04493,14.5648],[121.04074,14.55981],[121.0375,14.56745]]]}},{"type":"Feature","id":"PH1307602011","properties":{"psgc":"PH1307602011","brgy":"Kasilawan","city":"City of Makati","cityPsgc":"PH1307602","cLng":121.01509,"cLat":14.57662},"geometry":{"type":"Polygon","coordinates":[[[121.01643,14.5792],[121.01643,14.57545],[121.01242,14.57521],[121.01643,14.5792]]]}},{"type":"Feature","id":"PH1307602012","properties":{"psgc":"PH1307602012","brgy":"La Paz","city":"City of Makati","cityPsgc":"PH1307602","cLng":121.00851,"cLat":14.56831},"geometry":{"type":"Polygon","coordinates":[[[121.00825,14.57106],[121.01295,14.5667],[121.00433,14.56718],[121.00825,14.57106]]]}},{"type":"Feature","id":"PH1307602013","properties":{"psgc":"PH1307602013","brgy":"Magallanes","city":"City of Makati","cityPsgc":"PH1307602","cLng":121.0177,"cLat":14.53473},"geometry":{"type":"Polygon","coordinates":[[[121.0206,14.54017],[121.02487,14.53145],[121.0121,14.52971],[121.01294,14.53908],[121.0206,14.54017]]]}},{"type":"Feature","id":"PH1307602014","properties":{"psgc":"PH1307602014","brgy":"Olympia","city":"City of Makati","cityPsgc":"PH1307602","cLng":121.02088,"cLat":14.57078},"geometry":{"type":"Polygon","coordinates":[[[121.015,14.57057],[121.02535,14.57468],[121.0223,14.5671],[121.015,14.57057]]]}},{"type":"Feature","id":"PH1307602015","properties":{"psgc":"PH1307602015","brgy":"Palanan","city":"City of Makati","cityPsgc":"PH1307602","cLng":121.00267,"cLat":14.5598},"geometry":{"type":"Polygon","coordinates":[[[121.00337,14.56543],[121.00748,14.55776],[121.00017,14.55482],[120.99882,14.56172],[121.00337,14.56543]]]}},{"type":"Feature","id":"PH1307602016","properties":{"psgc":"PH1307602016","brgy":"Pembo","city":"City of Makati","cityPsgc":"PH1307602","cLng":121.05815,"cLat":14.54408},"geometry":{"type":"Polygon","coordinates":[[[121.05906,14.55048],[121.06249,14.54101],[121.05751,14.5393],[121.05334,14.54388],[121.05906,14.55048]]]}},{"type":"Feature","id":"PH1307602017","properties":{"psgc":"PH1307602017","brgy":"Pinagkaisahan","city":"City of Makati","cityPsgc":"PH1307602","cLng":121.03975,"cLat":14.55741},"geometry":{"type":"Polygon","coordinates":[[[121.04068,14.55976],[121.04156,14.5558],[121.03702,14.55666],[121.04068,14.55976]]]}},{"type":"Feature","id":"PH1307602018","properties":{"psgc":"PH1307602018","brgy":"Pio del Pilar","city":"City of Makati","cityPsgc":"PH1307602","cLng":121.01197,"cLat":14.55394},"geometry":{"type":"Polygon","coordinates":[[[121.01474,14.56094],[121.0161,14.54859],[121.00906,14.54804],[121.00748,14.55776],[121.01474,14.56094]]]}},{"type":"Feature","id":"PH1307602019","properties":{"psgc":"PH1307602019","brgy":"Pitogo","city":"City of Makati","cityPsgc":"PH1307602","cLng":121.04566,"cLat":14.55636},"geometry":{"type":"Polygon","coordinates":[[[121.04156,14.5558],[121.04656,14.55742],[121.04887,14.55585],[121.04156,14.5558]]]}},{"type":"Feature","id":"PH1307602020","properties":{"psgc":"PH1307602020","brgy":"Poblacion","city":"City of Makati","cityPsgc":"PH1307602","cLng":121.03336,"cLat":14.56566},"geometry":{"type":"Polygon","coordinates":[[[121.02359,14.5666],[121.0375,14.56745],[121.039,14.56294],[121.02359,14.5666]]]}},{"type":"Feature","id":"PH1307602021","properties":{"psgc":"PH1307602021","brgy":"Post Proper Northside","city":"City of Makati","cityPsgc":"PH1307602","cLng":121.05095,"cLat":14.55459},"geometry":{"type":"Polygon","coordinates":[[[121.05525,14.56566],[121.05934,14.55121],[121.04556,14.54504],[121.04234,14.55557],[121.05525,14.56566]]]}},{"type":"Feature","id":"PH1307602022","properties":{"psgc":"PH1307602022","brgy":"Post Proper Southside","city":"City of Makati","cityPsgc":"PH1307602","cLng":121.04991,"cLat":14.54046},"geometry":{"type":"Polygon","coordinates":[[[121.04882,14.54674],[121.05331,14.54359],[121.05156,14.53564],[121.04646,14.53564],[121.04882,14.54674]]]}},{"type":"Feature","id":"PH1307602023","properties":{"psgc":"PH1307602023","brgy":"San Antonio","city":"City of Makati","cityPsgc":"PH1307602","cLng":121.00974,"cLat":14.56309},"geometry":{"type":"Polygon","coordinates":[[[121.00436,14.56718],[121.01295,14.5667],[121.01551,14.56126],[121.00748,14.55776],[121.00436,14.56718]]]}},{"type":"Feature","id":"PH1307602024","properties":{"psgc":"PH1307602024","brgy":"San Isidro","city":"City of Makati","cityPsgc":"PH1307602","cLng":121.00503,"cLat":14.5543},"geometry":{"type":"Polygon","coordinates":[[[121.00748,14.55776],[121.00743,14.55033],[121.00017,14.55482],[121.00748,14.55776]]]}},{"type":"Feature","id":"PH1307602025","properties":{"psgc":"PH1307602025","brgy":"San Lorenzo","city":"City of Makati","cityPsgc":"PH1307602","cLng":121.02076,"cLat":14.5512},"geometry":{"type":"Polygon","coordinates":[[[121.01553,14.56108],[121.02937,14.55022],[121.01958,14.54205],[121.01538,14.55174],[121.01553,14.56108]]]}},{"type":"Feature","id":"PH1307602026","properties":{"psgc":"PH1307602026","brgy":"Santa Cruz","city":"City of Makati","cityPsgc":"PH1307602","cLng":121.01872,"cLat":14.56541},"geometry":{"type":"Polygon","coordinates":[[[121.01303,14.56652],[121.02245,14.56704],[121.02068,14.56267],[121.01303,14.56652]]]}},{"type":"Feature","id":"PH1307602027","properties":{"psgc":"PH1307602027","brgy":"Singkamas","city":"City of Makati","cityPsgc":"PH1307602","cLng":121.01065,"cLat":14.57135},"geometry":{"type":"Polygon","coordinates":[[[121.00825,14.57106],[121.0132,14.57353],[121.01051,14.56947],[121.00825,14.57106]]]}},{"type":"Feature","id":"PH1307602028","properties":{"psgc":"PH1307602028","brgy":"South Cembo","city":"City of Makati","cityPsgc":"PH1307602","cLng":121.04944,"cLat":14.55846},"geometry":{"type":"Polygon","coordinates":[[[121.04974,14.56146],[121.05155,14.55683],[121.04702,14.5571],[121.04974,14.56146]]]}},{"type":"Feature","id":"PH1307602029","properties":{"psgc":"PH1307602029","brgy":"Tejeros","city":"City of Makati","cityPsgc":"PH1307602","cLng":121.0121,"cLat":14.5708},"geometry":{"type":"Polygon","coordinates":[[[121.01219,14.57498],[121.01361,14.56794],[121.01051,14.56947],[121.01219,14.57498]]]}},{"type":"Feature","id":"PH1307602030","properties":{"psgc":"PH1307602030","brgy":"Urdaneta","city":"City of Makati","cityPsgc":"PH1307602","cLng":121.02935,"cLat":14.55538},"geometry":{"type":"Polygon","coordinates":[[[121.02837,14.56116],[121.0349,14.55487],[121.02937,14.55022],[121.02437,14.55465],[121.02837,14.56116]]]}},{"type":"Feature","id":"PH1307602031","properties":{"psgc":"PH1307602031","brgy":"Valenzuela","city":"City of Makati","cityPsgc":"PH1307602","cLng":121.02363,"cLat":14.56863},"geometry":{"type":"Polygon","coordinates":[[[121.02124,14.56837],[121.02655,14.57216],[121.02309,14.56535],[121.02124,14.56837]]]}},{"type":"Feature","id":"PH1307602032","properties":{"psgc":"PH1307602032","brgy":"West Rembo","city":"City of Makati","cityPsgc":"PH1307602","cLng":121.06151,"cLat":14.56037},"geometry":{"type":"Polygon","coordinates":[[[121.05752,14.56515],[121.06604,14.56044],[121.06648,14.55714],[121.05807,14.55812],[121.05752,14.56515]]]}},{"type":"Feature","id":"PH1307602033","properties":{"psgc":"PH1307602033","brgy":"Rizal","city":"City of Makati","cityPsgc":"PH1307602","cLng":121.06143,"cLat":14.53565},"geometry":{"type":"Polygon","coordinates":[[[121.05751,14.5393],[121.06726,14.53664],[121.05953,14.53102],[121.05751,14.5393]]]}},{"type":"Feature","id":"PH1307603001","properties":{"psgc":"PH1307603001","brgy":"Alabang","city":"City of Muntinlupa","cityPsgc":"PH1307603","cLng":121.04255,"cLat":14.41793},"geometry":{"type":"Polygon","coordinates":[[[121.03168,14.42464],[121.05394,14.42495],[121.05333,14.41398],[121.03434,14.40797],[121.03168,14.42464]]]}},{"type":"Feature","id":"PH1307603002","properties":{"psgc":"PH1307603002","brgy":"Bayanan","city":"City of Muntinlupa","cityPsgc":"PH1307603","cLng":121.04545,"cLat":14.40841},"geometry":{"type":"Polygon","coordinates":[[[121.05342,14.41388],[121.05135,14.40554],[121.03638,14.40479],[121.03691,14.40866],[121.05342,14.41388]]]}},{"type":"Feature","id":"PH1307603003","properties":{"psgc":"PH1307603003","brgy":"Buli","city":"City of Muntinlupa","cityPsgc":"PH1307603","cLng":121.05155,"cLat":14.44228},"geometry":{"type":"Polygon","coordinates":[[[121.04541,14.44078],[121.05547,14.44612],[121.05378,14.43994],[121.04541,14.44078]]]}},{"type":"Feature","id":"PH1307603004","properties":{"psgc":"PH1307603004","brgy":"Cupang","city":"City of Muntinlupa","cityPsgc":"PH1307603","cLng":121.03968,"cLat":14.43285},"geometry":{"type":"Polygon","coordinates":[[[121.02799,14.4402],[121.05322,14.43954],[121.05394,14.42495],[121.02249,14.42781],[121.02799,14.4402]]]}},{"type":"Feature","id":"PH1307603005","properties":{"psgc":"PH1307603005","brgy":"Poblacion","city":"City of Muntinlupa","cityPsgc":"PH1307603","cLng":121.02667,"cLat":14.38195},"geometry":{"type":"Polygon","coordinates":[[[121.00957,14.38985],[121.05364,14.39272],[121.05502,14.38505],[121.04348,14.38757],[121.02308,14.36802],[121.00693,14.36783],[121.0135,14.37955],[121.00957,14.38985]]]}},{"type":"Feature","id":"PH1307603006","properties":{"psgc":"PH1307603006","brgy":"Putatan","city":"City of Muntinlupa","cityPsgc":"PH1307603","cLng":121.03996,"cLat":14.39828},"geometry":{"type":"Polygon","coordinates":[[[121.03691,14.40866],[121.05135,14.40554],[121.05343,14.39228],[121.02221,14.38998],[121.03691,14.40866]]]}},{"type":"Feature","id":"PH1307603007","properties":{"psgc":"PH1307603007","brgy":"Sucat","city":"City of Muntinlupa","cityPsgc":"PH1307603","cLng":121.04981,"cLat":14.45589},"geometry":{"type":"Polygon","coordinates":[[[121.04707,14.46791],[121.05738,14.46672],[121.05407,14.44639],[121.04157,14.44352],[121.04707,14.46791]]]}},{"type":"Feature","id":"PH1307603008","properties":{"psgc":"PH1307603008","brgy":"Tunasan","city":"City of Muntinlupa","cityPsgc":"PH1307603","cLng":121.03201,"cLat":14.36988},"geometry":{"type":"Polygon","coordinates":[[[121.04766,14.38844],[121.058,14.38038],[121.05147,14.36963],[121.02928,14.36586],[121.01624,14.35182],[121.00689,14.35394],[121.00693,14.36783],[121.02308,14.36802],[121.04766,14.38844]]]}},{"type":"Feature","id":"PH1307603009","properties":{"psgc":"PH1307603009","brgy":"New Alabang Village","city":"City of Muntinlupa","cityPsgc":"PH1307603","cLng":121.02243,"cLat":14.40688},"geometry":{"type":"Polygon","coordinates":[[[121.02777,14.42937],[121.03408,14.4001],[121.00957,14.38985],[121.01269,14.4069],[121.02777,14.42937]]]}},{"type":"Feature","id":"PH1307604001","properties":{"psgc":"PH1307604001","brgy":"Baclaran","city":"City of Parañaque","cityPsgc":"PH1307604","cLng":120.98954,"cLat":14.52747},"geometry":{"type":"Polygon","coordinates":[[[120.99756,14.53322],[120.99894,14.52333],[120.9794,14.52356],[120.97913,14.52958],[120.99756,14.53322]]]}},{"type":"Feature","id":"PH1307604002","properties":{"psgc":"PH1307604002","brgy":"Don Galo","city":"City of Parañaque","cityPsgc":"PH1307604","cLng":120.98499,"cLat":14.50777},"geometry":{"type":"MultiPolygon","coordinates":[[[[120.98176,14.50198],[120.98746,14.50065],[120.9819,14.49818],[120.98176,14.50198]]],[[[120.97734,14.51337],[120.99524,14.50754],[120.99352,14.5021],[120.97422,14.50809],[120.97734,14.51337]]]]}},{"type":"Feature","id":"PH1307604003","properties":{"psgc":"PH1307604003","brgy":"La Huerta","city":"City of Parañaque","cityPsgc":"PH1307604","cLng":120.99236,"cLat":14.49982},"geometry":{"type":"Polygon","coordinates":[[[120.98882,14.50016],[120.99352,14.5021],[120.99474,14.49721],[120.98882,14.50016]]]}},{"type":"Feature","id":"PH1307604004","properties":{"psgc":"PH1307604004","brgy":"San Dionisio","city":"City of Parañaque","cityPsgc":"PH1307604","cLng":120.99276,"cLat":14.48822},"geometry":{"type":"Polygon","coordinates":[[[120.98936,14.50019],[121.001,14.49392],[120.99952,14.47042],[120.9825,14.49168],[120.97626,14.49011],[120.98936,14.50019]]]}},{"type":"Feature","id":"PH1307604005","properties":{"psgc":"PH1307604005","brgy":"Santo Niño","city":"City of Parañaque","cityPsgc":"PH1307604","cLng":121.00259,"cLat":14.50294},"geometry":{"type":"Polygon","coordinates":[[[120.99854,14.51277],[121.01442,14.50418],[121.00146,14.49387],[120.99386,14.49801],[120.99854,14.51277]]]}},{"type":"Feature","id":"PH1307604006","properties":{"psgc":"PH1307604006","brgy":"Tambo","city":"City of Parañaque","cityPsgc":"PH1307604","cLng":120.98819,"cLat":14.51758},"geometry":{"type":"Polygon","coordinates":[[[120.99374,14.52474],[121.00022,14.51022],[120.97734,14.51337],[120.97936,14.52384],[120.99374,14.52474]]]}},{"type":"Feature","id":"PH1307604007","properties":{"psgc":"PH1307604007","brgy":"B. F. Homes","city":"City of Parañaque","cityPsgc":"PH1307604","cLng":121.02474,"cLat":14.45107},"geometry":{"type":"Polygon","coordinates":[[[121.01026,14.46707],[121.01053,14.45602],[121.0202,14.46453],[121.04471,14.45389],[121.04141,14.44386],[121.02076,14.43528],[121.01121,14.45259],[121.00157,14.45408],[121.01026,14.46707]]]}},{"type":"Feature","id":"PH1307604008","properties":{"psgc":"PH1307604008","brgy":"Don Bosco","city":"City of Parañaque","cityPsgc":"PH1307604","cLng":121.02408,"cLat":14.48274},"geometry":{"type":"Polygon","coordinates":[[[121.02236,14.49083],[121.03439,14.48356],[121.03953,14.48651],[121.04518,14.48458],[121.02218,14.47256],[121.00692,14.48803],[121.02236,14.49083]]]}},{"type":"Feature","id":"PH1307604009","properties":{"psgc":"PH1307604009","brgy":"Marcelo Green Village","city":"City of Parañaque","cityPsgc":"PH1307604","cLng":121.03926,"cLat":14.47093},"geometry":{"type":"Polygon","coordinates":[[[121.04518,14.4844],[121.04531,14.4593],[121.04527,14.45747],[121.03323,14.46318],[121.03053,14.47673],[121.04518,14.4844]]]}},{"type":"Feature","id":"PH1307604010","properties":{"psgc":"PH1307604010","brgy":"Merville","city":"City of Parañaque","cityPsgc":"PH1307604","cLng":121.0264,"cLat":14.50037},"geometry":{"type":"Polygon","coordinates":[[[121.03413,14.50682],[121.0389,14.49959],[121.01565,14.49338],[121.01707,14.50262],[121.03413,14.50682]]]}},{"type":"Feature","id":"PH1307604011","properties":{"psgc":"PH1307604011","brgy":"Moonwalk","city":"City of Parañaque","cityPsgc":"PH1307604","cLng":121.00904,"cLat":14.48813},"geometry":{"type":"Polygon","coordinates":[[[121.01707,14.50262],[121.0215,14.48889],[121.00746,14.48889],[121.01445,14.47696],[121.00354,14.47685],[120.99569,14.48489],[121.01707,14.50262]]]}},{"type":"Feature","id":"PH1307604012","properties":{"psgc":"PH1307604012","brgy":"San Antonio","city":"City of Parañaque","cityPsgc":"PH1307604","cLng":121.02945,"cLat":14.46548},"geometry":{"type":"Polygon","coordinates":[[[121.0174,14.46585],[121.03361,14.47553],[121.03311,14.46334],[121.04471,14.45389],[121.0174,14.46585]]]}},{"type":"Feature","id":"PH1307604013","properties":{"psgc":"PH1307604013","brgy":"San Isidro","city":"City of Parañaque","cityPsgc":"PH1307604","cLng":121.01167,"cLat":14.46808},"geometry":{"type":"Polygon","coordinates":[[[120.99952,14.47042],[121.02261,14.47714],[121.01564,14.45524],[121.01024,14.46714],[121.00167,14.46058],[120.99952,14.47042]]]}},{"type":"Feature","id":"PH1307604014","properties":{"psgc":"PH1307604014","brgy":"San Martin de Porres","city":"City of Parañaque","cityPsgc":"PH1307604","cLng":121.04409,"cLat":14.49008},"geometry":{"type":"Polygon","coordinates":[[[121.03655,14.50392],[121.04744,14.49592],[121.04531,14.4593],[121.04503,14.48689],[121.03655,14.50392]]]}},{"type":"Feature","id":"PH1307604015","properties":{"psgc":"PH1307604015","brgy":"Sun Valley","city":"City of Parañaque","cityPsgc":"PH1307604","cLng":121.0343,"cLat":14.49246},"geometry":{"type":"Polygon","coordinates":[[[121.03953,14.49839],[121.04503,14.48689],[121.02301,14.49043],[121.02346,14.49457],[121.03953,14.49839]]]}},{"type":"Feature","id":"PH1307604016","properties":{"psgc":"PH1307604016","brgy":"Vitalez","city":"City of Parañaque","cityPsgc":"PH1307604","cLng":121.00748,"cLat":14.50869},"geometry":{"type":"Polygon","coordinates":[[[121.00493,14.50726],[121.00766,14.51065],[121.00986,14.50816],[121.00493,14.50726]]]}},{"type":"Feature","id":"PH1307605001","properties":{"psgc":"PH1307605001","brgy":"Barangay 1","city":"Pasay City","cityPsgc":"PH1307605","cLng":120.9885,"cLat":14.55832},"geometry":{"type":"Polygon","coordinates":[[[120.98751,14.55861],[120.9901,14.5586],[120.98786,14.55775],[120.98751,14.55861]]]}},{"type":"Feature","id":"PH1307605002","properties":{"psgc":"PH1307605002","brgy":"Barangay 2","city":"Pasay City","cityPsgc":"PH1307605","cLng":120.98885,"cLat":14.55744},"geometry":{"type":"Polygon","coordinates":[[[120.98786,14.55775],[120.9905,14.5577],[120.98819,14.55688],[120.98786,14.55775]]]}},{"type":"Feature","id":"PH1307605003","properties":{"psgc":"PH1307605003","brgy":"Barangay 3","city":"Pasay City","cityPsgc":"PH1307605","cLng":120.98911,"cLat":14.55672},"geometry":{"type":"Polygon","coordinates":[[[120.98819,14.55688],[120.99074,14.55704],[120.98838,14.55625],[120.98819,14.55688]]]}},{"type":"Feature","id":"PH1307605004","properties":{"psgc":"PH1307605004","brgy":"Barangay 4","city":"Pasay City","cityPsgc":"PH1307605","cLng":120.98938,"cLat":14.55584},"geometry":{"type":"Polygon","coordinates":[[[120.98838,14.55625],[120.99104,14.55606],[120.98871,14.5552],[120.98838,14.55625]]]}},{"type":"Feature","id":"PH1307605005","properties":{"psgc":"PH1307605005","brgy":"Barangay 5","city":"Pasay City","cityPsgc":"PH1307605","cLng":120.9896,"cLat":14.55519},"geometry":{"type":"Polygon","coordinates":[[[120.98871,14.5552],[120.99121,14.5556],[120.98885,14.55476],[120.98871,14.5552]]]}},{"type":"Feature","id":"PH1307605006","properties":{"psgc":"PH1307605006","brgy":"Barangay 6","city":"Pasay City","cityPsgc":"PH1307605","cLng":120.98974,"cLat":14.55471},"geometry":{"type":"Polygon","coordinates":[[[120.98885,14.55476],[120.99138,14.55503],[120.98901,14.55435],[120.98885,14.55476]]]}},{"type":"Feature","id":"PH1307605007","properties":{"psgc":"PH1307605007","brgy":"Barangay 7","city":"Pasay City","cityPsgc":"PH1307605","cLng":120.98996,"cLat":14.55399},"geometry":{"type":"Polygon","coordinates":[[[120.98901,14.55435],[120.99164,14.55417],[120.98925,14.55345],[120.98901,14.55435]]]}},{"type":"Feature","id":"PH1307605008","properties":{"psgc":"PH1307605008","brgy":"Barangay 8","city":"Pasay City","cityPsgc":"PH1307605","cLng":120.9901,"cLat":14.55346},"geometry":{"type":"Polygon","coordinates":[[[120.99164,14.55417],[120.98943,14.55276],[120.98925,14.55345],[120.99164,14.55417]]]}},{"type":"Feature","id":"PH1307605009","properties":{"psgc":"PH1307605009","brgy":"Barangay 9","city":"Pasay City","cityPsgc":"PH1307605","cLng":120.9903,"cLat":14.5528},"geometry":{"type":"Polygon","coordinates":[[[120.99184,14.55346],[120.98961,14.55217],[120.98943,14.55276],[120.99184,14.55346]]]}},{"type":"Feature","id":"PH1307605010","properties":{"psgc":"PH1307605010","brgy":"Barangay 10","city":"Pasay City","cityPsgc":"PH1307605","cLng":120.99059,"cLat":14.55183},"geometry":{"type":"Polygon","coordinates":[[[120.98961,14.55217],[120.99232,14.55203],[120.98985,14.55129],[120.98961,14.55217]]]}},{"type":"Feature","id":"PH1307605011","properties":{"psgc":"PH1307605011","brgy":"Barangay 11","city":"Pasay City","cityPsgc":"PH1307605","cLng":120.99073,"cLat":14.55131},"geometry":{"type":"Polygon","coordinates":[[[120.99232,14.55203],[120.99002,14.55062],[120.98985,14.55129],[120.99232,14.55203]]]}},{"type":"Feature","id":"PH1307605012","properties":{"psgc":"PH1307605012","brgy":"Barangay 12","city":"Pasay City","cityPsgc":"PH1307605","cLng":120.99089,"cLat":14.55067},"geometry":{"type":"Polygon","coordinates":[[[120.99249,14.55139],[120.99016,14.55],[120.99002,14.55062],[120.99249,14.55139]]]}},{"type":"Feature","id":"PH1307605013","properties":{"psgc":"PH1307605013","brgy":"Barangay 13","city":"Pasay City","cityPsgc":"PH1307605","cLng":120.99176,"cLat":14.54717},"geometry":{"type":"Polygon","coordinates":[[[120.99016,14.55],[120.99387,14.54607],[120.99124,14.54545],[120.99016,14.55]]]}},{"type":"Feature","id":"PH1307605014","properties":{"psgc":"PH1307605014","brgy":"Barangay 14","city":"Pasay City","cityPsgc":"PH1307605","cLng":120.99099,"cLat":14.55854},"geometry":{"type":"Polygon","coordinates":[[[120.99237,14.55931],[120.9905,14.5577],[120.9901,14.5586],[120.99237,14.55931]]]}},{"type":"Feature","id":"PH1307605015","properties":{"psgc":"PH1307605015","brgy":"Barangay 15","city":"Pasay City","cityPsgc":"PH1307605","cLng":120.99175,"cLat":14.55937},"geometry":{"type":"Polygon","coordinates":[[[120.99288,14.56004],[120.99246,14.559],[120.98991,14.55908],[120.99288,14.56004]]]}},{"type":"Feature","id":"PH1307605016","properties":{"psgc":"PH1307605016","brgy":"Barangay 16","city":"Pasay City","cityPsgc":"PH1307605","cLng":120.99125,"cLat":14.55773},"geometry":{"type":"Polygon","coordinates":[[[120.99253,14.55834],[120.9907,14.55716],[120.9905,14.5577],[120.99253,14.55834]]]}},{"type":"Feature","id":"PH1307605017","properties":{"psgc":"PH1307605017","brgy":"Barangay 17","city":"Pasay City","cityPsgc":"PH1307605","cLng":120.9929,"cLat":14.55824},"geometry":{"type":"Polygon","coordinates":[[[120.99246,14.559],[120.99347,14.55797],[120.99273,14.55775],[120.99246,14.559]]]}},{"type":"Feature","id":"PH1307605018","properties":{"psgc":"PH1307605018","brgy":"Barangay 18","city":"Pasay City","cityPsgc":"PH1307605","cLng":120.99166,"cLat":14.55649},"geometry":{"type":"Polygon","coordinates":[[[120.9907,14.55716],[120.99317,14.55647],[120.99112,14.55584],[120.9907,14.55716]]]}},{"type":"Feature","id":"PH1307605019","properties":{"psgc":"PH1307605019","brgy":"Barangay 19","city":"Pasay City","cityPsgc":"PH1307605","cLng":120.99322,"cLat":14.55698},"geometry":{"type":"Polygon","coordinates":[[[120.99273,14.55775],[120.99377,14.55672],[120.99317,14.55647],[120.99273,14.55775]]]}},{"type":"Feature","id":"PH1307605020","properties":{"psgc":"PH1307605020","brgy":"Barangay 20","city":"Pasay City","cityPsgc":"PH1307605","cLng":120.99205,"cLat":14.55523},"geometry":{"type":"Polygon","coordinates":[[[120.99112,14.55584],[120.99353,14.55521],[120.99151,14.55463],[120.99112,14.55584]]]}},{"type":"Feature","id":"PH1307605021","properties":{"psgc":"PH1307605021","brgy":"Barangay 21","city":"Pasay City","cityPsgc":"PH1307605","cLng":120.99248,"cLat":14.55474},"geometry":{"type":"Polygon","coordinates":[[[120.99425,14.55543],[120.99164,14.55417],[120.99151,14.55463],[120.99425,14.55543]]]}},{"type":"Feature","id":"PH1307605022","properties":{"psgc":"PH1307605022","brgy":"Barangay 22","city":"Pasay City","cityPsgc":"PH1307605","cLng":120.99364,"cLat":14.5557},"geometry":{"type":"Polygon","coordinates":[[[120.99317,14.55647],[120.99425,14.55543],[120.99353,14.55521],[120.99317,14.55647]]]}},{"type":"Feature","id":"PH1307605023","properties":{"psgc":"PH1307605023","brgy":"Barangay 23","city":"Pasay City","cityPsgc":"PH1307605","cLng":120.99282,"cLat":14.55354},"geometry":{"type":"Polygon","coordinates":[[[120.99164,14.55417],[120.99483,14.55352],[120.992,14.55293],[120.99164,14.55417]]]}},{"type":"Feature","id":"PH1307605024","properties":{"psgc":"PH1307605024","brgy":"Barangay 24","city":"Pasay City","cityPsgc":"PH1307605","cLng":120.99268,"cLat":14.55277},"geometry":{"type":"Polygon","coordinates":[[[120.99371,14.55335],[120.99232,14.55203],[120.992,14.55293],[120.99371,14.55335]]]}},{"type":"Feature","id":"PH1307605025","properties":{"psgc":"PH1307605025","brgy":"Barangay 25","city":"Pasay City","cityPsgc":"PH1307605","cLng":120.993,"cLat":14.55156},"geometry":{"type":"Polygon","coordinates":[[[120.9939,14.55221],[120.99277,14.55043],[120.99232,14.55203],[120.9939,14.55221]]]}},{"type":"Feature","id":"PH1307605026","properties":{"psgc":"PH1307605026","brgy":"Barangay 26","city":"Pasay City","cityPsgc":"PH1307605","cLng":120.99334,"cLat":14.54938},"geometry":{"type":"Polygon","coordinates":[[[120.99277,14.55043],[120.9941,14.54898],[120.99316,14.54874],[120.99277,14.55043]]]}},{"type":"Feature","id":"PH1307605027","properties":{"psgc":"PH1307605027","brgy":"Barangay 27","city":"Pasay City","cityPsgc":"PH1307605","cLng":120.99379,"cLat":14.54776},"geometry":{"type":"Polygon","coordinates":[[[120.99316,14.54874],[120.99459,14.54741],[120.99363,14.54712],[120.99316,14.54874]]]}},{"type":"Feature","id":"PH1307605028","properties":{"psgc":"PH1307605028","brgy":"Barangay 28","city":"Pasay City","cityPsgc":"PH1307605","cLng":120.99434,"cLat":14.55185},"geometry":{"type":"Polygon","coordinates":[[[120.99371,14.55335],[120.99521,14.55145],[120.99409,14.55074],[120.99371,14.55335]]]}},{"type":"Feature","id":"PH1307605029","properties":{"psgc":"PH1307605029","brgy":"Barangay 29","city":"Pasay City","cityPsgc":"PH1307605","cLng":120.99457,"cLat":14.55031},"geometry":{"type":"Polygon","coordinates":[[[120.99427,14.5512],[120.99548,14.55006],[120.99396,14.54966],[120.99427,14.5512]]]}},{"type":"Feature","id":"PH1307605030","properties":{"psgc":"PH1307605030","brgy":"Barangay 30","city":"Pasay City","cityPsgc":"PH1307605","cLng":120.99457,"cLat":14.54935},"geometry":{"type":"Polygon","coordinates":[[[120.99396,14.54966],[120.99566,14.54941],[120.9941,14.54898],[120.99396,14.54966]]]}},{"type":"Feature","id":"PH1307605031","properties":{"psgc":"PH1307605031","brgy":"Barangay 31","city":"Pasay City","cityPsgc":"PH1307605","cLng":120.9949,"cLat":14.5481},"geometry":{"type":"Polygon","coordinates":[[[120.9941,14.54898],[120.996,14.54791],[120.99459,14.54741],[120.9941,14.54898]]]}},{"type":"Feature","id":"PH1307605032","properties":{"psgc":"PH1307605032","brgy":"Barangay 32","city":"Pasay City","cityPsgc":"PH1307605","cLng":120.99458,"cLat":14.54668},"geometry":{"type":"Polygon","coordinates":[[[120.99363,14.54712],[120.99623,14.54686],[120.99387,14.54607],[120.99363,14.54712]]]}},{"type":"Feature","id":"PH1307605033","properties":{"psgc":"PH1307605033","brgy":"Barangay 33","city":"Pasay City","cityPsgc":"PH1307605","cLng":120.99413,"cLat":14.559},"geometry":{"type":"Polygon","coordinates":[[[120.99288,14.56004],[120.99622,14.55826],[120.99329,14.55869],[120.99288,14.56004]]]}},{"type":"Feature","id":"PH1307605034","properties":{"psgc":"PH1307605034","brgy":"Barangay 34","city":"Pasay City","cityPsgc":"PH1307605","cLng":120.99405,"cLat":14.55757},"geometry":{"type":"Polygon","coordinates":[[[120.99329,14.55869],[120.99519,14.5571],[120.99367,14.55693],[120.99329,14.55869]]]}},{"type":"Feature","id":"PH1307605035","properties":{"psgc":"PH1307605035","brgy":"Barangay 35","city":"Pasay City","cityPsgc":"PH1307605","cLng":120.99443,"cLat":14.55633},"geometry":{"type":"Polygon","coordinates":[[[120.99519,14.5571],[120.99442,14.55497],[120.99367,14.55693],[120.99519,14.5571]]]}},{"type":"Feature","id":"PH1307605036","properties":{"psgc":"PH1307605036","brgy":"Barangay 36","city":"Pasay City","cityPsgc":"PH1307605","cLng":120.99588,"cLat":14.55641},"geometry":{"type":"Polygon","coordinates":[[[120.99491,14.55787],[120.99678,14.5558],[120.99594,14.55557],[120.99491,14.55787]]]}},{"type":"Feature","id":"PH1307605037","properties":{"psgc":"PH1307605037","brgy":"Barangay 37","city":"Pasay City","cityPsgc":"PH1307605","cLng":120.99549,"cLat":14.55416},"geometry":{"type":"Polygon","coordinates":[[[120.99442,14.55497],[120.99723,14.554],[120.99483,14.55352],[120.99442,14.55497]]]}},{"type":"Feature","id":"PH1307605038","properties":{"psgc":"PH1307605038","brgy":"Barangay 38","city":"Pasay City","cityPsgc":"PH1307605","cLng":120.9958,"cLat":14.55274},"geometry":{"type":"Polygon","coordinates":[[[120.99723,14.554],[120.99535,14.55071],[120.99483,14.55352],[120.99723,14.554]]]}},{"type":"Feature","id":"PH1307605039","properties":{"psgc":"PH1307605039","brgy":"Barangay 39","city":"Pasay City","cityPsgc":"PH1307605","cLng":120.99648,"cLat":14.54962},"geometry":{"type":"Polygon","coordinates":[[[120.99535,14.55071],[120.99825,14.54939],[120.99583,14.54876],[120.99535,14.55071]]]}},{"type":"Feature","id":"PH1307605040","properties":{"psgc":"PH1307605040","brgy":"Barangay 40","city":"Pasay City","cityPsgc":"PH1307605","cLng":120.9969,"cLat":14.54776},"geometry":{"type":"Polygon","coordinates":[[[120.99583,14.54876],[120.99865,14.54766],[120.99623,14.54686],[120.99583,14.54876]]]}},{"type":"Feature","id":"PH1307605041","properties":{"psgc":"PH1307605041","brgy":"Barangay 41","city":"Pasay City","cityPsgc":"PH1307605","cLng":120.99648,"cLat":14.55969},"geometry":{"type":"Polygon","coordinates":[[[120.99564,14.5608],[120.99767,14.5595],[120.99612,14.55876],[120.99564,14.5608]]]}},{"type":"Feature","id":"PH1307605042","properties":{"psgc":"PH1307605042","brgy":"Barangay 42","city":"Pasay City","cityPsgc":"PH1307605","cLng":120.99777,"cLat":14.56017},"geometry":{"type":"Polygon","coordinates":[[[120.99698,14.56135],[120.99867,14.55966],[120.99767,14.5595],[120.99698,14.56135]]]}},{"type":"Feature","id":"PH1307605043","properties":{"psgc":"PH1307605043","brgy":"Barangay 43","city":"Pasay City","cityPsgc":"PH1307605","cLng":120.99878,"cLat":14.56081},"geometry":{"type":"Polygon","coordinates":[[[120.99825,14.5616],[120.99941,14.56116],[120.99867,14.55966],[120.99825,14.5616]]]}},{"type":"Feature","id":"PH1307605044","properties":{"psgc":"PH1307605044","brgy":"Barangay 44","city":"Pasay City","cityPsgc":"PH1307605","cLng":120.99711,"cLat":14.55723},"geometry":{"type":"Polygon","coordinates":[[[120.99612,14.55876],[120.9985,14.5567],[120.9967,14.55623],[120.99612,14.55876]]]}},{"type":"Feature","id":"PH1307605045","properties":{"psgc":"PH1307605045","brgy":"Barangay 45","city":"Pasay City","cityPsgc":"PH1307605","cLng":120.99847,"cLat":14.55775},"geometry":{"type":"Polygon","coordinates":[[[120.99767,14.5595],[120.99925,14.55696],[120.99848,14.55679],[120.99767,14.5595]]]}},{"type":"Feature","id":"PH1307605046","properties":{"psgc":"PH1307605046","brgy":"Barangay 46","city":"Pasay City","cityPsgc":"PH1307605","cLng":120.99952,"cLat":14.55743},"geometry":{"type":"Polygon","coordinates":[[[120.99867,14.55966],[121.00012,14.55794],[120.99976,14.55468],[120.99867,14.55966]]]}},{"type":"Feature","id":"PH1307605047","properties":{"psgc":"PH1307605047","brgy":"Barangay 47","city":"Pasay City","cityPsgc":"PH1307605","cLng":120.99748,"cLat":14.55564},"geometry":{"type":"Polygon","coordinates":[[[120.9985,14.5567],[120.99723,14.554],[120.9967,14.55623],[120.9985,14.5567]]]}},{"type":"Feature","id":"PH1307605048","properties":{"psgc":"PH1307605048","brgy":"Barangay 48","city":"Pasay City","cityPsgc":"PH1307605","cLng":120.99915,"cLat":14.55534},"geometry":{"type":"Polygon","coordinates":[[[120.99848,14.55679],[120.99976,14.55468],[120.99921,14.55455],[120.99848,14.55679]]]}},{"type":"Feature","id":"PH1307605049","properties":{"psgc":"PH1307605049","brgy":"Barangay 49","city":"Pasay City","cityPsgc":"PH1307605","cLng":120.99804,"cLat":14.55294},"geometry":{"type":"Polygon","coordinates":[[[120.99723,14.554],[120.99927,14.55259],[120.99762,14.55224],[120.99723,14.554]]]}},{"type":"Feature","id":"PH1307605050","properties":{"psgc":"PH1307605050","brgy":"Barangay 50","city":"Pasay City","cityPsgc":"PH1307605","cLng":120.99952,"cLat":14.55402},"geometry":{"type":"Polygon","coordinates":[[[120.99921,14.55455],[121,14.5538],[120.99938,14.5537],[120.99921,14.55455]]]}},{"type":"Feature","id":"PH1307605051","properties":{"psgc":"PH1307605051","brgy":"Barangay 51","city":"Pasay City","cityPsgc":"PH1307605","cLng":121.00094,"cLat":14.55322},"geometry":{"type":"Polygon","coordinates":[[[121.00031,14.55271],[121.00107,14.55399],[121.00144,14.55295],[121.00031,14.55271]]]}},{"type":"Feature","id":"PH1307605052","properties":{"psgc":"PH1307605052","brgy":"Barangay 52","city":"Pasay City","cityPsgc":"PH1307605","cLng":120.99881,"cLat":14.55264},"geometry":{"type":"Polygon","coordinates":[[[120.9987,14.55443],[120.99995,14.55203],[120.99778,14.55146],[120.9987,14.55443]]]}},{"type":"Feature","id":"PH1307605053","properties":{"psgc":"PH1307605053","brgy":"Barangay 53","city":"Pasay City","cityPsgc":"PH1307605","cLng":120.99995,"cLat":14.55262},"geometry":{"type":"Polygon","coordinates":[[[120.99938,14.5537],[121.00054,14.55214],[120.99995,14.55203],[120.99938,14.5537]]]}},{"type":"Feature","id":"PH1307605054","properties":{"psgc":"PH1307605054","brgy":"Barangay 54","city":"Pasay City","cityPsgc":"PH1307605","cLng":121.00091,"cLat":14.55238},"geometry":{"type":"Polygon","coordinates":[[[121.00031,14.55271],[121.00182,14.5524],[121.00058,14.55203],[121.00031,14.55271]]]}},{"type":"Feature","id":"PH1307605055","properties":{"psgc":"PH1307605055","brgy":"Barangay 55","city":"Pasay City","cityPsgc":"PH1307605","cLng":120.9986,"cLat":14.55113},"geometry":{"type":"Polygon","coordinates":[[[120.99778,14.55146],[121.0001,14.55116],[120.99793,14.55077],[120.99778,14.55146]]]}},{"type":"Feature","id":"PH1307605056","properties":{"psgc":"PH1307605056","brgy":"Barangay 56","city":"Pasay City","cityPsgc":"PH1307605","cLng":121.00038,"cLat":14.55122},"geometry":{"type":"Polygon","coordinates":[[[120.99995,14.55203],[121.001,14.55092],[121.0002,14.55072],[120.99995,14.55203]]]}},{"type":"Feature","id":"PH1307605057","properties":{"psgc":"PH1307605057","brgy":"Barangay 57","city":"Pasay City","cityPsgc":"PH1307605","cLng":121.0015,"cLat":14.55158},"geometry":{"type":"Polygon","coordinates":[[[121.00058,14.55203],[121.00294,14.5518],[121.001,14.55092],[121.00058,14.55203]]]}},{"type":"Feature","id":"PH1307605058","properties":{"psgc":"PH1307605058","brgy":"Barangay 58","city":"Pasay City","cityPsgc":"PH1307605","cLng":120.99887,"cLat":14.54997},"geometry":{"type":"Polygon","coordinates":[[[120.99793,14.55077],[121.00041,14.54979],[120.99826,14.54934],[120.99793,14.55077]]]}},{"type":"Feature","id":"PH1307605059","properties":{"psgc":"PH1307605059","brgy":"Barangay 59","city":"Pasay City","cityPsgc":"PH1307605","cLng":120.99918,"cLat":14.54833},"geometry":{"type":"Polygon","coordinates":[[[120.99826,14.54934],[121.00064,14.54799],[120.99865,14.54766],[120.99826,14.54934]]]}},{"type":"Feature","id":"PH1307605060","properties":{"psgc":"PH1307605060","brgy":"Barangay 60","city":"Pasay City","cityPsgc":"PH1307605","cLng":121.00142,"cLat":14.54842},"geometry":{"type":"Polygon","coordinates":[[[121.00064,14.54799],[121.00158,14.54922],[121.00203,14.54804],[121.00064,14.54799]]]}},{"type":"Feature","id":"PH1307605061","properties":{"psgc":"PH1307605061","brgy":"Barangay 61","city":"Pasay City","cityPsgc":"PH1307605","cLng":121.00169,"cLat":14.55048},"geometry":{"type":"Polygon","coordinates":[[[121.001,14.55092],[121.00275,14.55053],[121.00131,14.55],[121.001,14.55092]]]}},{"type":"Feature","id":"PH1307605062","properties":{"psgc":"PH1307605062","brgy":"Barangay 62","city":"Pasay City","cityPsgc":"PH1307605","cLng":121.00302,"cLat":14.55119},"geometry":{"type":"Polygon","coordinates":[[[121.00294,14.5518],[121.00336,14.55133],[121.00276,14.55045],[121.00294,14.5518]]]}},{"type":"Feature","id":"PH1307605063","properties":{"psgc":"PH1307605063","brgy":"Barangay 63","city":"Pasay City","cityPsgc":"PH1307605","cLng":121.00185,"cLat":14.54986},"geometry":{"type":"Polygon","coordinates":[[[121.00131,14.55],[121.00274,14.55006],[121.00148,14.54951],[121.00131,14.55]]]}},{"type":"Feature","id":"PH1307605064","properties":{"psgc":"PH1307605064","brgy":"Barangay 64","city":"Pasay City","cityPsgc":"PH1307605","cLng":121.00205,"cLat":14.54919},"geometry":{"type":"Polygon","coordinates":[[[121.00148,14.54951],[121.0029,14.54926],[121.00174,14.5488],[121.00148,14.54951]]]}},{"type":"Feature","id":"PH1307605065","properties":{"psgc":"PH1307605065","brgy":"Barangay 65","city":"Pasay City","cityPsgc":"PH1307605","cLng":121.00352,"cLat":14.55022},"geometry":{"type":"Polygon","coordinates":[[[121.00276,14.55045],[121.00491,14.55095],[121.0029,14.54926],[121.00276,14.55045]]]}},{"type":"Feature","id":"PH1307605066","properties":{"psgc":"PH1307605066","brgy":"Barangay 66","city":"Pasay City","cityPsgc":"PH1307605","cLng":121.00256,"cLat":14.54879},"geometry":{"type":"Polygon","coordinates":[[[121.00392,14.54953],[121.00203,14.54804],[121.00174,14.5488],[121.00392,14.54953]]]}},{"type":"Feature","id":"PH1307605067","properties":{"psgc":"PH1307605067","brgy":"Barangay 67","city":"Pasay City","cityPsgc":"PH1307605","cLng":121.00493,"cLat":14.54962},"geometry":{"type":"Polygon","coordinates":[[[121.00384,14.5497],[121.00669,14.55017],[121.00426,14.54898],[121.00384,14.5497]]]}},{"type":"Feature","id":"PH1307605068","properties":{"psgc":"PH1307605068","brgy":"Barangay 68","city":"Pasay City","cityPsgc":"PH1307605","cLng":120.99441,"cLat":14.54594},"geometry":{"type":"Polygon","coordinates":[[[120.99525,14.54653],[120.99412,14.54523],[120.99387,14.54607],[120.99525,14.54653]]]}},{"type":"Feature","id":"PH1307605069","properties":{"psgc":"PH1307605069","brgy":"Barangay 69","city":"Pasay City","cityPsgc":"PH1307605","cLng":120.99572,"cLat":14.54641},"geometry":{"type":"Polygon","coordinates":[[[120.99642,14.54693],[120.99548,14.54576],[120.99525,14.54653],[120.99642,14.54693]]]}},{"type":"Feature","id":"PH1307605070","properties":{"psgc":"PH1307605070","brgy":"Barangay 70","city":"Pasay City","cityPsgc":"PH1307605","cLng":120.99514,"cLat":14.54346},"geometry":{"type":"Polygon","coordinates":[[[120.99412,14.54523],[120.9966,14.54278],[120.99471,14.54236],[120.99412,14.54523]]]}},{"type":"Feature","id":"PH1307605071","properties":{"psgc":"PH1307605071","brgy":"Barangay 71","city":"Pasay City","cityPsgc":"PH1307605","cLng":120.99611,"cLat":14.54548},"geometry":{"type":"Polygon","coordinates":[[[120.99667,14.54599],[120.99619,14.5447],[120.99548,14.54576],[120.99667,14.54599]]]}},{"type":"Feature","id":"PH1307605072","properties":{"psgc":"PH1307605072","brgy":"Barangay 72","city":"Pasay City","cityPsgc":"PH1307605","cLng":120.99674,"cLat":14.54348},"geometry":{"type":"Polygon","coordinates":[[[120.99619,14.5447],[120.9974,14.54297],[120.9966,14.54278],[120.99619,14.5447]]]}},{"type":"Feature","id":"PH1307605073","properties":{"psgc":"PH1307605073","brgy":"Barangay 73","city":"Pasay City","cityPsgc":"PH1307605","cLng":120.99575,"cLat":14.54059},"geometry":{"type":"Polygon","coordinates":[[[120.99471,14.54236],[120.99714,14.53987],[120.99539,14.53955],[120.99471,14.54236]]]}},{"type":"Feature","id":"PH1307605074","properties":{"psgc":"PH1307605074","brgy":"Barangay 74","city":"Pasay City","cityPsgc":"PH1307605","cLng":120.9973,"cLat":14.54085},"geometry":{"type":"Polygon","coordinates":[[[120.9966,14.54278],[120.99816,14.5399],[120.99714,14.53987],[120.9966,14.54278]]]}},{"type":"Feature","id":"PH1307605075","properties":{"psgc":"PH1307605075","brgy":"Barangay 75","city":"Pasay City","cityPsgc":"PH1307605","cLng":120.99658,"cLat":14.53762},"geometry":{"type":"Polygon","coordinates":[[[120.99539,14.53955],[120.9984,14.53701],[120.99596,14.5363],[120.99539,14.53955]]]}},{"type":"Feature","id":"PH1307605076","properties":{"psgc":"PH1307605076","brgy":"Barangay 76","city":"Pasay City","cityPsgc":"PH1307605","cLng":120.98565,"cLat":14.54326},"geometry":{"type":"Polygon","coordinates":[[[120.98024,14.56372],[120.99387,14.54607],[120.99284,14.53126],[120.97915,14.5295],[120.98024,14.56372]]]}},{"type":"Feature","id":"PH1307605077","properties":{"psgc":"PH1307605077","brgy":"Barangay 77","city":"Pasay City","cityPsgc":"PH1307605","cLng":120.99693,"cLat":14.53557},"geometry":{"type":"Polygon","coordinates":[[[120.99596,14.5363],[120.99864,14.5353],[120.99619,14.53512],[120.99596,14.5363]]]}},{"type":"Feature","id":"PH1307605078","properties":{"psgc":"PH1307605078","brgy":"Barangay 78","city":"Pasay City","cityPsgc":"PH1307605","cLng":120.99715,"cLat":14.5344},"geometry":{"type":"Polygon","coordinates":[[[120.99619,14.53512],[120.99874,14.53463],[120.99653,14.53345],[120.99619,14.53512]]]}},{"type":"Feature","id":"PH1307605079","properties":{"psgc":"PH1307605079","brgy":"Barangay 79","city":"Pasay City","cityPsgc":"PH1307605","cLng":120.99925,"cLat":14.53657},"geometry":{"type":"Polygon","coordinates":[[[120.99834,14.53759],[121.00068,14.5375],[120.99874,14.53463],[120.99834,14.53759]]]}},{"type":"Feature","id":"PH1307605080","properties":{"psgc":"PH1307605080","brgy":"Barangay 80","city":"Pasay City","cityPsgc":"PH1307605","cLng":120.99873,"cLat":14.53813},"geometry":{"type":"Polygon","coordinates":[[[120.99824,14.53927],[120.99958,14.53753],[120.99834,14.53759],[120.99824,14.53927]]]}},{"type":"Feature","id":"PH1307605081","properties":{"psgc":"PH1307605081","brgy":"Barangay 81","city":"Pasay City","cityPsgc":"PH1307605","cLng":120.99852,"cLat":14.5397},"geometry":{"type":"Polygon","coordinates":[[[120.99808,14.54053],[120.99924,14.53931],[120.99824,14.53927],[120.99808,14.54053]]]}},{"type":"Feature","id":"PH1307605082","properties":{"psgc":"PH1307605082","brgy":"Barangay 82","city":"Pasay City","cityPsgc":"PH1307605","cLng":120.99933,"cLat":14.53982},"geometry":{"type":"Polygon","coordinates":[[[120.9991,14.54081],[120.99966,14.53933],[120.99924,14.53931],[120.9991,14.54081]]]}},{"type":"Feature","id":"PH1307605083","properties":{"psgc":"PH1307605083","brgy":"Barangay 83","city":"Pasay City","cityPsgc":"PH1307605","cLng":120.99983,"cLat":14.53811},"geometry":{"type":"Polygon","coordinates":[[[120.99924,14.53931],[121.00068,14.5375],[120.99958,14.53753],[120.99924,14.53931]]]}},{"type":"Feature","id":"PH1307605084","properties":{"psgc":"PH1307605084","brgy":"Barangay 84","city":"Pasay City","cityPsgc":"PH1307605","cLng":120.9998,"cLat":14.54035},"geometry":{"type":"Polygon","coordinates":[[[121.0002,14.54089],[120.99966,14.53933],[120.99957,14.54083],[121.0002,14.54089]]]}},{"type":"Feature","id":"PH1307605085","properties":{"psgc":"PH1307605085","brgy":"Barangay 85","city":"Pasay City","cityPsgc":"PH1307605","cLng":120.99943,"cLat":14.54107},"geometry":{"type":"Polygon","coordinates":[[[120.99808,14.54053],[121,14.5418],[121.0002,14.54089],[120.99808,14.54053]]]}},{"type":"Feature","id":"PH1307605086","properties":{"psgc":"PH1307605086","brgy":"Barangay 86","city":"Pasay City","cityPsgc":"PH1307605","cLng":120.99911,"cLat":14.5423},"geometry":{"type":"Polygon","coordinates":[[[120.9976,14.54233],[120.99974,14.54277],[121,14.5418],[120.9976,14.54233]]]}},{"type":"Feature","id":"PH1307605087","properties":{"psgc":"PH1307605087","brgy":"Barangay 87","city":"Pasay City","cityPsgc":"PH1307605","cLng":120.99882,"cLat":14.54334},"geometry":{"type":"Polygon","coordinates":[[[120.99952,14.54378],[120.99859,14.54263],[120.99838,14.5436],[120.99952,14.54378]]]}},{"type":"Feature","id":"PH1307605088","properties":{"psgc":"PH1307605088","brgy":"Barangay 88","city":"Pasay City","cityPsgc":"PH1307605","cLng":120.99754,"cLat":14.5439},"geometry":{"type":"Polygon","coordinates":[[[120.99678,14.54551],[120.99844,14.54322],[120.9974,14.54297],[120.99678,14.54551]]]}},{"type":"Feature","id":"PH1307605089","properties":{"psgc":"PH1307605089","brgy":"Barangay 89","city":"Pasay City","cityPsgc":"PH1307605","cLng":120.99864,"cLat":14.54419},"geometry":{"type":"Polygon","coordinates":[[[120.99936,14.54456],[120.99838,14.5436],[120.99819,14.54441],[120.99936,14.54456]]]}},{"type":"Feature","id":"PH1307605090","properties":{"psgc":"PH1307605090","brgy":"Barangay 90","city":"Pasay City","cityPsgc":"PH1307605","cLng":120.99845,"cLat":14.54491},"geometry":{"type":"Polygon","coordinates":[[[120.9978,14.54576],[120.99936,14.54456],[120.99819,14.54441],[120.9978,14.54576]]]}},{"type":"Feature","id":"PH1307605091","properties":{"psgc":"PH1307605091","brgy":"Barangay 91","city":"Pasay City","cityPsgc":"PH1307605","cLng":120.99741,"cLat":14.54615},"geometry":{"type":"Polygon","coordinates":[[[120.99888,14.54667],[120.99678,14.54551],[120.99658,14.54626],[120.99888,14.54667]]]}},{"type":"Feature","id":"PH1307605092","properties":{"psgc":"PH1307605092","brgy":"Barangay 92","city":"Pasay City","cityPsgc":"PH1307605","cLng":120.99722,"cLat":14.54695},"geometry":{"type":"Polygon","coordinates":[[[120.99865,14.54766],[120.99658,14.54626],[120.99642,14.54693],[120.99865,14.54766]]]}},{"type":"Feature","id":"PH1307605093","properties":{"psgc":"PH1307605093","brgy":"Barangay 93","city":"Pasay City","cityPsgc":"PH1307605","cLng":120.99957,"cLat":14.54445},"geometry":{"type":"Polygon","coordinates":[[[120.99865,14.54766],[121.00032,14.54292],[120.99974,14.54277],[120.99865,14.54766]]]}},{"type":"Feature","id":"PH1307605094","properties":{"psgc":"PH1307605094","brgy":"Barangay 94","city":"Pasay City","cityPsgc":"PH1307605","cLng":121.00017,"cLat":14.54458},"geometry":{"type":"Polygon","coordinates":[[[120.99932,14.5478],[121.00086,14.54302],[121.00032,14.54292],[120.99932,14.5478]]]}},{"type":"Feature","id":"PH1307605095","properties":{"psgc":"PH1307605095","brgy":"Barangay 95","city":"Pasay City","cityPsgc":"PH1307605","cLng":121.0003,"cLat":14.54655},"geometry":{"type":"Polygon","coordinates":[[[120.99982,14.54788],[121.00097,14.54595],[121.00011,14.54582],[120.99982,14.54788]]]}},{"type":"Feature","id":"PH1307605096","properties":{"psgc":"PH1307605096","brgy":"Barangay 96","city":"Pasay City","cityPsgc":"PH1307605","cLng":121.00089,"cLat":14.54422},"geometry":{"type":"Polygon","coordinates":[[[121.00011,14.54582],[121.00127,14.54383],[121.00133,14.54301],[121.00011,14.54582]]]}},{"type":"Feature","id":"PH1307605097","properties":{"psgc":"PH1307605097","brgy":"Barangay 97","city":"Pasay City","cityPsgc":"PH1307605","cLng":121.00066,"cLat":14.54005},"geometry":{"type":"Polygon","coordinates":[[[120.99974,14.54277],[121.00155,14.53987],[121.00068,14.5375],[120.99974,14.54277]]]}},{"type":"Feature","id":"PH1307605098","properties":{"psgc":"PH1307605098","brgy":"Barangay 98","city":"Pasay City","cityPsgc":"PH1307605","cLng":121.00206,"cLat":14.53841},"geometry":{"type":"Polygon","coordinates":[[[121.00155,14.53987],[121.00324,14.53776],[121.0014,14.53759],[121.00155,14.53987]]]}},{"type":"Feature","id":"PH1307605099","properties":{"psgc":"PH1307605099","brgy":"Barangay 99","city":"Pasay City","cityPsgc":"PH1307605","cLng":121.002,"cLat":14.54065},"geometry":{"type":"Polygon","coordinates":[[[121.00298,14.54105],[121.00155,14.53987],[121.00146,14.54102],[121.00298,14.54105]]]}},{"type":"Feature","id":"PH1307605100","properties":{"psgc":"PH1307605100","brgy":"Barangay 100","city":"Pasay City","cityPsgc":"PH1307605","cLng":121.00192,"cLat":14.54169},"geometry":{"type":"Polygon","coordinates":[[[121.00133,14.54301],[121.00298,14.54105],[121.00146,14.54102],[121.00133,14.54301]]]}},{"type":"Feature","id":"PH1307605101","properties":{"psgc":"PH1307605101","brgy":"Barangay 101","city":"Pasay City","cityPsgc":"PH1307605","cLng":121.00181,"cLat":14.54331},"geometry":{"type":"Polygon","coordinates":[[[121.00127,14.54383],[121.00282,14.54309],[121.00133,14.54301],[121.00127,14.54383]]]}},{"type":"Feature","id":"PH1307605102","properties":{"psgc":"PH1307605102","brgy":"Barangay 102","city":"Pasay City","cityPsgc":"PH1307605","cLng":121.00173,"cLat":14.54419},"geometry":{"type":"Polygon","coordinates":[[[121.0027,14.5445],[121.00127,14.54383],[121.00118,14.54425],[121.0027,14.5445]]]}},{"type":"Feature","id":"PH1307605103","properties":{"psgc":"PH1307605103","brgy":"Barangay 103","city":"Pasay City","cityPsgc":"PH1307605","cLng":121.00326,"cLat":14.54523},"geometry":{"type":"Polygon","coordinates":[[[121.00444,14.54567],[121.0027,14.5445],[121.00262,14.54553],[121.00444,14.54567]]]}},{"type":"Feature","id":"PH1307605104","properties":{"psgc":"PH1307605104","brgy":"Barangay 104","city":"Pasay City","cityPsgc":"PH1307605","cLng":121.00161,"cLat":14.54504},"geometry":{"type":"Polygon","coordinates":[[[121.00262,14.54553],[121.00118,14.54425],[121.00105,14.54535],[121.00262,14.54553]]]}},{"type":"Feature","id":"PH1307605105","properties":{"psgc":"PH1307605105","brgy":"Barangay 105","city":"Pasay City","cityPsgc":"PH1307605","cLng":121.00155,"cLat":14.54557},"geometry":{"type":"Polygon","coordinates":[[[121.00101,14.54582],[121.00262,14.54553],[121.00105,14.54535],[121.00101,14.54582]]]}},{"type":"Feature","id":"PH1307605106","properties":{"psgc":"PH1307605106","brgy":"Barangay 106","city":"Pasay City","cityPsgc":"PH1307605","cLng":121.00147,"cLat":14.54632},"geometry":{"type":"Polygon","coordinates":[[[121.00246,14.54667],[121.00101,14.54582],[121.00091,14.54646],[121.00246,14.54667]]]}},{"type":"Feature","id":"PH1307605107","properties":{"psgc":"PH1307605107","brgy":"Barangay 107","city":"Pasay City","cityPsgc":"PH1307605","cLng":121.00119,"cLat":14.5475},"geometry":{"type":"Polygon","coordinates":[[[121.00203,14.54804],[121.00091,14.54646],[121.00064,14.54799],[121.00203,14.54804]]]}},{"type":"Feature","id":"PH1307605108","properties":{"psgc":"PH1307605108","brgy":"Barangay 108","city":"Pasay City","cityPsgc":"PH1307605","cLng":121.00293,"cLat":14.54725},"geometry":{"type":"Polygon","coordinates":[[[121.00203,14.54804],[121.00428,14.54705],[121.00246,14.54667],[121.00203,14.54804]]]}},{"type":"Feature","id":"PH1307605109","properties":{"psgc":"PH1307605109","brgy":"Barangay 109","city":"Pasay City","cityPsgc":"PH1307605","cLng":121.00311,"cLat":14.54651},"geometry":{"type":"Polygon","coordinates":[[[121.00246,14.54667],[121.00433,14.54654],[121.00254,14.54632],[121.00246,14.54667]]]}},{"type":"Feature","id":"PH1307605110","properties":{"psgc":"PH1307605110","brgy":"Barangay 110","city":"Pasay City","cityPsgc":"PH1307605","cLng":121.0032,"cLat":14.54584},"geometry":{"type":"Polygon","coordinates":[[[121.00254,14.54632],[121.00444,14.54567],[121.00262,14.54553],[121.00254,14.54632]]]}},{"type":"Feature","id":"PH1307605111","properties":{"psgc":"PH1307605111","brgy":"Barangay 111","city":"Pasay City","cityPsgc":"PH1307605","cLng":121.00332,"cLat":14.54431},"geometry":{"type":"Polygon","coordinates":[[[121.00447,14.54466],[121.00277,14.54377],[121.0027,14.5445],[121.00447,14.54466]]]}},{"type":"Feature","id":"PH1307605112","properties":{"psgc":"PH1307605112","brgy":"Barangay 112","city":"Pasay City","cityPsgc":"PH1307605","cLng":121.00339,"cLat":14.54358},"geometry":{"type":"Polygon","coordinates":[[[121.00456,14.54388],[121.00282,14.54309],[121.00277,14.54377],[121.00456,14.54388]]]}},{"type":"Feature","id":"PH1307605113","properties":{"psgc":"PH1307605113","brgy":"Barangay 113","city":"Pasay City","cityPsgc":"PH1307605","cLng":121.00324,"cLat":14.54105},"geometry":{"type":"Polygon","coordinates":[[[121.00282,14.54309],[121.00384,14.54005],[121.00305,14.54],[121.00282,14.54309]]]}},{"type":"Feature","id":"PH1307605114","properties":{"psgc":"PH1307605114","brgy":"Barangay 114","city":"Pasay City","cityPsgc":"PH1307605","cLng":121.00448,"cLat":14.54261},"geometry":{"type":"Polygon","coordinates":[[[121.0036,14.54316],[121.00617,14.5423],[121.00366,14.54237],[121.0036,14.54316]]]}},{"type":"Feature","id":"PH1307605115","properties":{"psgc":"PH1307605115","brgy":"Barangay 115","city":"Pasay City","cityPsgc":"PH1307605","cLng":121.00444,"cLat":14.54134},"geometry":{"type":"Polygon","coordinates":[[[121.00366,14.54237],[121.00586,14.54056],[121.00379,14.54108],[121.00366,14.54237]]]}},{"type":"Feature","id":"PH1307605116","properties":{"psgc":"PH1307605116","brgy":"Barangay 116","city":"Pasay City","cityPsgc":"PH1307605","cLng":121.00415,"cLat":14.5404},"geometry":{"type":"Polygon","coordinates":[[[121.00379,14.54108],[121.0048,14.54007],[121.00384,14.54005],[121.00379,14.54108]]]}},{"type":"Feature","id":"PH1307605117","properties":{"psgc":"PH1307605117","brgy":"Barangay 117","city":"Pasay City","cityPsgc":"PH1307605","cLng":121.00505,"cLat":14.54024},"geometry":{"type":"Polygon","coordinates":[[[121.00487,14.54082],[121.00552,14.53985],[121.0048,14.54007],[121.00487,14.54082]]]}},{"type":"Feature","id":"PH1307605118","properties":{"psgc":"PH1307605118","brgy":"Barangay 118","city":"Pasay City","cityPsgc":"PH1307605","cLng":121.00339,"cLat":14.53854},"geometry":{"type":"Polygon","coordinates":[[[121.00305,14.54],[121.00387,14.53786],[121.00324,14.53776],[121.00305,14.54]]]}},{"type":"Feature","id":"PH1307605119","properties":{"psgc":"PH1307605119","brgy":"Barangay 119","city":"Pasay City","cityPsgc":"PH1307605","cLng":121.0043,"cLat":14.53849},"geometry":{"type":"Polygon","coordinates":[[[121.00422,14.53967],[121.00483,14.53794],[121.00387,14.53786],[121.00422,14.53967]]]}},{"type":"Feature","id":"PH1307605120","properties":{"psgc":"PH1307605120","brgy":"Barangay 120","city":"Pasay City","cityPsgc":"PH1307605","cLng":121.00491,"cLat":14.54827},"geometry":{"type":"Polygon","coordinates":[[[121.00451,14.54933],[121.00604,14.54794],[121.0042,14.54753],[121.00451,14.54933]]]}},{"type":"Feature","id":"PH1307605121","properties":{"psgc":"PH1307605121","brgy":"Barangay 121","city":"Pasay City","cityPsgc":"PH1307605","cLng":121.00496,"cLat":14.54715},"geometry":{"type":"Polygon","coordinates":[[[121.0042,14.54753],[121.00634,14.54705],[121.00431,14.54688],[121.0042,14.54753]]]}},{"type":"Feature","id":"PH1307605122","properties":{"psgc":"PH1307605122","brgy":"Barangay 122","city":"Pasay City","cityPsgc":"PH1307605","cLng":121.00468,"cLat":14.54651},"geometry":{"type":"Polygon","coordinates":[[[121.00528,14.54698],[121.00444,14.54567],[121.00431,14.54688],[121.00528,14.54698]]]}},{"type":"Feature","id":"PH1307605123","properties":{"psgc":"PH1307605123","brgy":"Barangay 123","city":"Pasay City","cityPsgc":"PH1307605","cLng":121.00563,"cLat":14.5462},"geometry":{"type":"Polygon","coordinates":[[[121.00528,14.54698],[121.00636,14.54586],[121.00525,14.54575],[121.00528,14.54698]]]}},{"type":"Feature","id":"PH1307605124","properties":{"psgc":"PH1307605124","brgy":"Barangay 124","city":"Pasay City","cityPsgc":"PH1307605","cLng":121.0051,"cLat":14.54517},"geometry":{"type":"Polygon","coordinates":[[[121.00444,14.54567],[121.00638,14.54495],[121.00448,14.54489],[121.00444,14.54567]]]}},{"type":"Feature","id":"PH1307605125","properties":{"psgc":"PH1307605125","brgy":"Barangay 125","city":"Pasay City","cityPsgc":"PH1307605","cLng":121.00514,"cLat":14.54457},"geometry":{"type":"Polygon","coordinates":[[[121.00638,14.54495],[121.00456,14.54388],[121.00448,14.54489],[121.00638,14.54495]]]}},{"type":"Feature","id":"PH1307605126","properties":{"psgc":"PH1307605126","brgy":"Barangay 126","city":"Pasay City","cityPsgc":"PH1307605","cLng":121.00509,"cLat":14.5434},"geometry":{"type":"Polygon","coordinates":[[[121.00456,14.54388],[121.00609,14.54314],[121.00463,14.54318],[121.00456,14.54388]]]}},{"type":"Feature","id":"PH1307605127","properties":{"psgc":"PH1307605127","brgy":"Barangay 127","city":"Pasay City","cityPsgc":"PH1307605","cLng":121.00604,"cLat":14.54865},"geometry":{"type":"Polygon","coordinates":[[[121.00516,14.54973],[121.00693,14.54829],[121.00604,14.54794],[121.00516,14.54973]]]}},{"type":"Feature","id":"PH1307605128","properties":{"psgc":"PH1307605128","brgy":"Barangay 128","city":"Pasay City","cityPsgc":"PH1307605","cLng":121.00742,"cLat":14.5489},"geometry":{"type":"Polygon","coordinates":[[[121.007,14.54816],[121.00723,14.54999],[121.00805,14.54855],[121.007,14.54816]]]}},{"type":"Feature","id":"PH1307605129","properties":{"psgc":"PH1307605129","brgy":"Barangay 129","city":"Pasay City","cityPsgc":"PH1307605","cLng":121.00655,"cLat":14.54729},"geometry":{"type":"Polygon","coordinates":[[[121.00604,14.54794],[121.00733,14.54707],[121.00631,14.54686],[121.00604,14.54794]]]}},{"type":"Feature","id":"PH1307605130","properties":{"psgc":"PH1307605130","brgy":"Barangay 130","city":"Pasay City","cityPsgc":"PH1307605","cLng":121.00787,"cLat":14.5476},"geometry":{"type":"Polygon","coordinates":[[[121.007,14.54816],[121.00929,14.54756],[121.00733,14.54707],[121.007,14.54816]]]}},{"type":"Feature","id":"PH1307605131","properties":{"psgc":"PH1307605131","brgy":"Barangay 131","city":"Pasay City","cityPsgc":"PH1307605","cLng":121.00676,"cLat":14.54534},"geometry":{"type":"Polygon","coordinates":[[[121.00631,14.54686],[121.00752,14.54468],[121.00644,14.54448],[121.00631,14.54686]]]}},{"type":"Feature","id":"PH1307605132","properties":{"psgc":"PH1307605132","brgy":"Barangay 132","city":"Pasay City","cityPsgc":"PH1307605","cLng":121.0078,"cLat":14.5461},"geometry":{"type":"Polygon","coordinates":[[[121.00733,14.54707],[121.00857,14.5457],[121.00749,14.54554],[121.00733,14.54707]]]}},{"type":"Feature","id":"PH1307605133","properties":{"psgc":"PH1307605133","brgy":"Barangay 133","city":"Pasay City","cityPsgc":"PH1307605","cLng":121.00665,"cLat":14.54356},"geometry":{"type":"Polygon","coordinates":[[[121.00644,14.54448],[121.00742,14.54305],[121.00609,14.54314],[121.00644,14.54448]]]}},{"type":"Feature","id":"PH1307605134","properties":{"psgc":"PH1307605134","brgy":"Barangay 134","city":"Pasay City","cityPsgc":"PH1307605","cLng":121.00794,"cLat":14.54502},"geometry":{"type":"Polygon","coordinates":[[[121.00749,14.54554],[121.00881,14.54484],[121.00752,14.54468],[121.00749,14.54554]]]}},{"type":"Feature","id":"PH1307605135","properties":{"psgc":"PH1307605135","brgy":"Barangay 135","city":"Pasay City","cityPsgc":"PH1307605","cLng":121.0082,"cLat":14.54357},"geometry":{"type":"Polygon","coordinates":[[[121.00752,14.54468],[121.00966,14.54298],[121.00742,14.54305],[121.00752,14.54468]]]}},{"type":"Feature","id":"PH1307605136","properties":{"psgc":"PH1307605136","brgy":"Barangay 136","city":"Pasay City","cityPsgc":"PH1307605","cLng":121.00737,"cLat":14.54211},"geometry":{"type":"Polygon","coordinates":[[[121.00614,14.54176],[121.00817,14.54297],[121.00782,14.54161],[121.00614,14.54176]]]}},{"type":"Feature","id":"PH1307605137","properties":{"psgc":"PH1307605137","brgy":"Barangay 137","city":"Pasay City","cityPsgc":"PH1307605","cLng":121.00847,"cLat":14.54203},"geometry":{"type":"Polygon","coordinates":[[[121.00817,14.54297],[121.00941,14.5415],[121.00782,14.54161],[121.00817,14.54297]]]}},{"type":"Feature","id":"PH1307605138","properties":{"psgc":"PH1307605138","brgy":"Barangay 138","city":"Pasay City","cityPsgc":"PH1307605","cLng":121.00715,"cLat":14.54119},"geometry":{"type":"Polygon","coordinates":[[[121.006,14.54111],[121.00782,14.54161],[121.00764,14.54085],[121.006,14.54111]]]}},{"type":"Feature","id":"PH1307605139","properties":{"psgc":"PH1307605139","brgy":"Barangay 139","city":"Pasay City","cityPsgc":"PH1307605","cLng":121.0069,"cLat":14.5405},"geometry":{"type":"Polygon","coordinates":[[[121.00586,14.54056],[121.00753,14.54085],[121.00731,14.5401],[121.00586,14.54056]]]}},{"type":"Feature","id":"PH1307605140","properties":{"psgc":"PH1307605140","brgy":"Barangay 140","city":"Pasay City","cityPsgc":"PH1307605","cLng":121.00651,"cLat":14.53985},"geometry":{"type":"Polygon","coordinates":[[[121.00559,14.53995],[121.00711,14.54015],[121.00684,14.53945],[121.00559,14.53995]]]}},{"type":"Feature","id":"PH1307605141","properties":{"psgc":"PH1307605141","brgy":"Barangay 141","city":"Pasay City","cityPsgc":"PH1307605","cLng":121.00573,"cLat":14.53915},"geometry":{"type":"Polygon","coordinates":[[[121.00559,14.53995],[121.0064,14.53853],[121.00517,14.53897],[121.00559,14.53995]]]}},{"type":"Feature","id":"PH1307605142","properties":{"psgc":"PH1307605142","brgy":"Barangay 142","city":"Pasay City","cityPsgc":"PH1307605","cLng":121.00541,"cLat":14.53835},"geometry":{"type":"Polygon","coordinates":[[[121.00517,14.53897],[121.00624,14.53814],[121.00483,14.53794],[121.00517,14.53897]]]}},{"type":"Feature","id":"PH1307605143","properties":{"psgc":"PH1307605143","brgy":"Barangay 143","city":"Pasay City","cityPsgc":"PH1307605","cLng":121.00733,"cLat":14.53938},"geometry":{"type":"Polygon","coordinates":[[[121.00782,14.54161],[121.00794,14.53839],[121.00624,14.53814],[121.00782,14.54161]]]}},{"type":"Feature","id":"PH1307605144","properties":{"psgc":"PH1307605144","brgy":"Barangay 144","city":"Pasay City","cityPsgc":"PH1307605","cLng":121.00925,"cLat":14.53917},"geometry":{"type":"Polygon","coordinates":[[[121.009,14.54037],[121.01082,14.53875],[121.00794,14.53839],[121.009,14.54037]]]}},{"type":"Feature","id":"PH1307605145","properties":{"psgc":"PH1307605145","brgy":"Barangay 145","city":"Pasay City","cityPsgc":"PH1307605","cLng":120.99959,"cLat":14.53422},"geometry":{"type":"Polygon","coordinates":[[[120.99948,14.53562],[121.00173,14.53381],[120.99756,14.53322],[120.99948,14.53562]]]}},{"type":"Feature","id":"PH1307605146","properties":{"psgc":"PH1307605146","brgy":"Barangay 146","city":"Pasay City","cityPsgc":"PH1307605","cLng":121.00062,"cLat":14.53616},"geometry":{"type":"Polygon","coordinates":[[[121.00068,14.5375],[121.00171,14.53535],[120.99948,14.53562],[121.00068,14.5375]]]}},{"type":"Feature","id":"PH1307605147","properties":{"psgc":"PH1307605147","brgy":"Barangay 147","city":"Pasay City","cityPsgc":"PH1307605","cLng":121.00212,"cLat":14.53706},"geometry":{"type":"Polygon","coordinates":[[[121.00324,14.53776],[121.00173,14.53582],[121.0014,14.53759],[121.00324,14.53776]]]}},{"type":"Feature","id":"PH1307605148","properties":{"psgc":"PH1307605148","brgy":"Barangay 148","city":"Pasay City","cityPsgc":"PH1307605","cLng":121.00291,"cLat":14.533},"geometry":{"type":"Polygon","coordinates":[[[121.00173,14.53582],[121.00409,14.5318],[121.00292,14.53137],[121.00173,14.53582]]]}},{"type":"Feature","id":"PH1307605149","properties":{"psgc":"PH1307605149","brgy":"Barangay 149","city":"Pasay City","cityPsgc":"PH1307605","cLng":121.00369,"cLat":14.53472},"geometry":{"type":"Polygon","coordinates":[[[121.00337,14.53592],[121.00414,14.53445],[121.0036,14.53378],[121.00337,14.53592]]]}},{"type":"Feature","id":"PH1307605150","properties":{"psgc":"PH1307605150","brgy":"Barangay 150","city":"Pasay City","cityPsgc":"PH1307605","cLng":121.00353,"cLat":14.53653},"geometry":{"type":"Polygon","coordinates":[[[121.00324,14.53776],[121.00395,14.5359],[121.00337,14.53592],[121.00324,14.53776]]]}},{"type":"Feature","id":"PH1307605151","properties":{"psgc":"PH1307605151","brgy":"Barangay 151","city":"Pasay City","cityPsgc":"PH1307605","cLng":121.00452,"cLat":14.53699},"geometry":{"type":"Polygon","coordinates":[[[121.00428,14.53789],[121.00517,14.53645],[121.0041,14.53662],[121.00428,14.53789]]]}},{"type":"Feature","id":"PH1307605152","properties":{"psgc":"PH1307605152","brgy":"Barangay 152","city":"Pasay City","cityPsgc":"PH1307605","cLng":121.0064,"cLat":14.53752},"geometry":{"type":"Polygon","coordinates":[[[121.00794,14.53839],[121.00698,14.53629],[121.00428,14.53789],[121.00794,14.53839]]]}},{"type":"Feature","id":"PH1307605153","properties":{"psgc":"PH1307605153","brgy":"Barangay 153","city":"Pasay City","cityPsgc":"PH1307605","cLng":121.00446,"cLat":14.53593},"geometry":{"type":"Polygon","coordinates":[[[121.0041,14.53662],[121.00532,14.53531],[121.00395,14.53587],[121.0041,14.53662]]]}},{"type":"Feature","id":"PH1307605154","properties":{"psgc":"PH1307605154","brgy":"Barangay 154","city":"Pasay City","cityPsgc":"PH1307605","cLng":121.00432,"cLat":14.53561},"geometry":{"type":"Polygon","coordinates":[[[121.00395,14.53587],[121.00511,14.53557],[121.00393,14.53539],[121.00395,14.53587]]]}},{"type":"Feature","id":"PH1307605155","properties":{"psgc":"PH1307605155","brgy":"Barangay 155","city":"Pasay City","cityPsgc":"PH1307605","cLng":121.00445,"cLat":14.53433},"geometry":{"type":"Polygon","coordinates":[[[121.00393,14.53539],[121.00539,14.53417],[121.00402,14.53344],[121.00393,14.53539]]]}},{"type":"Feature","id":"PH1307605156","properties":{"psgc":"PH1307605156","brgy":"Barangay 156","city":"Pasay City","cityPsgc":"PH1307605","cLng":121.00436,"cLat":14.53325},"geometry":{"type":"Polygon","coordinates":[[[121.0036,14.53378],[121.00539,14.53417],[121.00409,14.5318],[121.0036,14.53378]]]}},{"type":"Feature","id":"PH1307605157","properties":{"psgc":"PH1307605157","brgy":"Barangay 157","city":"Pasay City","cityPsgc":"PH1307605","cLng":121.00618,"cLat":14.5357},"geometry":{"type":"Polygon","coordinates":[[[121.0055,14.53561],[121.00698,14.53629],[121.00607,14.5352],[121.0055,14.53561]]]}},{"type":"Feature","id":"PH1307605158","properties":{"psgc":"PH1307605158","brgy":"Barangay 158","city":"Pasay City","cityPsgc":"PH1307605","cLng":121.00786,"cLat":14.53711},"geometry":{"type":"Polygon","coordinates":[[[121.00794,14.53839],[121.00819,14.53712],[121.00745,14.53583],[121.00794,14.53839]]]}},{"type":"Feature","id":"PH1307605159","properties":{"psgc":"PH1307605159","brgy":"Barangay 159","city":"Pasay City","cityPsgc":"PH1307605","cLng":121.00921,"cLat":14.53776},"geometry":{"type":"Polygon","coordinates":[[[121.00861,14.53847],[121.01056,14.53717],[121.00842,14.53765],[121.00861,14.53847]]]}},{"type":"Feature","id":"PH1307605160","properties":{"psgc":"PH1307605160","brgy":"Barangay 160","city":"Pasay City","cityPsgc":"PH1307605","cLng":121.00969,"cLat":14.53691},"geometry":{"type":"Polygon","coordinates":[[[121.00819,14.53712],[121.01056,14.53717],[121.0103,14.53644],[121.00819,14.53712]]]}},{"type":"Feature","id":"PH1307605161","properties":{"psgc":"PH1307605161","brgy":"Barangay 161","city":"Pasay City","cityPsgc":"PH1307605","cLng":121.00897,"cLat":14.53547},"geometry":{"type":"Polygon","coordinates":[[[121.00745,14.53583],[121.0103,14.53644],[121.00916,14.53414],[121.00745,14.53583]]]}},{"type":"Feature","id":"PH1307605162","properties":{"psgc":"PH1307605162","brgy":"Barangay 162","city":"Pasay City","cityPsgc":"PH1307605","cLng":121.00807,"cLat":14.53435},"geometry":{"type":"Polygon","coordinates":[[[121.0062,14.5354],[121.00916,14.53414],[121.00885,14.53351],[121.0062,14.5354]]]}},{"type":"Feature","id":"PH1307605163","properties":{"psgc":"PH1307605163","brgy":"Barangay 163","city":"Pasay City","cityPsgc":"PH1307605","cLng":121.00794,"cLat":14.53372},"geometry":{"type":"Polygon","coordinates":[[[121.00645,14.53462],[121.00885,14.53351],[121.00854,14.53304],[121.00645,14.53462]]]}},{"type":"Feature","id":"PH1307605164","properties":{"psgc":"PH1307605164","brgy":"Barangay 164","city":"Pasay City","cityPsgc":"PH1307605","cLng":121.00764,"cLat":14.53331},"geometry":{"type":"Polygon","coordinates":[[[121.00623,14.53427],[121.00854,14.53304],[121.00819,14.53261],[121.00623,14.53427]]]}},{"type":"Feature","id":"PH1307605165","properties":{"psgc":"PH1307605165","brgy":"Barangay 165","city":"Pasay City","cityPsgc":"PH1307605","cLng":121.00623,"cLat":14.5333},"geometry":{"type":"Polygon","coordinates":[[[121.0062,14.5354],[121.00807,14.53243],[121.00441,14.53206],[121.0062,14.5354]]]}},{"type":"Feature","id":"PH1307605166","properties":{"psgc":"PH1307605166","brgy":"Barangay 166","city":"Pasay City","cityPsgc":"PH1307605","cLng":121.0099,"cLat":14.53504},"geometry":{"type":"Polygon","coordinates":[[[121.0092,14.53423],[121.01088,14.53682],[121.00959,14.53406],[121.0092,14.53423]]]}},{"type":"Feature","id":"PH1307605167","properties":{"psgc":"PH1307605167","brgy":"Barangay 167","city":"Pasay City","cityPsgc":"PH1307605","cLng":121.00906,"cLat":14.53304},"geometry":{"type":"Polygon","coordinates":[[[121.00842,14.53287],[121.00986,14.53376],[121.00893,14.53248],[121.00842,14.53287]]]}},{"type":"Feature","id":"PH1307605168","properties":{"psgc":"PH1307605168","brgy":"Barangay 168","city":"Pasay City","cityPsgc":"PH1307605","cLng":121.00838,"cLat":14.53135},"geometry":{"type":"Polygon","coordinates":[[[121.00716,14.53174],[121.00853,14.53201],[121.00946,14.53029],[121.00716,14.53174]]]}},{"type":"Feature","id":"PH1307605169","properties":{"psgc":"PH1307605169","brgy":"Barangay 169","city":"Pasay City","cityPsgc":"PH1307605","cLng":121.01174,"cLat":14.53782},"geometry":{"type":"Polygon","coordinates":[[[121.01125,14.53881],[121.013,14.53715],[121.01096,14.5375],[121.01125,14.53881]]]}},{"type":"Feature","id":"PH1307605170","properties":{"psgc":"PH1307605170","brgy":"Barangay 170","city":"Pasay City","cityPsgc":"PH1307605","cLng":121.01226,"cLat":14.53685},"geometry":{"type":"Polygon","coordinates":[[[121.01086,14.53698],[121.013,14.53715],[121.01294,14.53643],[121.01086,14.53698]]]}},{"type":"Feature","id":"PH1307605171","properties":{"psgc":"PH1307605171","brgy":"Barangay 171","city":"Pasay City","cityPsgc":"PH1307605","cLng":121.01212,"cLat":14.53586},"geometry":{"type":"Polygon","coordinates":[[[121.01046,14.53612],[121.01294,14.53643],[121.01295,14.53504],[121.01046,14.53612]]]}},{"type":"Feature","id":"PH1307605172","properties":{"psgc":"PH1307605172","brgy":"Barangay 172","city":"Pasay City","cityPsgc":"PH1307605","cLng":121.01203,"cLat":14.53465},"geometry":{"type":"Polygon","coordinates":[[[121.01006,14.53486],[121.01295,14.53504],[121.01309,14.53404],[121.01006,14.53486]]]}},{"type":"Feature","id":"PH1307605173","properties":{"psgc":"PH1307605173","brgy":"Barangay 173","city":"Pasay City","cityPsgc":"PH1307605","cLng":121.01196,"cLat":14.53391},"geometry":{"type":"Polygon","coordinates":[[[121.00977,14.53431],[121.01309,14.53404],[121.01302,14.53338],[121.00977,14.53431]]]}},{"type":"Feature","id":"PH1307605174","properties":{"psgc":"PH1307605174","brgy":"Barangay 174","city":"Pasay City","cityPsgc":"PH1307605","cLng":121.01185,"cLat":14.53351},"geometry":{"type":"Polygon","coordinates":[[[121.00959,14.53406],[121.01302,14.53338],[121.01294,14.53308],[121.00959,14.53406]]]}},{"type":"Feature","id":"PH1307605175","properties":{"psgc":"PH1307605175","brgy":"Barangay 175","city":"Pasay City","cityPsgc":"PH1307605","cLng":121.01056,"cLat":14.5331},"geometry":{"type":"Polygon","coordinates":[[[121.00911,14.53277],[121.0106,14.53351],[121.01198,14.53301],[121.00911,14.53277]]]}},{"type":"Feature","id":"PH1307605176","properties":{"psgc":"PH1307605176","brgy":"Barangay 176","city":"Pasay City","cityPsgc":"PH1307605","cLng":121.0114,"cLat":14.53229},"geometry":{"type":"Polygon","coordinates":[[[121.011,14.5327],[121.01227,14.53177],[121.01088,14.53239],[121.011,14.5327]]]}},{"type":"Feature","id":"PH1307605177","properties":{"psgc":"PH1307605177","brgy":"Barangay 177","city":"Pasay City","cityPsgc":"PH1307605","cLng":121.01135,"cLat":14.53132},"geometry":{"type":"Polygon","coordinates":[[[121.00959,14.53105],[121.01227,14.53177],[121.01221,14.53115],[121.00959,14.53105]]]}},{"type":"Feature","id":"PH1307605178","properties":{"psgc":"PH1307605178","brgy":"Barangay 178","city":"Pasay City","cityPsgc":"PH1307605","cLng":121.00519,"cLat":14.52981},"geometry":{"type":"Polygon","coordinates":[[[121.00446,14.53052],[121.00635,14.52951],[121.00475,14.5294],[121.00446,14.53052]]]}},{"type":"Feature","id":"PH1307605179","properties":{"psgc":"PH1307605179","brgy":"Barangay 179","city":"Pasay City","cityPsgc":"PH1307605","cLng":121.00784,"cLat":14.53029},"geometry":{"type":"Polygon","coordinates":[[[121.00615,14.53002],[121.00871,14.53115],[121.00865,14.52971],[121.00615,14.53002]]]}},{"type":"Feature","id":"PH1307605180","properties":{"psgc":"PH1307605180","brgy":"Barangay 180","city":"Pasay City","cityPsgc":"PH1307605","cLng":121.01183,"cLat":14.53002},"geometry":{"type":"Polygon","coordinates":[[[121.01158,14.53116],[121.01214,14.52952],[121.01176,14.52939],[121.01158,14.53116]]]}},{"type":"Feature","id":"PH1307605181","properties":{"psgc":"PH1307605181","brgy":"Barangay 181","city":"Pasay City","cityPsgc":"PH1307605","cLng":121.01152,"cLat":14.52951},"geometry":{"type":"Polygon","coordinates":[[[121.011,14.53039],[121.01218,14.52924],[121.01139,14.52891],[121.011,14.53039]]]}},{"type":"Feature","id":"PH1307605182","properties":{"psgc":"PH1307605182","brgy":"Barangay 182","city":"Pasay City","cityPsgc":"PH1307605","cLng":121.00968,"cLat":14.53028},"geometry":{"type":"Polygon","coordinates":[[[121.00878,14.53027],[121.011,14.53039],[121.00928,14.53019],[121.00878,14.53027]]]}},{"type":"Feature","id":"PH1307605183","properties":{"psgc":"PH1307605183","brgy":"Barangay 183","city":"Pasay City","cityPsgc":"PH1307605","cLng":121.02055,"cLat":14.51713},"geometry":{"type":"Polygon","coordinates":[[[121.01584,14.53086],[121.03272,14.51118],[121.02344,14.50525],[121.00986,14.52022],[121.01584,14.53086]]]}},{"type":"Feature","id":"PH1307605184","properties":{"psgc":"PH1307605184","brgy":"Barangay 184","city":"Pasay City","cityPsgc":"PH1307605","cLng":121.00702,"cLat":14.52826},"geometry":{"type":"Polygon","coordinates":[[[121.00635,14.52994],[121.00995,14.52698],[121.00476,14.52787],[121.00635,14.52994]]]}},{"type":"Feature","id":"PH1307605185","properties":{"psgc":"PH1307605185","brgy":"Barangay 185","city":"Pasay City","cityPsgc":"PH1307605","cLng":121.01109,"cLat":14.52641},"geometry":{"type":"Polygon","coordinates":[[[121.00995,14.52698],[121.01177,14.52714],[121.01156,14.52511],[121.00995,14.52698]]]}},{"type":"Feature","id":"PH1307605186","properties":{"psgc":"PH1307605186","brgy":"Barangay 186","city":"Pasay City","cityPsgc":"PH1307605","cLng":121.00492,"cLat":14.53132},"geometry":{"type":"Polygon","coordinates":[[[121.00409,14.5318],[121.00619,14.53164],[121.00446,14.53052],[121.00409,14.5318]]]}},{"type":"Feature","id":"PH1307605187","properties":{"psgc":"PH1307605187","brgy":"Barangay 187","city":"Pasay City","cityPsgc":"PH1307605","cLng":121.00036,"cLat":14.53336},"geometry":{"type":"Polygon","coordinates":[[[120.99998,14.53408],[121.00164,14.53281],[120.99947,14.53318],[120.99998,14.53408]]]}},{"type":"Feature","id":"PH1307605188","properties":{"psgc":"PH1307605188","brgy":"Barangay 188","city":"Pasay City","cityPsgc":"PH1307605","cLng":121.00128,"cLat":14.5319},"geometry":{"type":"Polygon","coordinates":[[[121.00164,14.53281],[121.00172,14.53082],[121.00046,14.53206],[121.00164,14.53281]]]}},{"type":"Feature","id":"PH1307605189","properties":{"psgc":"PH1307605189","brgy":"Barangay 189","city":"Pasay City","cityPsgc":"PH1307605","cLng":121.00054,"cLat":14.53215},"geometry":{"type":"Polygon","coordinates":[[[120.9995,14.53289],[121.00135,14.53267],[121.00079,14.5309],[120.9995,14.53289]]]}},{"type":"Feature","id":"PH1307605190","properties":{"psgc":"PH1307605190","brgy":"Barangay 190","city":"Pasay City","cityPsgc":"PH1307605","cLng":121.00239,"cLat":14.52898},"geometry":{"type":"Polygon","coordinates":[[[120.99833,14.52727],[121.00409,14.5318],[121.00476,14.52787],[120.99833,14.52727]]]}},{"type":"Feature","id":"PH1307605191","properties":{"psgc":"PH1307605191","brgy":"Barangay 191","city":"Pasay City","cityPsgc":"PH1307605","cLng":121.00506,"cLat":14.52054},"geometry":{"type":"Polygon","coordinates":[[[121.0031,14.52818],[121.01156,14.52511],[121.00762,14.5126],[120.99802,14.51695],[121.0031,14.52818]]]}},{"type":"Feature","id":"PH1307605192","properties":{"psgc":"PH1307605192","brgy":"Barangay 192","city":"Pasay City","cityPsgc":"PH1307605","cLng":121.00183,"cLat":14.51563},"geometry":{"type":"Polygon","coordinates":[[[121.00091,14.51446],[121.00108,14.51683],[121.00349,14.51561],[121.00091,14.51446]]]}},{"type":"Feature","id":"PH1307605193","properties":{"psgc":"PH1307605193","brgy":"Barangay 193","city":"Pasay City","cityPsgc":"PH1307605","cLng":121.0009,"cLat":14.51145},"geometry":{"type":"Polygon","coordinates":[[[121.00094,14.51447],[121.00154,14.50965],[121.00022,14.51022],[121.00094,14.51447]]]}},{"type":"Feature","id":"PH1307605194","properties":{"psgc":"PH1307605194","brgy":"Barangay 194","city":"Pasay City","cityPsgc":"PH1307605","cLng":121.00204,"cLat":14.51094},"geometry":{"type":"Polygon","coordinates":[[[121.00237,14.51363],[121.00221,14.50954],[121.00154,14.50965],[121.00237,14.51363]]]}},{"type":"Feature","id":"PH1307605195","properties":{"psgc":"PH1307605195","brgy":"Barangay 195","city":"Pasay City","cityPsgc":"PH1307605","cLng":121.00573,"cLat":14.51306},"geometry":{"type":"Polygon","coordinates":[[[121.00323,14.51243],[121.00633,14.51414],[121.00762,14.5126],[121.00323,14.51243]]]}},{"type":"Feature","id":"PH1307605196","properties":{"psgc":"PH1307605196","brgy":"Barangay 196","city":"Pasay City","cityPsgc":"PH1307605","cLng":121.00368,"cLat":14.51002},"geometry":{"type":"Polygon","coordinates":[[[121.00334,14.51052],[121.00402,14.50985],[121.00385,14.50972],[121.00334,14.51052]]]}},{"type":"Feature","id":"PH1307605197","properties":{"psgc":"PH1307605197","brgy":"Barangay 197","city":"Pasay City","cityPsgc":"PH1307605","cLng":121.0152,"cLat":14.50843},"geometry":{"type":"Polygon","coordinates":[[[121.01578,14.51361],[121.02344,14.50525],[121.01985,14.50222],[121.00472,14.51112],[121.01578,14.51361]]]}},{"type":"Feature","id":"PH1307605198","properties":{"psgc":"PH1307605198","brgy":"Barangay 198","city":"Pasay City","cityPsgc":"PH1307605","cLng":121.00308,"cLat":14.51053},"geometry":{"type":"Polygon","coordinates":[[[121.00323,14.51243],[121.00385,14.50972],[121.00217,14.50945],[121.00323,14.51243]]]}},{"type":"Feature","id":"PH1307605199","properties":{"psgc":"PH1307605199","brgy":"Barangay 199","city":"Pasay City","cityPsgc":"PH1307605","cLng":121.00124,"cLat":14.50889},"geometry":{"type":"Polygon","coordinates":[[[120.99982,14.50893],[121.00217,14.50945],[121.00175,14.50829],[120.99982,14.50893]]]}},{"type":"Feature","id":"PH1307605200","properties":{"psgc":"PH1307605200","brgy":"Barangay 200","city":"Pasay City","cityPsgc":"PH1307605","cLng":121.00082,"cLat":14.50758},"geometry":{"type":"Polygon","coordinates":[[[120.99949,14.50766],[121.00175,14.50829],[121.00122,14.5068],[120.99949,14.50766]]]}},{"type":"Feature","id":"PH1307605201","properties":{"psgc":"PH1307605201","brgy":"Barangay 201","city":"Pasay City","cityPsgc":"PH1307605","cLng":121.02772,"cLat":14.50649},"geometry":{"type":"Polygon","coordinates":[[[121.02445,14.50783],[121.03527,14.50638],[121.02344,14.50525],[121.02445,14.50783]]]}},{"type":"Feature","id":"PH1307606001","properties":{"psgc":"PH1307606001","brgy":"Aguho","city":"Pateros","cityPsgc":"PH1307606","cLng":121.06366,"cLat":14.54236},"geometry":{"type":"Polygon","coordinates":[[[121.06112,14.54495],[121.06669,14.54178],[121.06316,14.54035],[121.06112,14.54495]]]}},{"type":"Feature","id":"PH1307606002","properties":{"psgc":"PH1307606002","brgy":"Magtanggol","city":"Pateros","cityPsgc":"PH1307606","cLng":121.07052,"cLat":14.54804},"geometry":{"type":"Polygon","coordinates":[[[121.06945,14.54851],[121.07301,14.54794],[121.0691,14.54766],[121.06945,14.54851]]]}},{"type":"Feature","id":"PH1307606003","properties":{"psgc":"PH1307606003","brgy":"Martires del 96","city":"Pateros","cityPsgc":"PH1307606","cLng":121.06757,"cLat":14.5393},"geometry":{"type":"Polygon","coordinates":[[[121.06399,14.54009],[121.06938,14.53965],[121.06935,14.53815],[121.06399,14.54009]]]}},{"type":"Feature","id":"PH1307606004","properties":{"psgc":"PH1307606004","brgy":"Poblacion","city":"Pateros","cityPsgc":"PH1307606","cLng":121.06689,"cLat":14.54408},"geometry":{"type":"Polygon","coordinates":[[[121.06517,14.54339],[121.06837,14.54557],[121.06713,14.54329],[121.06517,14.54339]]]}},{"type":"Feature","id":"PH1307606005","properties":{"psgc":"PH1307606005","brgy":"San Pedro","city":"Pateros","cityPsgc":"PH1307606","cLng":121.06706,"cLat":14.54675},"geometry":{"type":"Polygon","coordinates":[[[121.06583,14.54767],[121.06952,14.54717],[121.06583,14.5454],[121.06583,14.54767]]]}},{"type":"Feature","id":"PH1307606006","properties":{"psgc":"PH1307606006","brgy":"San Roque","city":"Pateros","cityPsgc":"PH1307606","cLng":121.06832,"cLat":14.54212},"geometry":{"type":"Polygon","coordinates":[[[121.07027,14.54736],[121.06716,14.54185],[121.07199,14.53782],[121.06669,14.54178],[121.07027,14.54736]]]}},{"type":"Feature","id":"PH1307606007","properties":{"psgc":"PH1307606007","brgy":"Santa Ana","city":"Pateros","cityPsgc":"PH1307606","cLng":121.07166,"cLat":14.54476},"geometry":{"type":"Polygon","coordinates":[[[121.06953,14.54594],[121.07806,14.54689],[121.0674,14.54146],[121.06953,14.54594]]]}},{"type":"Feature","id":"PH1307606008","properties":{"psgc":"PH1307606008","brgy":"Santo Rosario-Kanluran","city":"Pateros","cityPsgc":"PH1307606","cLng":121.06816,"cLat":14.55166},"geometry":{"type":"Polygon","coordinates":[[[121.06807,14.55197],[121.07213,14.55144],[121.06429,14.55157],[121.06807,14.55197]]]}},{"type":"Feature","id":"PH1307606009","properties":{"psgc":"PH1307606009","brgy":"Santo Rosario-Silangan","city":"Pateros","cityPsgc":"PH1307606","cLng":121.07108,"cLat":14.54882},"geometry":{"type":"Polygon","coordinates":[[[121.06888,14.54974],[121.07493,14.54822],[121.06945,14.54851],[121.06888,14.54974]]]}},{"type":"Feature","id":"PH1307606010","properties":{"psgc":"PH1307606010","brgy":"Tabacalera","city":"Pateros","cityPsgc":"PH1307606","cLng":121.06854,"cLat":14.54878},"geometry":{"type":"Polygon","coordinates":[[[121.06672,14.54834],[121.06979,14.55034],[121.0691,14.54766],[121.06672,14.54834]]]}},{"type":"Feature","id":"PH1307607001","properties":{"psgc":"PH1307607001","brgy":"Tanyag (Bagong Tanyag)","city":"Taguig City","cityPsgc":"PH1307607","cLng":121.04885,"cLat":14.47613},"geometry":{"type":"Polygon","coordinates":[[[121.04586,14.48163],[121.05099,14.47598],[121.04971,14.47078],[121.04586,14.48163]]]}},{"type":"Feature","id":"PH1307607002","properties":{"psgc":"PH1307607002","brgy":"Bagumbayan","city":"Taguig City","cityPsgc":"PH1307607","cLng":121.05578,"cLat":14.47728},"geometry":{"type":"Polygon","coordinates":[[[121.05039,14.48608],[121.06273,14.48466],[121.05786,14.46681],[121.05178,14.46743],[121.05039,14.48608]]]}},{"type":"Feature","id":"PH1307607003","properties":{"psgc":"PH1307607003","brgy":"Bambang","city":"Taguig City","cityPsgc":"PH1307607","cLng":121.06735,"cLat":14.52385},"geometry":{"type":"Polygon","coordinates":[[[121.06651,14.52593],[121.07362,14.5245],[121.06193,14.52112],[121.06651,14.52593]]]}},{"type":"Feature","id":"PH1307607004","properties":{"psgc":"PH1307607004","brgy":"Calzada","city":"Taguig City","cityPsgc":"PH1307607","cLng":121.084,"cLat":14.5289},"geometry":{"type":"Polygon","coordinates":[[[121.07622,14.5366],[121.08804,14.53139],[121.09459,14.51962],[121.07579,14.52977],[121.07622,14.5366]]]}},{"type":"Feature","id":"PH1307607005","properties":{"psgc":"PH1307607005","brgy":"Hagonoy","city":"Taguig City","cityPsgc":"PH1307607","cLng":121.07251,"cLat":14.51289},"geometry":{"type":"Polygon","coordinates":[[[121.07601,14.51732],[121.08687,14.50678],[121.06171,14.51152],[121.06202,14.51757],[121.07601,14.51732]]]}},{"type":"Feature","id":"PH1307607006","properties":{"psgc":"PH1307607006","brgy":"Ibayo-Tipas","city":"Taguig City","cityPsgc":"PH1307607","cLng":121.08562,"cLat":14.54223},"geometry":{"type":"Polygon","coordinates":[[[121.08105,14.54749],[121.09077,14.54595],[121.08813,14.5352],[121.08121,14.53989],[121.08105,14.54749]]]}},{"type":"Feature","id":"PH1307607007","properties":{"psgc":"PH1307607007","brgy":"Ligid-Tipas","city":"Taguig City","cityPsgc":"PH1307607","cLng":121.07782,"cLat":14.54192},"geometry":{"type":"Polygon","coordinates":[[[121.07438,14.54311],[121.08337,14.54225],[121.07572,14.5404],[121.07438,14.54311]]]}},{"type":"Feature","id":"PH1307607008","properties":{"psgc":"PH1307607008","brgy":"Lower Bicutan","city":"Taguig City","cityPsgc":"PH1307607","cLng":121.05752,"cLat":14.4891},"geometry":{"type":"Polygon","coordinates":[[[121.05958,14.49761],[121.06315,14.48485],[121.0529,14.48369],[121.05187,14.4891],[121.05958,14.49761]]]}},{"type":"Feature","id":"PH1307607009","properties":{"psgc":"PH1307607009","brgy":"Maharlika Village","city":"Taguig City","cityPsgc":"PH1307607","cLng":121.05475,"cLat":14.4967},"geometry":{"type":"Polygon","coordinates":[[[121.05165,14.50005],[121.05885,14.4954],[121.05375,14.49465],[121.05165,14.50005]]]}},{"type":"Feature","id":"PH1307607010","properties":{"psgc":"PH1307607010","brgy":"Napindan","city":"Taguig City","cityPsgc":"PH1307607","cLng":121.09632,"cLat":14.53537},"geometry":{"type":"Polygon","coordinates":[[[121.09438,14.54666],[121.10258,14.53494],[121.10248,14.52431],[121.08813,14.5352],[121.09438,14.54666]]]}},{"type":"Feature","id":"PH1307607011","properties":{"psgc":"PH1307607011","brgy":"Palingon","city":"Taguig City","cityPsgc":"PH1307607","cLng":121.08678,"cLat":14.53344},"geometry":{"type":"Polygon","coordinates":[[[121.07452,14.5361],[121.08633,14.53874],[121.0995,14.52547],[121.07452,14.5361]]]}},{"type":"Feature","id":"PH1307607012","properties":{"psgc":"PH1307607012","brgy":"Santa Ana","city":"Taguig City","cityPsgc":"PH1307607","cLng":121.08356,"cLat":14.51992},"geometry":{"type":"Polygon","coordinates":[[[121.07505,14.52947],[121.09299,14.51905],[121.08858,14.50962],[121.07373,14.52431],[121.07505,14.52947]]]}},{"type":"Feature","id":"PH1307607013","properties":{"psgc":"PH1307607013","brgy":"Central Signal Village (Signal Village)","city":"Taguig City","cityPsgc":"PH1307607","cLng":121.05558,"cLat":14.51096},"geometry":{"type":"Polygon","coordinates":[[[121.05163,14.51616],[121.06121,14.51193],[121.06015,14.50794],[121.05154,14.50706],[121.05163,14.51616]]]}},{"type":"Feature","id":"PH1307607014","properties":{"psgc":"PH1307607014","brgy":"Tuktukan","city":"Taguig City","cityPsgc":"PH1307607","cLng":121.07139,"cLat":14.52984},"geometry":{"type":"Polygon","coordinates":[[[121.07449,14.53358],[121.07387,14.52749],[121.06827,14.52697],[121.06816,14.53094],[121.07449,14.53358]]]}},{"type":"Feature","id":"PH1307607015","properties":{"psgc":"PH1307607015","brgy":"Upper Bicutan","city":"Taguig City","cityPsgc":"PH1307607","cLng":121.04949,"cLat":14.49802},"geometry":{"type":"Polygon","coordinates":[[[121.04687,14.50026],[121.05393,14.50064],[121.04768,14.49316],[121.04687,14.50026]]]}},{"type":"Feature","id":"PH1307607016","properties":{"psgc":"PH1307607016","brgy":"Ususan","city":"Taguig City","cityPsgc":"PH1307607","cLng":121.06305,"cLat":14.53052},"geometry":{"type":"Polygon","coordinates":[[[121.05562,14.54229],[121.05878,14.53756],[121.05891,14.5312],[121.07452,14.5361],[121.06621,14.52313],[121.05587,14.52662],[121.05562,14.54229]]]}},{"type":"Feature","id":"PH1307607017","properties":{"psgc":"PH1307607017","brgy":"Wawa","city":"Taguig City","cityPsgc":"PH1307607","cLng":121.07842,"cLat":14.51764},"geometry":{"type":"Polygon","coordinates":[[[121.06899,14.52325],[121.0794,14.52289],[121.08687,14.50678],[121.06899,14.52325]]]}},{"type":"Feature","id":"PH1307607018","properties":{"psgc":"PH1307607018","brgy":"Western Bicutan","city":"Taguig City","cityPsgc":"PH1307607","cLng":121.04088,"cLat":14.51729},"geometry":{"type":"Polygon","coordinates":[[[121.04654,14.53558],[121.05074,14.51821],[121.04178,14.51434],[121.05072,14.51601],[121.05293,14.50465],[121.04687,14.50026],[121.03655,14.50392],[121.02554,14.52431],[121.04654,14.53558]]]}},{"type":"Feature","id":"PH1307607019","properties":{"psgc":"PH1307607019","brgy":"Central Bicutan","city":"Taguig City","cityPsgc":"PH1307607","cLng":121.05152,"cLat":14.49159},"geometry":{"type":"Polygon","coordinates":[[[121.04768,14.49316],[121.05885,14.4954],[121.04802,14.48622],[121.04768,14.49316]]]}},{"type":"Feature","id":"PH1307607020","properties":{"psgc":"PH1307607020","brgy":"Fort Bonifacio","city":"Taguig City","cityPsgc":"PH1307607","cLng":121.0347,"cLat":14.53266},"geometry":{"type":"Polygon","coordinates":[[[121.04699,14.54146],[121.04586,14.53478],[121.02554,14.52431],[121.02224,14.53054],[121.04699,14.54146]]]}},{"type":"Feature","id":"PH1307607021","properties":{"psgc":"PH1307607021","brgy":"Katuparan","city":"Taguig City","cityPsgc":"PH1307607","cLng":121.06067,"cLat":14.51871},"geometry":{"type":"Polygon","coordinates":[[[121.0613,14.52365],[121.06241,14.51569],[121.06502,14.51239],[121.05763,14.51882],[121.0613,14.52365]]]}},{"type":"Feature","id":"PH1307607022","properties":{"psgc":"PH1307607022","brgy":"New Lower Bicutan","city":"Taguig City","cityPsgc":"PH1307607","cLng":121.06389,"cLat":14.50329},"geometry":{"type":"Polygon","coordinates":[[[121.06206,14.5115],[121.06933,14.50668],[121.0651,14.4959],[121.0591,14.49772],[121.06206,14.5115]]]}},{"type":"Feature","id":"PH1307607023","properties":{"psgc":"PH1307607023","brgy":"North Daang Hari","city":"Taguig City","cityPsgc":"PH1307607","cLng":121.04745,"cLat":14.48458},"geometry":{"type":"Polygon","coordinates":[[[121.04665,14.48571],[121.04959,14.48633],[121.04611,14.48171],[121.04665,14.48571]]]}},{"type":"Feature","id":"PH1307607024","properties":{"psgc":"PH1307607024","brgy":"North Signal Village","city":"Taguig City","cityPsgc":"PH1307607","cLng":121.05713,"cLat":14.51704},"geometry":{"type":"Polygon","coordinates":[[[121.05546,14.52193],[121.05943,14.5221],[121.05721,14.52059],[121.06167,14.5114],[121.05366,14.51593],[121.05546,14.52193]]]}},{"type":"Feature","id":"PH1307607025","properties":{"psgc":"PH1307607025","brgy":"Pinagsama","city":"Taguig City","cityPsgc":"PH1307607","cLng":121.05255,"cLat":14.52833},"geometry":{"type":"Polygon","coordinates":[[[121.05345,14.54251],[121.06057,14.5248],[121.04295,14.51212],[121.05074,14.51821],[121.04447,14.52506],[121.05345,14.54251]]]}},{"type":"Feature","id":"PH1307607026","properties":{"psgc":"PH1307607026","brgy":"San Miguel","city":"Taguig City","cityPsgc":"PH1307607","cLng":121.0662,"cLat":14.51833},"geometry":{"type":"Polygon","coordinates":[[[121.06193,14.52112],[121.07464,14.51629],[121.06202,14.51757],[121.06193,14.52112]]]}},{"type":"Feature","id":"PH1307607027","properties":{"psgc":"PH1307607027","brgy":"South Daang Hari","city":"Taguig City","cityPsgc":"PH1307607","cLng":121.04976,"cLat":14.46874},"geometry":{"type":"Polygon","coordinates":[[[121.04669,14.46786],[121.05082,14.4709],[121.05177,14.46745],[121.04669,14.46786]]]}},{"type":"Feature","id":"PH1307607028","properties":{"psgc":"PH1307607028","brgy":"South Signal Village","city":"Taguig City","cityPsgc":"PH1307607","cLng":121.05743,"cLat":14.50343},"geometry":{"type":"Polygon","coordinates":[[[121.05136,14.50339],[121.06156,14.5061],[121.05937,14.50079],[121.05136,14.50339]]]}}]}